0,1,2,3,4,5,6,7,8,9,10,11,12,13,14,15,16,17,18,19,20,21,22,23,24,25,26,Unnamed: 27,Unnamed: 28
95.0,0.0,5.0,92.719,101,1.0,1.0,26.982,13.0,1.61,1.0,577.5,41.8,118.0,53.0,3.0,,,800.0,10.0,,2,,,,,,,
95.0,0.0,5.0,92.719,101,1.0,2.0,47.867,22.0,1.54,5.0,658.8,7.6,147.0,74.0,3.0,,,800.0,10.0,,2,,,,,,,
95.0,0.0,5.0,92.719,101,1.0,3.0,180.94788,73.0,1.5,2.0,761.0,31.0,146.0,72.0,5.0,,,800.0,10.0,,2,,,,,,,
95.0,0.0,5.0,92.719,101,1.0,4.0,121.76,51.0,2.05,2.0,834.0,103.2,140.0,76.0,5.0,,,800.0,10.0,,2,,,,,,,
95.0,0.0,5.0,92.719,101,1.0,5.0,92.90638,41.0,1.6,1.0,652.1,88.0,146.0,72.0,5.0,,,800.0,10.0,,2,,,,,,,
95.0,0.0,5.0,92.719,101,1.0,6.0,183.84,74.0,2.36,5.0,770.0,78.6,139.0,66.0,6.0,,,800.0,10.0,,2,,,,,,,
95.0,0.0,5.0,92.719,101,1.0,7.0,95.95,42.0,2.16,7.0,684.3,72.1,139.0,69.0,6.0,,,800.0,10.0,,2,,,,,,,
95.0,0.0,5.0,92.719,101,1.0,1.0,26.982,13.0,1.61,1.0,577.5,41.8,118.0,53.0,3.0,,,700.0,10.0,,2,2.8726,14.1896,1.6465455220589944,101.40306846695061,,,
95.0,0.0,5.0,92.719,101,,,,,,,,,,,,,,700.0,10.0,,2,,,,,,,
95.0,2.0,3.0,92.6391,101,,,,,,,,,,,,,,700.0,10.0,,2,,,,,,,
95.0,2.0,3.0,92.6391,101,1.0,7.0,95.95,42.0,2.16,7.0,684.3,72.1,139.0,69.0,6.0,,,700.0,10.0,,2,,,,,,,
95.0,0.0,5.0,92.719,101,1.0,1.0,26.982,13.0,1.61,1.0,577.5,41.8,118.0,53.0,3.0,,,700.0,20.0,,2,2.8729,14.1885,1.646245953566083,101.41638706660295,,,
95.0,0.0,5.0,92.719,101,1.0,1.0,26.982,13.0,1.61,1.0,577.5,41.8,118.0,53.0,3.0,,,700.0,30.0,,2,2.8734,14.1871,1.6457970812742162,101.44168080226883,,,
95.0,0.0,5.0,92.719,101,1.0,1.0,26.982,13.0,1.61,1.0,577.5,41.8,118.0,53.0,3.0,,,700.0,60.0,,2,2.8737,14.1863,1.6455324726543015,101.45714271882431,,,
95.0,0.0,5.0,92.719,101,1.0,7.0,95.95,42.0,2.16,7.0,684.3,72.1,139.0,69.0,6.0,,,700.0,10.0,,2,2.8751,14.1985,1.6461456413110265,101.64335855140702,,,
95.0,0.0,5.0,92.719,101,1.0,7.0,95.95,42.0,2.16,7.0,684.3,72.1,139.0,69.0,6.0,,,700.0,20.0,,2,2.8756,14.1927,1.6451870913896232,101.63717947737368,,,
95.0,0.0,5.0,92.719,101,1.0,7.0,95.95,42.0,2.16,7.0,684.3,72.1,139.0,69.0,6.0,,,700.0,30.0,,2,2.8759,14.1889,1.6445750315843155,101.63116904554974,,,
95.0,0.0,5.0,92.719,101,1.0,7.0,95.95,42.0,2.16,7.0,684.3,72.1,139.0,69.0,6.0,,,700.0,60.0,,2,2.8761,14.1861,1.6441361566009527,101.62524668507557,,,
95.0,0.0,5.0,92.719,101,1.0,1.0,26.982,13.0,1.61,1.0,577.5,41.8,118.0,53.0,3.0,,,750.0,10.0,,2,,,,,,,
95.0,0.0,5.0,92.719,101,1.0,7.0,95.95,42.0,2.16,7.0,684.3,72.1,139.0,69.0,6.0,,,750.0,10.0,,2,,,,,,,
83.22,5.01,11.77,92.5471225,103,,,,,,,,,,,,500.0,6.0,780.0,12.0,,3,2.8688,14.1837,1.6480409927495818,101.09291348627426,,,
82.91,4.99,11.71,92.3188268,103,0.39,1.0,26.982,13.0,1.61,1.0,577.5,41.8,118.0,53.0,3.0,500.0,6.0,780.0,12.0,,3,2.8739,14.2072,1.647842072909055,101.6207581538099,,,
83.13,4.98,11.73,92.45424419999999,103,,,,,,,,,,,,500.0,6.0,780.0,12.0,,3,2.8762,14.2181,1.6477875901073178,101.86156866407629,,,
90.0,0.0,10.0,92.731,103,,,,,,,,,,,,,,730.0,10.0,,,2.8731,14.1863,1.6458761152297752,101.41478065552029,,,
90.0,0.0,10.0,92.731,103,0.5,7.0,95.95,42.0,2.16,7.0,684.3,72.1,139.0,69.0,6.0,,,730.0,10.0,,,2.8732,14.186,1.6457840271010256,101.41969560091816,,,
90.0,0.0,10.0,92.731,103,0.5,8.0,10.81,5.0,2.04,2.0,800.6,26.7,87.0,27.0,3.0,,,730.0,10.0,,,2.8731,14.1859,1.6458297077488893,101.41192114230951,,,
90.0,0.0,10.0,92.731,103,,,,,,,,,,,,,,730.0,10.0,,,2.8726,14.1861,1.6461393859221614,101.37805643422,,,
100.0,0.0,0.0,92.707,101,,,,,,,,,,,,,,650.0,10.0,,,2.87594,14.1977,1.6455721143927435,101.6970298991226,1.89,,
100.0,0.0,0.0,92.707,101,1.0,6.0,183.84,74.0,2.36,5.0,770.0,78.6,139.0,66.0,6.0,,,770.0,10.0,,,2.87887,14.2044,1.6446730835362484,101.95244220126337,1.4,,
100.0,0.0,0.0,92.707,101,1.5,6.0,183.84,74.0,2.36,5.0,770.0,78.6,139.0,66.0,6.0,,,790.0,10.0,,,2.88035,14.2078,1.6442214777139352,102.08172341437053,1.28,,
100.0,0.0,0.0,92.707,101,2.0,6.0,183.84,74.0,2.36,5.0,770.0,78.6,139.0,66.0,6.0,,,810.0,10.0,,,2.88159,14.2098,1.6437452933970478,102.18401754772712,1.26,,
77.6,9.7,9.7,90.605255,105,0.03,2.0,47.867,22.0,1.54,5.0,658.8,7.6,147.0,74.0,3.0,260.0,2.0,750.0,6.0,,3,2.8749,14.2002,1.64645726807889,101.6413860140198,1.22,,
80.0,10.0,10.0,92.3555,105,,,,,,,,,,,,260.0,2.0,750.0,6.0,,3,2.8773,14.2262,1.6480960159408706,101.99757184829099,1.08,,
80.0,10.0,10.0,92.3555,105,,,,,,,,,,,,500.0,4.0,750.0,12.0,,,2.872954,14.199643,1.647507872849107,101.4998504094057,2.03226,,
80.0,10.0,10.0,92.3555,105,0.25,6.0,183.84,74.0,2.36,5.0,770.0,78.6,139.0,66.0,6.0,500.0,4.0,750.0,12.0,,,2.878856,14.230316,1.6476818106451543,102.13746155016341,1.94545,,
80.0,10.0,10.0,92.3555,105,0.5,6.0,183.84,74.0,2.36,5.0,770.0,78.6,139.0,66.0,6.0,500.0,4.0,750.0,12.0,,,2.879934,14.231806,1.647237517711633,102.22466991372956,1.76528,,
80.0,10.0,10.0,92.3555,105,1.0,6.0,183.84,74.0,2.36,5.0,770.0,78.6,139.0,66.0,6.0,500.0,4.0,750.0,12.0,,,2.880388,14.23324,1.6471438338631232,102.26720578816867,1.4943,,
80.0,10.0,10.0,92.3555,105,2.0,6.0,183.84,74.0,2.36,5.0,770.0,78.6,139.0,66.0,6.0,500.0,4.0,750.0,12.0,,,2.882742,14.240798,1.6466727395884428,102.48882380535471,1.41264,,
80.0,10.0,10.0,92.3555,108,,,,,,,,,,,,550.0,5.0,800.0,16.0,,,2.86991,14.20054,1.649359503724275,101.29127696279423,1.48809,,
80.0,10.0,10.0,92.3555,108,5.0,9.0,39.098,19.0,0.82,3.0,418.8,48.4,243.0,138.0,1.0,550.0,5.0,800.0,16.0,,,2.87666,14.21925,1.647657352624224,101.90239485834438,1.51356,,
80.0,10.0,10.0,92.3555,108,5.0,2.0,47.867,22.0,1.54,5.0,658.8,7.6,147.0,74.0,3.0,550.0,5.0,800.0,16.0,,,2.87084,14.20788,1.6496774463223307,101.40932442592182,1.52509,,
80.0,10.0,10.0,92.3555,108,,,,,,,,,,,,550.0,5.0,800.0,16.0,,,2.87924,14.24974,1.6497108033138375,102.30416293962686,1.54482,,
80.0,10.0,10.0,92.3555,100,,,,,,,,,,,,550.0,4.0,780.0,12.0,,,2.87121,14.20621,1.6492709809917536,101.42354304573904,2.195,,
80.0,10.0,10.0,92.3555,100,0.01,10.0,24.305,12.0,1.31,3.0,737.7,0.0,145.0,72.0,2.0,550.0,4.0,780.0,12.0,,,2.86898,14.19296,1.6490134705249484,101.17160784572016,2.367,,
80.0,10.0,10.0,92.3555,100,0.03,10.0,24.305,12.0,1.31,3.0,737.7,0.0,145.0,72.0,2.0,550.0,4.0,780.0,12.0,,,2.86885,14.21622,1.651790787249246,101.32822854223186,2.386,,
80.0,10.0,10.0,92.3555,100,0.05,10.0,24.305,12.0,1.31,3.0,737.7,0.0,145.0,72.0,2.0,550.0,4.0,780.0,12.0,,,2.8688,14.19893,1.6498106060606064,101.20146379912605,2.344,,
80.0,10.0,10.0,92.3555,100,0.06,10.0,24.305,12.0,1.31,3.0,737.7,0.0,145.0,72.0,2.0,550.0,4.0,780.0,12.0,,,2.8716,14.2047,1.6488717091516927,101.44031449335014,2.296,,
80.0,10.0,10.0,92.3555,110,,,,,,,,,,,,470.0,6.0,780.0,15.0,,,2.8691,14.1817,1.6476363087146955,101.09980005624172,,,
80.0,10.0,10.0,92.3555,110,1.0,11.0,88.90585,39.0,1.22,1.0,600.0,29.6,212.0,90.0,3.0,470.0,6.0,780.0,15.0,,,2.8698,14.1924,1.6484772458011008,101.22545488422219,,,
80.0,10.0,10.0,92.3555,110,2.0,11.0,88.90585,39.0,1.22,1.0,600.0,29.6,212.0,90.0,3.0,470.0,6.0,780.0,15.0,,,2.8703,14.195,1.648492027546482,101.27928123398837,,,
80.0,10.0,10.0,92.3555,110,3.0,11.0,88.90585,39.0,1.22,1.0,600.0,29.6,212.0,90.0,3.0,470.0,6.0,780.0,15.0,,,2.8689,14.1914,1.648878199542217,101.15484616984811,,,
80.0,10.0,10.0,92.3555,110,4.0,11.0,88.90585,39.0,1.22,1.0,600.0,29.6,212.0,90.0,3.0,470.0,6.0,780.0,15.0,,,2.8697,14.1941,1.6487321555098675,101.23052466169126,,,
80.0,10.0,10.0,92.3555,105,,,,,,,,,,,,480.0,6.0,750.0,16.0,,,2.8631,14.1631,1.6489236608338278,100.54534928991175,2.0026,,
80.0,10.0,10.0,92.3555,105,,,,,,,,,,,,480.0,6.0,750.0,16.0,,,2.8642,14.1658,1.6486046132718855,100.64180528314904,1.9726,,
80.0,10.0,10.0,92.3555,105,,,,,,,,,,,,480.0,6.0,750.0,16.0,,,2.8641,14.1651,1.6485807059809365,100.6298049913674,1.953,,
80.0,10.0,10.0,92.3555,105,,,,,,,,,,,,480.0,6.0,750.0,16.0,,,2.8643,14.165,1.6484539561731195,100.64314892757149,1.9271,,
90.0,0.0,10.0,92.731,101,,,,,,,,,,,,,,600.0,10.0,,2,2.8688,14.1793,1.647529745305819,101.06155292313913,2.26,113.2,2.0
90.0,0.0,10.0,92.731,101,2.0,1.0,26.982,13.0,1.61,1.0,577.5,41.8,118.0,53.0,3.0,,,600.0,10.0,,2,2.8668,14.185,1.6493418910748336,100.96126034377086,2.29,104.6,2.6
90.0,0.0,10.0,92.731,101,4.0,1.0,26.982,13.0,1.61,1.0,577.5,41.8,118.0,53.0,3.0,,,600.0,10.0,,2,2.8663,14.1871,1.6498738210701367,100.94098747472563,2.23,79.7,3.7
90.0,0.0,10.0,92.731,101,6.0,1.0,26.982,13.0,1.61,1.0,577.5,41.8,118.0,53.0,3.0,,,600.0,10.0,,2,2.8659,14.1881,1.650220407783477,100.91992925726595,2.22,78.5,4.8
90.0,0.0,10.0,92.731,101,2.0,1.0,26.982,13.0,1.61,1.0,577.5,41.8,118.0,53.0,3.0,,,720.0,10.0,,2,2.8668,14.185,1.6493418910748336,100.96126034377086,2.29,104.6,2.6
90.0,0.0,10.0,92.731,101,4.0,1.0,26.982,13.0,1.61,1.0,577.5,41.8,118.0,53.0,3.0,,,720.0,10.0,,2,2.8663,14.1871,1.6498738210701367,100.94098747472563,2.23,79.7,3.7
94.0,4.0,2.0,92.5616,101,,,,,,,,,,,,,,680.0,10.0,,,2.8754,14.19806,1.6459228860912103,101.66142094465218,,,
94.0,4.0,2.0,92.5616,101,,,,,,,,,,,,,,700.0,10.0,,,2.8755,14.19849,1.6459154929577464,101.67157129709712,,,
94.0,4.0,2.0,92.5616,101,,,,,,,,,,,,,,730.0,10.0,,,2.87569,14.19868,1.6458287692113314,101.68636845246436,,,
94.0,4.0,2.0,92.5616,101,,,,,,,,,,,,,,750.0,10.0,,,2.87599,14.19985,1.6457926951530895,101.71596688133874,,,
94.0,4.0,2.0,92.5616,101,,,,,,,,,,,,,,780.0,10.0,,,2.87775,14.20708,1.645623606405467,101.89235096719047,,,
94.0,4.0,2.0,92.5616,101,1.0,3.0,180.94788,73.0,1.5,2.0,761.0,31.0,146.0,72.0,5.0,,,680.0,10.0,,,2.87506,14.19356,1.6455958020586237,101.60516714487136,,,
94.0,4.0,2.0,92.5616,101,1.0,3.0,180.94788,73.0,1.5,2.0,761.0,31.0,146.0,72.0,5.0,,,700.0,10.0,,,2.87508,14.1994,1.6462614373629025,101.64838721269034,,,
94.0,4.0,2.0,92.5616,101,1.0,3.0,180.94788,73.0,1.5,2.0,761.0,31.0,146.0,72.0,5.0,,,730.0,10.0,,,2.8752,14.20203,1.646497634947134,101.67570137805768,,,
94.0,4.0,2.0,92.5616,101,1.0,3.0,180.94788,73.0,1.5,2.0,761.0,31.0,146.0,72.0,5.0,,,750.0,10.0,,,2.87532,14.20213,1.6464405121285053,101.68490465896356,,,
94.0,4.0,2.0,92.5616,101,1.0,3.0,180.94788,73.0,1.5,2.0,761.0,31.0,146.0,72.0,5.0,,,780.0,10.0,,,2.8761,14.20504,1.6463312587647627,101.76092753973015,,,
100.0,0.0,0.0,92.707,101,,,,,,,,,,,,,,650.0,10.0,,,2.875175,14.796908,1.7154791157639682,105.93273187611103,,75.1,1.7
100.0,0.0,0.0,92.707,101,,,,,,,,,,,,,,680.0,10.0,,,2.875224,14.198863,1.6461167315427714,101.65472512649718,,97.4,
100.0,0.0,0.0,92.707,101,,,,,,,,,,,,,,700.0,10.0,,,2.875344,14.201038,1.646300176025315,101.67878350278053,,132.6,2.55
100.0,0.0,0.0,92.707,101,,,,,,,,,,,,,,730.0,10.0,,,2.876077,14.201723,1.6459599887856502,101.73553831529455,,167.9,
100.0,0.0,0.0,92.707,101,,,,,,,,,,,,,,750.0,10.0,,,2.87663,14.200253,1.6454732331466566,101.76413009034685,,141.0,2.45
100.0,0.0,0.0,92.707,101,,,,,,,,,,,,,,770.0,10.0,,,2.87697,14.198532,1.6450793717000873,101.77585108063245,,203.0,
100.0,0.0,0.0,92.707,101,,,,,,,,,,,,,,800.0,10.0,,,2.878883,14.196934,1.643801201137154,101.89977507978911,,220.3,1.95
100.0,0.0,0.0,92.707,101,0.5,1.0,26.982,13.0,1.61,1.0,577.5,41.8,118.0,53.0,3.0,,,650.0,10.0,,,2.875166,14.197983,1.6460479151464646,101.64432396050323,,61.1,2.5
100.0,0.0,0.0,92.707,101,0.5,1.0,26.982,13.0,1.61,1.0,577.5,41.8,118.0,53.0,3.0,,,680.0,10.0,,,2.875257,14.199633,1.6461871060569542,101.66257142820056,,92.5,
100.0,0.0,0.0,92.707,101,0.5,1.0,26.982,13.0,1.61,1.0,577.5,41.8,118.0,53.0,3.0,,,700.0,10.0,,,2.875376,14.200647,1.646236526979428,101.67824709826024,,130.6,2.6
100.0,0.0,0.0,92.707,101,0.5,1.0,26.982,13.0,1.61,1.0,577.5,41.8,118.0,53.0,3.0,,,730.0,10.0,,,2.876093,14.201281,1.6458996052399326,101.73350390640704,,163.6,
100.0,0.0,0.0,92.707,101,0.5,1.0,26.982,13.0,1.61,1.0,577.5,41.8,118.0,53.0,3.0,,,750.0,10.0,,,2.876535,14.200863,1.645598263188176,101.7617799215608,,177.8,3.05
100.0,0.0,0.0,92.707,101,0.5,1.0,26.982,13.0,1.61,1.0,577.5,41.8,118.0,53.0,3.0,,,770.0,10.0,,,2.876745,14.198823,1.645241757611467,101.76201805565354,,190.4,
100.0,0.0,0.0,92.707,101,0.5,1.0,26.982,13.0,1.61,1.0,577.5,41.8,118.0,53.0,3.0,,,800.0,10.0,,,2.878629,14.196688,1.643917758534821,101.88002953538954,,206.8,2.05
100.0,0.0,0.0,92.707,101,0.5,5.0,92.90638,41.0,1.6,1.0,652.1,88.0,146.0,72.0,5.0,,,650.0,10.0,,,2.876168,14.195157,1.645146945519177,101.69493709835172,,32.2,3.3
100.0,0.0,0.0,92.707,101,0.5,5.0,92.90638,41.0,1.6,1.0,652.1,88.0,146.0,72.0,5.0,,,680.0,10.0,,,2.876225,14.198465,1.6454977154661639,101.72266757137494,,51.0,
100.0,0.0,0.0,92.707,101,0.5,5.0,92.90638,41.0,1.6,1.0,652.1,88.0,146.0,72.0,5.0,,,700.0,10.0,,,2.876317,14.199264,1.6455376789136942,101.7348998293617,,67.2,2.75
100.0,0.0,0.0,92.707,101,0.5,5.0,92.90638,41.0,1.6,1.0,652.1,88.0,146.0,72.0,5.0,,,730.0,10.0,,,2.876474,14.199739,1.6455029085377908,101.7494099172343,,89.2,
100.0,0.0,0.0,92.707,101,0.5,5.0,92.90638,41.0,1.6,1.0,652.1,88.0,146.0,72.0,5.0,,,750.0,10.0,,,2.876821,14.201218,1.6454757989229547,101.78456068913921,,91.7,2.5
100.0,0.0,0.0,92.707,101,0.5,5.0,92.90638,41.0,1.6,1.0,652.1,88.0,146.0,72.0,5.0,,,770.0,10.0,,,2.877027,14.202028,1.6454518269496023,101.80494450243481,,95.7,
100.0,0.0,0.0,92.707,101,0.5,5.0,92.90638,41.0,1.6,1.0,652.1,88.0,146.0,72.0,5.0,,,800.0,10.0,,,2.877425,14.203734,1.6454218615602494,101.84534585184437,,106.6,2.9
100.0,0.0,0.0,92.707,101,0.5,3.0,180.94788,73.0,1.5,2.0,761.0,31.0,146.0,72.0,5.0,,,650.0,10.0,,,2.876154,14.19494,1.6451298041296352,101.6923924971201,,38.6,4.0
100.0,0.0,0.0,92.707,101,0.5,3.0,180.94788,73.0,1.5,2.0,761.0,31.0,146.0,72.0,5.0,,,680.0,10.0,,,2.876468,14.201701,1.645733703046004,101.76304425752221,,68.1,
100.0,0.0,0.0,92.707,101,0.5,3.0,180.94788,73.0,1.5,2.0,761.0,31.0,146.0,72.0,5.0,,,700.0,10.0,,,2.876547,14.203506,1.645897668280755,101.78156855708859,,83.0,3.1
100.0,0.0,0.0,92.707,101,0.5,3.0,180.94788,73.0,1.5,2.0,761.0,31.0,146.0,72.0,5.0,,,730.0,10.0,,,2.877321,14.206092,1.6457545056669036,101.85489030228581,,101.6,
100.0,0.0,0.0,92.707,101,0.5,3.0,180.94788,73.0,1.5,2.0,761.0,31.0,146.0,72.0,5.0,,,750.0,10.0,,,2.877482,14.206043,1.645656746650949,101.86593780710987,,102.5,3.0
100.0,0.0,0.0,92.707,101,0.5,3.0,180.94788,73.0,1.5,2.0,761.0,31.0,146.0,72.0,5.0,,,770.0,10.0,,,2.87772,14.206283,1.6455484434436523,101.88451064280989,,106.9,
100.0,0.0,0.0,92.707,101,0.5,3.0,180.94788,73.0,1.5,2.0,761.0,31.0,146.0,72.0,5.0,,,800.0,10.0,,,2.878498,14.209857,1.6455175581153783,101.96525348600045,,119.5,3.3
100.0,0.0,0.0,92.707,101,0.5,7.0,95.95,42.0,2.16,7.0,684.3,72.1,139.0,69.0,6.0,,,650.0,10.0,,,2.875549,14.194215,1.6453918886445684,101.64442322895844,,33.9,3.0
100.0,0.0,0.0,92.707,101,0.5,7.0,95.95,42.0,2.16,7.0,684.3,72.1,139.0,69.0,6.0,,,680.0,10.0,,,2.875551,14.197541,1.6457762935404956,101.66838205736421,,48.7,
100.0,0.0,0.0,92.707,101,0.5,7.0,95.95,42.0,2.16,7.0,684.3,72.1,139.0,69.0,6.0,,,700.0,10.0,,,2.87581,14.199797,1.645889563867803,101.70285545547077,,54.4,3.65
100.0,0.0,0.0,92.707,101,0.5,7.0,95.95,42.0,2.16,7.0,684.3,72.1,139.0,69.0,6.0,,,730.0,10.0,,,2.876237,14.200867,1.64576922323624,101.74072526912634,,57.7,
100.0,0.0,0.0,92.707,101,0.5,7.0,95.95,42.0,2.16,7.0,684.3,72.1,139.0,69.0,6.0,,,750.0,10.0,,,2.876786,14.2019,1.645574841738894,101.78697202798995,,79.1,3.25
100.0,0.0,0.0,92.707,101,0.5,7.0,95.95,42.0,2.16,7.0,684.3,72.1,139.0,69.0,6.0,,,770.0,10.0,,,2.876988,14.202052,1.6454769131234939,101.80235649016203,,94.5,
100.0,0.0,0.0,92.707,101,0.5,7.0,95.95,42.0,2.16,7.0,684.3,72.1,139.0,69.0,6.0,,,800.0,10.0,,,2.877846,14.205402,1.6453743529014409,101.88711389373235,,105.1,3.1
80.0,10.0,10.0,92.3555,102,,,,,,,,,,,,480.0,3.0,800.0,12.0,2,,2.8717,14.208,1.6491973395549675,101.47094768794244,,,
90.0,5.0,5.0,92.53125,102,,,,,,,,,,,,480.0,3.0,750.0,12.0,2,,2.8758,14.204,1.6463824558963305,101.7322509916228,,,
90.0,5.0,5.0,92.53125,102,,10.0,24.305,12.0,1.31,3.0,737.7,0.0,145.0,72.0,2.0,480.0,3.0,800.0,12.0,2,,2.8755,14.203,1.6464383005854053,101.70386619511444,,,
90.0,5.0,5.0,92.53125,102,,10.0,24.305,12.0,1.31,3.0,737.7,0.0,145.0,72.0,2.0,480.0,3.0,750.0,12.0,2,,2.8747,14.202,1.6467805336208998,101.64012674915095,,,
90.0,5.0,5.0,92.53125,102,,10.0,24.305,12.0,1.31,3.0,737.7,0.0,145.0,72.0,2.0,480.0,3.0,800.0,12.0,2,,2.8749,14.201,1.6465500249284035,101.64711220863757,,,
90.0,5.0,5.0,92.53125,102,,10.0,24.305,12.0,1.31,3.0,737.7,0.0,145.0,72.0,2.0,480.0,3.0,750.0,12.0,2,,2.8766,14.206,1.6461563419777978,101.80319174559088,,,
80.0,10.0,10.0,92.3555,105,0.1,8.0,10.81,5.0,2.04,2.0,800.6,26.7,87.0,27.0,3.0,650.0,5.0,800.0,10.0,1.5,,2.8708,14.1982,1.648576471134643,101.33740906147878,1.6121,,
80.0,10.0,10.0,92.3555,105,0.2,8.0,10.81,5.0,2.04,2.0,800.6,26.7,87.0,27.0,3.0,650.0,5.0,800.0,10.0,1.5,,2.8721,14.2029,1.6483757529333936,101.46278407892201,1.7181,,
80.0,10.0,10.0,92.3555,105,0.3,8.0,10.81,5.0,2.04,2.0,800.6,26.7,87.0,27.0,3.0,650.0,5.0,800.0,10.0,1.5,,2.8732,14.2088,1.6484291614460067,101.58269920022035,1.6987,,
80.0,10.0,10.0,92.3555,105,,,,,,,,,,,,650.0,5.0,800.0,10.0,1.5,,2.8701,14.1966,1.6487927249921608,101.27658180060249,1.5249,,
80.0,10.0,10.0,92.3555,105,0.1,8.0,10.81,5.0,2.04,2.0,800.6,26.7,87.0,27.0,3.0,650.0,5.0,800.0,10.0,1.5,,2.8708,14.1982,1.648576471134643,101.33740906147878,1.6121,,
80.0,10.0,10.0,92.3555,105,0.2,8.0,10.81,5.0,2.04,2.0,800.6,26.7,87.0,27.0,3.0,650.0,5.0,800.0,10.0,1.5,,2.8721,14.2029,1.6483757529333936,101.46278407892201,1.7181,,
80.0,10.0,10.0,92.3555,105,0.3,8.0,10.81,5.0,2.04,2.0,800.6,26.7,87.0,27.0,3.0,650.0,5.0,800.0,10.0,1.5,,2.8732,14.2088,1.6484291614460067,101.58269920022035,1.6987,,
80.0,10.0,10.0,92.3555,105,,,,,,,,,,,,650.0,5.0,800.0,10.0,1.5,,2.8701,14.1966,1.6487927249921608,101.27658180060249,1.5249,,
83.0,7.0,10.0,92.46815000000001,105,,,,,,,,,,,,,,800.0,15.0,,,,,,,,,
83.0,7.0,10.0,92.46815000000001,105,,,,,,,,,,,,,,800.0,15.0,,,,,,,,,
83.0,7.0,10.0,92.46815000000001,105,,,,,,,,,,,,,,800.0,15.0,,,,,,,,,
83.0,7.0,10.0,92.46815000000001,105,,,,,,,,,,,,,,800.0,15.0,,,,,,,,,
83.0,7.0,10.0,92.46815000000001,105,0.6,6.0,183.84,74.0,2.36,5.0,770.0,78.6,139.0,66.0,6.0,,,800.0,15.0,,,,,,,,,
83.0,7.0,10.0,92.46815000000001,105,0.6,8.0,10.81,5.0,2.04,2.0,800.6,26.7,87.0,27.0,3.0,,,800.0,15.0,,,,,,,,,
90.0,5.0,5.0,92.53125,105,,,,,,,,,,,,,,,,,,,,,,,,
90.0,5.0,5.0,92.53125,105,,,,,,,,,,,,500.0,10.0,730.0,15.0,,,,,,,,,
90.0,5.0,5.0,92.53125,105,,,,,,,,,,,,500.0,10.0,750.0,15.0,,,,,,,,,
90.0,5.0,5.0,92.53125,105,,,,,,,,,,,,500.0,10.0,770.0,15.0,,,,,,,,,
90.0,5.0,5.0,92.53125,105,,,,,,,,,,,,500.0,10.0,730.0,15.0,,,,,,,,,
90.0,5.0,5.0,92.53125,105,,,,,,,,,,,,500.0,10.0,730.0,15.0,,,,,,,,,
90.0,5.0,5.0,92.53125,105,,,,,,,,,,,,500.0,10.0,730.0,15.0,,,,,,,,,
90.0,0.0,10.0,92.731,101,,,,,,,,,,,,500.0,5.0,730.0,10.0,,,2.87051,14.17868,1.6464762939918922,101.17764369599253,2.3,700.0,2.0
90.0,0.0,10.0,92.731,101,1.0,1.0,26.982,13.0,1.61,1.0,577.5,41.8,118.0,53.0,3.0,500.0,5.0,730.0,10.0,,,2.86937,14.18335,1.6476729502759608,101.13059406554783,2.35,700.0,2.0
90.0,0.0,10.0,92.731,101,1.0,10.0,24.305,12.0,1.31,3.0,737.7,0.0,145.0,72.0,2.0,500.0,5.0,730.0,10.0,,,2.87034,14.18482,1.647286848712464,101.20946921572609,2.35,700.0,2.0
90.0,0.0,10.0,92.731,101,1.0,2.0,47.867,22.0,1.54,5.0,658.8,7.6,147.0,74.0,3.0,500.0,5.0,730.0,10.0,,,2.87047,14.19017,1.647833513907711,101.25681314078746,2.4,400.0,3.0
90.0,0.0,10.0,92.731,101,1.0,3.0,180.94788,73.0,1.5,2.0,761.0,31.0,146.0,72.0,5.0,500.0,5.0,730.0,10.0,,,2.87259,14.18928,1.6465141214026366,101.40007566767154,2.05,250.0,7.5
90.0,0.0,10.0,92.731,101,1.0,7.0,95.95,42.0,2.16,7.0,684.3,72.1,139.0,69.0,6.0,500.0,5.0,730.0,10.0,,,2.87348,14.19297,1.646432200676532,101.48930393188915,2.05,250.0,7.5
90.0,0.0,10.0,92.731,101,,,,,,,,,,,,500.0,5.0,730.0,10.0,,,2.87051,14.17868,1.6464762939918922,101.17764369599253,2.3,700.0,2.0
90.0,0.0,10.0,92.731,101,1.0,1.0,26.982,13.0,1.61,1.0,577.5,41.8,118.0,53.0,3.0,500.0,5.0,730.0,10.0,,,2.86937,14.18335,1.6476729502759608,101.13059406554783,2.35,700.0,2.0
90.0,0.0,10.0,92.731,101,1.0,10.0,24.305,12.0,1.31,3.0,737.7,0.0,145.0,72.0,2.0,500.0,5.0,730.0,10.0,,,2.87034,14.18482,1.647286848712464,101.20946921572609,2.35,700.0,2.0
90.0,0.0,10.0,92.731,101,1.0,2.0,47.867,22.0,1.54,5.0,658.8,7.6,147.0,74.0,3.0,500.0,5.0,730.0,10.0,,,2.87047,14.19017,1.647833513907711,101.25681314078746,2.4,400.0,3.0
90.0,0.0,10.0,92.731,101,1.0,3.0,180.94788,73.0,1.5,2.0,761.0,31.0,146.0,72.0,5.0,500.0,5.0,730.0,10.0,,,2.87259,14.18928,1.6465141214026366,101.40007566767154,2.05,250.0,7.5
90.0,0.0,10.0,92.731,101,1.0,7.0,95.95,42.0,2.16,7.0,684.3,72.1,139.0,69.0,6.0,500.0,5.0,730.0,10.0,,,2.87348,14.19297,1.646432200676532,101.48930393188915,2.05,250.0,7.5
90.0,7.0,3.0,92.45135,101,1.0,3.0,180.94788,73.0,1.5,2.0,761.0,31.0,146.0,72.0,5.0,500.0,5.0,730.0,10.0,,,,,,,,,
90.0,10.0,0.0,92.3315,101,1.0,3.0,180.94788,73.0,1.5,2.0,761.0,31.0,146.0,72.0,5.0,500.0,5.0,730.0,10.0,,,,,,,,,
90.0,0.0,10.0,92.731,101,1.0,1.0,26.982,13.0,1.61,1.0,577.5,41.8,118.0,53.0,3.0,500.0,5.0,730.0,10.0,,,,,,,,,
90.0,0.0,10.0,92.731,101,1.0,1.0,26.982,13.0,1.61,1.0,577.5,41.8,118.0,53.0,3.0,500.0,5.0,750.0,10.0,,,,,,,,,
90.0,0.0,10.0,92.731,101,1.0,1.0,26.982,13.0,1.61,1.0,577.5,41.8,118.0,53.0,3.0,500.0,5.0,770.0,10.0,,,,,,,,,
90.0,0.0,10.0,92.731,101,1.0,1.0,26.982,13.0,1.61,1.0,577.5,41.8,118.0,53.0,3.0,500.0,5.0,790.0,10.0,,,,,,,,,
90.0,0.0,10.0,92.731,101,1.0,1.0,26.982,13.0,1.61,1.0,577.5,41.8,118.0,53.0,3.0,500.0,5.0,850.0,10.0,,,,,,,,,
90.0,0.0,10.0,92.731,101,1.0,3.0,180.94788,73.0,1.5,2.0,761.0,31.0,146.0,72.0,5.0,500.0,5.0,730.0,10.0,,,,,,,,,
90.0,0.0,10.0,92.731,101,1.0,3.0,180.94788,73.0,1.5,2.0,761.0,31.0,146.0,72.0,5.0,500.0,5.0,750.0,10.0,,,,,,,,,
90.0,0.0,10.0,92.731,101,1.0,3.0,180.94788,73.0,1.5,2.0,761.0,31.0,146.0,72.0,5.0,500.0,5.0,770.0,10.0,,,,,,,,,
90.0,0.0,10.0,92.731,101,1.0,3.0,180.94788,73.0,1.5,2.0,761.0,31.0,146.0,72.0,5.0,500.0,5.0,790.0,10.0,,,,,,,,,
90.0,0.0,10.0,92.731,101,1.0,3.0,180.94788,73.0,1.5,2.0,761.0,31.0,146.0,72.0,5.0,500.0,5.0,850.0,10.0,,,,,,,,,
84.0,6.0,10.0,92.50569999999999,105,,,,,,,,,,,,500.0,5.0,760.0,15.0,,,,,,,,,
84.0,6.0,10.0,92.50569999999999,105,0.5,12.0,50.9415,23.0,1.63,1.0,650.9,50.6,134.0,79.0,5.0,500.0,5.0,760.0,15.0,,,,,,,,,
84.0,6.0,10.0,92.50569999999999,105,1.0,12.0,50.9415,23.0,1.63,1.0,650.9,50.6,134.0,79.0,5.0,500.0,5.0,760.0,15.0,,,,,,,,,
84.0,6.0,10.0,92.50569999999999,105,2.0,12.0,50.9415,23.0,1.63,1.0,650.9,50.6,134.0,79.0,5.0,500.0,5.0,760.0,15.0,,,,,,,,,
94.0,0.0,6.0,92.72140000000002,103,,,,,,,,,,,,500.0,3.0,680.0,12.0,,,2.871,14.176,1.6458841286427495,101.1930582279008,,,
94.0,0.0,6.0,92.72140000000002,103,2.0,1.0,26.982,13.0,1.61,1.0,577.5,41.8,118.0,53.0,3.0,500.0,3.0,680.0,12.0,,,2.871,14.186,1.6470451642865436,101.26444159290355,,,
95.0,0.0,5.0,92.719,102,,,,,,,,,,,,450.0,4.0,740.0,12.0,,,2.8722,14.1817,1.6458579950328436,101.31839034321366,,,
95.0,0.0,5.0,92.719,102,1.0,13.0,127.6,52.0,2.1,8.0,869.3,190.2,140.0,221.0,6.0,450.0,4.0,740.0,12.0,,,2.8742,14.1888,1.6455361491893397,101.51033684054111,,,
95.0,0.0,5.0,92.719,102,,,,,,,,,,,,450.0,4.0,740.0,12.0,,,2.8722,14.1817,1.6458579950328436,101.31839034321366,,,
95.0,0.0,5.0,92.719,102,1.0,13.0,127.6,52.0,2.1,8.0,869.3,190.2,140.0,221.0,6.0,450.0,4.0,740.0,12.0,,,2.8742,14.1888,1.6455361491893397,101.51033684054111,,,
85.0,5.0,10.0,92.54325,105,,,,,,,,,,,,,,760.0,6.0,,,2.87,14.188,1.647851335656214,101.20817763195382,,,
85.0,5.0,10.0,92.54325,105,1.0,6.0,183.84,74.0,2.36,5.0,770.0,78.6,139.0,66.0,6.0,,,760.0,6.0,,,2.877,14.174,1.6422199049936275,101.60212327489813,,,
85.0,5.0,10.0,92.54325,105,,,,,,,,,,,,,,760.0,6.0,,,2.87,14.188,1.647851335656214,101.20817763195382,,,
85.0,5.0,10.0,92.54325,105,1.0,6.0,183.84,74.0,2.36,5.0,770.0,78.6,139.0,66.0,6.0,,,760.0,6.0,,,2.877,14.174,1.6422199049936275,101.60212327489813,,,
85.0,5.0,10.0,92.54325,105,,,,,,,,,,,,,,760.0,6.0,,,2.87,14.188,1.647851335656214,101.20817763195382,,,
85.0,5.0,10.0,92.54325,105,1.0,6.0,183.84,74.0,2.36,5.0,770.0,78.6,139.0,66.0,6.0,,,760.0,6.0,,,2.877,14.174,1.6422199049936275,101.60212327489813,,,
100.0,0.0,0.0,92.707,105,1.0,10.0,24.305,12.0,1.31,3.0,737.7,0.0,145.0,72.0,2.0,500.0,12.0,700.0,6.0,,,2.87792,14.19937,1.6446333926354217,101.84908748127036,,,
100.0,0.0,0.0,92.707,101,1.7,10.0,24.305,12.0,1.31,3.0,737.7,0.0,145.0,72.0,2.0,500.0,12.0,700.0,6.0,,,2.87778,14.20061,1.6448570309984314,101.84807196432456,,,
100.0,0.0,0.0,92.707,101,3.0,10.0,24.305,12.0,1.31,3.0,737.7,0.0,145.0,72.0,2.0,500.0,12.0,700.0,6.0,,,2.87764,14.20289,1.6452011602099867,101.85451344812975,,,
100.0,0.0,0.0,92.707,101,5.0,10.0,24.305,12.0,1.31,3.0,737.7,0.0,145.0,72.0,2.0,500.0,12.0,700.0,6.0,,,2.87876,14.21035,1.6454248820093835,101.98735427220811,,,
100.0,0.0,0.0,92.707,101,,,,,,,,,,,,500.0,12.0,700.0,6.0,,,2.87771,14.19726,1.6445090019494668,101.81909192020494,,,
50.0,20.0,30.0,92.02799999999999,105,,,,,,,,,,,,,,900.0,12.0,,,2.8667,14.2136,1.652724968314322,101.15776232238989,,,
50.0,20.0,30.0,92.02799999999999,105,0.01,1.0,26.982,13.0,1.61,1.0,577.5,41.8,118.0,53.0,3.0,,,900.0,12.0,,,2.8676,14.2298,1.6540893662528477,101.33665653528594,,,
80.0,10.0,10.0,92.3555,105,,,,,,,,,,,,450.0,5.0,800.0,15.0,,,2.8734,14.1956,1.6467831372821975,101.50245814836629,,,
80.0,10.0,10.0,92.3555,105,,,,,,,,,,,,450.0,5.0,800.0,15.0,,,2.8733,14.1997,1.6473160941542246,101.52470739009007,,,
80.0,10.0,10.0,92.3555,105,,,,,,,,,,,,450.0,5.0,800.0,15.0,,,2.8733,14.1999,1.6473392962795392,101.52613734575661,,,
80.0,20.0,0.0,91.956,110,,,,,,,,,,,,550.0,5.0,780.0,15.0,,5,2.8761,14.2129,1.647242214572975,101.8172343780398,1.3295,,
80.0,20.0,0.0,91.956,110,0.5,5.0,92.90638,41.0,1.6,1.0,652.1,88.0,146.0,72.0,5.0,550.0,5.0,780.0,15.0,,5,2.8776,14.2226,1.6475071819108518,101.993026092359,1.4632,,
80.0,20.0,0.0,91.956,110,1.0,5.0,92.90638,41.0,1.6,1.0,652.1,88.0,146.0,72.0,5.0,550.0,5.0,780.0,15.0,,5,2.8782,14.234,1.6484840062075834,102.11734877309968,1.5378,,
80.0,20.0,0.0,91.956,110,1.5,5.0,92.90638,41.0,1.6,1.0,652.1,88.0,146.0,72.0,5.0,550.0,5.0,780.0,15.0,,5,2.8787,14.2443,1.6493903498106788,102.22675122343914,1.3965,,
80.0,20.0,0.0,91.956,110,,,,,,,,,,,,550.0,5.0,780.0,15.0,,5,,,,,,,
80.0,20.0,0.0,91.956,110,1.0,5.0,92.90638,41.0,1.6,1.0,652.1,88.0,146.0,72.0,5.0,550.0,5.0,780.0,15.0,,5,,,,,,,
100.0,0.0,0.0,92.707,103,,,,,,,,,,,,480.0,10.0,700.0,16.0,,,2.8775,14.1975,1.6446568201563856,101.80595299572374,1.6799,,
100.0,0.0,0.0,92.707,103,1.0,5.0,92.90638,41.0,1.6,1.0,652.1,88.0,146.0,72.0,5.0,480.0,10.0,700.0,16.0,,,2.8803,14.2118,1.6447129349951972,102.10691800226543,1.7039,,
100.0,0.0,0.0,92.707,103,,,,,,,,,,,,480.0,10.0,700.0,16.0,,,,,,,,,
100.0,0.0,0.0,92.707,103,1.0,5.0,92.90638,41.0,1.6,1.0,652.1,88.0,146.0,72.0,5.0,480.0,10.0,700.0,16.0,,,,,,,,,
100.0,0.0,0.0,92.707,103,,,,,,,,,,,,480.0,10.0,700.0,16.0,,,,,,,,,
100.0,0.0,0.0,92.707,103,1.0,5.0,92.90638,41.0,1.6,1.0,652.1,88.0,146.0,72.0,5.0,480.0,10.0,700.0,16.0,,,,,,,,,
90.0,5.0,5.0,92.53125,101,,,,,,,,,,,,,,750.0,28.0,,,2.8702,14.1792,1.6467145146679674,101.15950143465085,,,
90.0,5.0,5.0,92.53125,101,,,,,,,,,,,,,,750.0,28.0,,,,,,,,,
90.0,5.0,5.0,92.53125,101,,,,,,,,,,,,,,750.0,28.0,,,,,,,,,
90.0,5.0,5.0,92.53125,101,0.5,1.0,26.982,13.0,1.61,1.0,577.5,41.8,118.0,53.0,3.0,,,750.0,28.0,,,,,,,,,
90.0,5.0,5.0,92.53125,101,0.5,1.0,26.982,13.0,1.61,1.0,577.5,41.8,118.0,53.0,3.0,,,750.0,28.0,,,,,,,,,
90.0,5.0,5.0,92.53125,101,1.0,1.0,26.982,13.0,1.61,1.0,577.5,41.8,118.0,53.0,3.0,,,750.0,28.0,,,2.8703,14.1829,1.6470868318061993,101.19294947612072,,,
90.0,5.0,5.0,92.53125,101,1.0,1.0,26.982,13.0,1.61,1.0,577.5,41.8,118.0,53.0,3.0,,,750.0,28.0,,,,,,,,,
90.0,5.0,5.0,92.53125,101,2.0,1.0,26.982,13.0,1.61,1.0,577.5,41.8,118.0,53.0,3.0,,,750.0,28.0,,,2.8703,14.1836,1.6471681241217528,101.19794387533621,,,
90.0,5.0,5.0,92.53125,101,2.0,1.0,26.982,13.0,1.61,1.0,577.5,41.8,118.0,53.0,3.0,,,750.0,28.0,,,,,,,,,
90.0,5.0,5.0,92.53125,101,3.0,1.0,26.982,13.0,1.61,1.0,577.5,41.8,118.0,53.0,3.0,,,750.0,28.0,,,2.8705,14.186,1.647332055971666,101.22917317642116,,,
90.0,5.0,5.0,92.53125,101,3.0,1.0,26.982,13.0,1.61,1.0,577.5,41.8,118.0,53.0,3.0,,,750.0,28.0,,,,,,,,,
90.0,5.0,5.0,92.53125,101,5.0,1.0,26.982,13.0,1.61,1.0,577.5,41.8,118.0,53.0,3.0,,,750.0,28.0,,,,,,,,,
90.0,5.0,5.0,92.53125,101,5.0,1.0,26.982,13.0,1.61,1.0,577.5,41.8,118.0,53.0,3.0,,,750.0,28.0,,,,,,,,,
100.0,0.0,0.0,92.707,101,,,,,,,,,,,,450.0,3.0,700.0,3.0,,,2.878,14.2196,1.646930738939078,101.99986352454302,1.75,,
100.0,0.0,0.0,92.707,101,2.0,14.0,63.546,29.0,1.9,2.0,745.5,119.0,128.0,73.0,2.0,450.0,3.0,700.0,3.0,,,2.8781,14.2214,1.6470819869589892,102.01986452955371,1.82,,
80.0,10.0,10.0,92.3555,105,,,,,,,,,,,,,,800.0,16.0,,5,2.8731,14.2124,1.6489042033575816,101.60136389252425,,,
80.0,10.0,10.0,92.3555,105,0.5,3.0,180.94788,73.0,1.5,2.0,761.0,31.0,146.0,72.0,5.0,,,800.0,16.0,,5,2.8756,14.22,1.6483516483516485,101.83268103801629,,,
80.0,10.0,10.0,92.3555,105,0.7,3.0,180.94788,73.0,1.5,2.0,761.0,31.0,146.0,72.0,5.0,,,800.0,16.0,,5,2.8746,14.2212,1.649064217630279,101.77045550730955,,,
80.0,10.0,10.0,92.3555,105,1.3,3.0,180.94788,73.0,1.5,2.0,761.0,31.0,146.0,72.0,5.0,,,800.0,16.0,,5,2.8755,14.2285,1.6493943082362488,101.88646484244074,,,
80.0,10.0,10.0,92.3555,105,0.5,3.0,180.94788,73.0,1.5,2.0,761.0,31.0,146.0,72.0,5.0,,,800.0,16.0,,5,,,,,,,
80.0,10.0,10.0,92.3555,105,0.7,3.0,180.94788,73.0,1.5,2.0,761.0,31.0,146.0,72.0,5.0,,,800.0,16.0,,5,,,,,,,
80.0,10.0,10.0,92.3555,100,,,,,,,,,,,,500.0,5.0,800.0,15.0,,,2.8744,14.2139,1.6483324056034883,101.70406130955885,1.318,,
80.0,10.0,10.0,92.3555,100,5.0,15.0,22.99,11.0,0.93,1.0,495.8,52.8,186.0,102.0,1.0,500.0,5.0,800.0,15.0,,,2.8754,14.2142,1.6477939301198672,101.77698710890606,1.346,,
80.0,10.0,10.0,92.3555,100,10.0,15.0,22.99,11.0,0.93,1.0,495.8,52.8,186.0,102.0,1.0,500.0,5.0,800.0,15.0,,3ㄴ,2.8754,14.2206,1.6485358558809207,101.82281260154701,1.383,,
80.0,10.0,10.0,92.3555,100,15.0,15.0,22.99,11.0,0.93,1.0,495.8,52.8,186.0,102.0,1.0,500.0,5.0,800.0,15.0,,,2.8754,14.2207,1.6485474484709373,101.82352862486954,1.281,,
88.0,4.0,8.0,92.576,103,,,,,,,,,,,,500.0,5.0,750.0,12.0,,5,2.87498,14.19225,1.645489707754489,101.59013562757053,1.36,,
88.0,4.0,8.0,92.576,103,0.5,1.0,26.982,13.0,1.61,1.0,577.5,41.8,118.0,53.0,3.0,500.0,5.0,751.0,13.0,,5,2.87351,14.19538,1.646694576783562,101.50865658557079,1.39,,
88.0,4.0,8.0,92.576,103,0.5,15.0,22.99,11.0,0.93,1.0,495.8,52.8,186.0,102.0,1.0,500.0,5.0,752.0,14.0,,5,2.87502,14.19832,1.6461705773640993,101.63641365163508,1.42,,
88.0,4.0,8.0,92.576,103,,,,,,,,,,,,500.0,5.0,753.0,15.0,,5,2.87448,14.20837,1.6476452552577625,101.67015186610634,1.44,,
94.0,0.0,6.0,92.72140000000002,105,,,,,,,,,,,,640.0,15.0,680.0,15.0,,,2.8711,14.176,1.6458268027353047,101.20010767551899,1.49,,
94.0,0.0,6.0,92.72140000000002,105,0.02,10.0,24.305,12.0,1.31,3.0,737.7,0.0,145.0,72.0,2.0,640.0,15.0,680.0,15.0,,,2.8744,14.1917,1.6457579552834214,101.5452146762582,1.33,,
76.0,14.0,10.0,92.2053,105,,,,,,,,,,,,500.0,10.0,750.0,20.0,,,2.875,14.229,1.6497391304347826,101.85461443542816,,,
76.0,14.0,10.0,92.2053,105,1.0,1.0,26.982,13.0,1.61,1.0,577.5,41.8,118.0,53.0,3.0,500.0,10.0,750.0,20.0,,,2.873,14.231,1.6511196194454114,101.72724952902013,,,
70.0,15.0,15.0,92.17975000000001,103,,,,,,,,,,,,,,820.0,12.0,,,2.8722,14.2158,1.649815472460135,101.56201114401354,,,
70.0,15.0,15.0,92.17975000000001,103,1.6,1.0,26.982,13.0,1.61,1.0,577.5,41.8,118.0,53.0,3.0,,,820.0,12.0,,,2.8693,14.2243,1.6524704050929957,101.4176286493115,,,
92.0,3.6,4.4,92.58238,101,,,,,,,,,,,,,,750.0,10.0,,2,,,,,2.329,,45327.0
92.0,3.6,4.4,92.58238,101,1.0,1.0,26.982,13.0,1.61,1.0,577.5,41.8,118.0,53.0,3.0,,,750.0,10.0,,2,,,,,2.46,,2.5
92.0,3.6,4.4,92.58238,101,1.0,5.0,92.90638,41.0,1.6,1.0,652.1,88.0,146.0,72.0,5.0,,,770.0,10.0,,2,,,,,2.122,,5.0
92.0,3.6,4.4,92.58238,101,,,,,,,,,,,,,,770.0,10.0,,2,,,,,2.338,,5.0
85.0,5.0,10.0,92.54325,102,,,,,,,,,,,,,,760.0,6.0,,,2.87,14.19,1.6480836236933798,101.22244436125068,1.6,,
85.0,5.0,10.0,92.54325,102,5.0,16.0,144.24,60.0,1.14,7.0,533.1,0.0,181.0,98.0,3.0,,,760.0,6.0,,,2.87,14.18,1.6469221835075494,101.15111071476636,1.07,,
85.0,5.0,10.0,92.54325,102,5.0,11.0,88.90585,39.0,1.22,1.0,600.0,29.6,212.0,90.0,3.0,,,760.0,6.0,,,2.87,14.16,1.6445993031358885,101.00844342179772,0.97,,
90.0,10.0,0.0,92.3315,105,,,,,,,,,,,,,,770.0,20.0,,,2.87521,14.20716,1.6470866475840025,101.71313578158295,,,
90.0,10.0,0.0,92.3315,105,0.5,5.0,92.90638,41.0,1.6,1.0,652.1,88.0,146.0,72.0,5.0,,,770.0,20.0,,,2.87652,14.20811,1.6464466322732558,101.81264927058928,,,
90.0,10.0,0.0,92.3315,105,1.0,5.0,92.90638,41.0,1.6,1.0,652.1,88.0,146.0,72.0,5.0,,,770.0,20.0,,,2.877,14.20894,1.6462681033483952,101.85258032211311,,,
90.0,10.0,0.0,92.3315,105,2.0,5.0,92.90638,41.0,1.6,1.0,652.1,88.0,146.0,72.0,5.0,,,770.0,20.0,,,2.8794,14.21707,1.645837095691232,102.08095728237274,,,
80.0,10.0,10.0,92.3555,105,,,,,,,,,,,,450.0,5.0,775.0,15.0,,2,2.8696,14.206,1.6501719171080753,101.3083330342561,,,
80.0,10.0,10.0,92.3555,105,5.0,17.0,79.904,35.0,2.96,2.0,1139.9,324.6,120.0,196.0,7.0,450.0,5.0,775.0,15.0,,2,2.8707,14.205,1.649423485561013,101.37887985638218,,,
80.0,10.0,10.0,92.3555,105,5.0,18.0,35.453,17.0,3.16,2.0,1251.2,348.7,99.0,181.0,7.0,450.0,5.0,775.0,15.0,,2,2.8719,14.2064,1.6488967814571074,101.47365360023758,,,
80.0,10.0,10.0,92.3555,105,5.0,19.0,18.998,9.0,3.98,1.0,1681.0,328.0,64.0,133.0,1.0,450.0,5.0,775.0,15.0,,2,2.8778,14.2253,1.647705423124146,102.02656901347895,,,
92.5,3.0,4.5,92.60515000000001,105,,,,,,,,,,,,,,750.0,15.0,,,2.882,14.2272,1.6455239417071477,102.33825828007717,1.575,,
92.5,3.0,4.5,92.60515000000001,105,0.4,5.0,92.90638,41.0,1.6,1.0,652.1,88.0,146.0,72.0,5.0,,,750.0,15.0,,,2.8841,14.2339,1.6451001467817805,102.53571664601769,1.541,,
92.5,3.0,4.5,92.60515000000001,105,2.0,19.0,18.998,9.0,3.98,1.0,1681.0,328.0,64.0,133.0,1.0,,,750.0,15.0,,,2.8833,14.2337,1.6455334743754262,102.4774013015384,1.532,,
92.5,3.0,4.5,92.60515000000001,105,,,,,,,,,,,,,,750.0,15.0,,,2.8864,14.2381,1.6442742978566147,102.72962487527275,1.497,,
83.0,5.0,12.0,92.54805,101,,,,,,,,,,,,,,760.0,12.0,,,2.8703,14.1902,1.6479345945255435,101.2450339250822,,,
83.0,5.0,12.0,92.54805,101,0.5,20.0,91.224,40.0,1.33,5.0,640.1,41.1,160.0,86.0,4.0,,,760.0,12.0,,,2.8722,14.1949,1.6473899217788919,101.41269516932975,,,
83.0,5.0,12.0,92.54805,101,1.0,20.0,91.224,40.0,1.33,5.0,640.1,41.1,160.0,86.0,4.0,,,760.0,12.0,,,2.8734,14.2065,1.6480476091041971,101.58039615689127,,,
83.0,5.0,12.0,92.54805,101,5.0,20.0,91.224,40.0,1.33,5.0,640.1,41.1,160.0,86.0,4.0,,,760.0,12.0,,,2.8756,14.2243,1.6488500950526268,101.86347432412482,,,
80.0,10.0,10.0,92.3555,105,,,,,,,,,,,,,,600.0,5.0,,,,,,,,,
80.0,10.0,10.0,92.3555,105,3.0,21.0,87.62,38.0,0.95,4.0,549.5,5.03,219.0,132.0,2.0,,,600.0,5.0,,,,,,,,,
80.0,10.0,10.0,92.3555,105,,,,,,,,,,,,,,600.0,5.0,,,,,,,,,
80.0,10.0,10.0,92.3555,105,3.0,21.0,87.62,38.0,0.95,4.0,549.5,5.03,219.0,132.0,2.0,,,600.0,5.0,,,,,,,,,
80.0,10.0,10.0,92.3555,105,,,,,,,,,,,,480.0,6.0,750.0,15.0,,,2.869,14.1919,1.6488788195654698,101.16546231100212,,,
80.0,10.0,10.0,92.3555,105,0.5,5.0,92.90638,41.0,1.6,1.0,652.1,88.0,146.0,72.0,5.0,480.0,6.0,750.0,15.0,,,2.869,14.1918,1.648867201115371,101.16474947154926,,,
80.0,10.0,10.0,92.3555,105,1.0,5.0,92.90638,41.0,1.6,1.0,652.1,88.0,146.0,72.0,5.0,480.0,6.0,750.0,15.0,,,2.8716,14.2032,1.6486975901936205,101.42960251268599,,,
80.0,10.0,10.0,92.3555,105,3.0,5.0,92.90638,41.0,1.6,1.0,652.1,88.0,146.0,72.0,5.0,480.0,6.0,750.0,15.0,,,2.8776,14.2264,1.6479473635436939,102.02027663017566,,,
83.0,6.0,11.0,92.50810000000001,105,,,,,,,,,,,,500.0,4.0,750.0,12.0,100*10^-3,3,2.8746,14.2129,1.6481017648832301,101.71105863639073,,,
83.0,6.0,11.0,92.50810000000001,105,0.5,7.0,95.95,42.0,2.16,7.0,684.3,72.1,139.0,69.0,6.0,500.0,4.0,750.0,12.0,100*10^-3,3,2.8761,14.2145,1.6474276508698122,101.82869632985857,,,
83.0,6.0,11.0,92.50810000000001,105,0.5,19.0,18.998,9.0,3.98,1.0,1681.0,328.0,64.0,133.0,1.0,500.0,4.0,750.0,12.0,100*10^-3,3,,,,,,,
83.0,6.0,11.0,92.50810000000001,105,,,,,,,,,,,,500.0,4.0,750.0,12.0,100*10^-3,3,2.876,14.2191,1.6480180806675937,101.85456624683022,,,
88.0,9.5,2.5,92.35627500000001,105,,,,,,,,,,,,,,760.0,16.0,,,2.874635,14.186884,1.6450649676683589,101.52735391836131,1.086,,
88.0,9.5,2.5,92.35627500000001,105,1.0,1.0,26.982,13.0,1.61,1.0,577.5,41.8,118.0,53.0,3.0,,,760.0,16.0,,,2.873081,14.186968,1.6459645005947736,101.41821465857673,1.094,,
88.0,9.5,2.5,92.35627500000001,105,2.0,1.0,26.982,13.0,1.61,1.0,577.5,41.8,118.0,53.0,3.0,,,760.0,16.0,,,2.872607,14.189713,1.6465546221022693,101.40437020423671,1.265,,
88.0,9.5,2.5,92.35627500000001,105,3.0,1.0,26.982,13.0,1.61,1.0,577.5,41.8,118.0,53.0,3.0,,,760.0,16.0,,,2.871737,14.190898,1.647190997411439,101.3514199641787,1.288,,
80.0,10.0,10.0,92.3555,105,,,,,,,,,,,,500.0,6.0,850.0,12.0,,5,,,,,,,
80.0,10.0,10.0,92.3555,105,,,,,,,,,,,,500.0,6.0,850.0,12.0,,5,,,,,,,
80.0,10.0,10.0,92.3555,105,,,,,,,,,,,,450.0,6.0,750.0,15.0,,,2.865745,14.157043,1.6466972230025119,100.68812870944744,,,
80.0,10.0,10.0,92.3555,105,,,,,,,,,,,,450.0,6.0,750.0,15.0,,,2.875008,14.220396,1.648736977427541,101.7935914290019,,,
80.0,10.0,10.0,92.3555,105,,,,,,,,,,,,450.0,6.0,750.0,15.0,,,2.865745,14.157043,1.6466972230025119,100.68812870944744,,,
80.0,10.0,10.0,92.3555,105,,,,,,,,,,,,450.0,6.0,750.0,15.0,,,2.875008,14.220396,1.648736977427541,101.7935914290019,,,
92.0,4.0,4.0,92.5664,100,,,,,,,,,,,,,,780.0,10.0,,,2.8796,14.2278,1.646964856230032,102.17219255032428,1.39,,
92.0,4.0,4.0,92.5664,100,1.0,6.0,183.84,74.0,2.36,5.0,770.0,78.6,139.0,66.0,6.0,,,780.0,10.0,,,2.8792,14.2979,1.6553093451884784,102.6470693031988,1.08,,
92.0,4.0,4.0,92.5664,100,2.0,6.0,183.84,74.0,2.36,5.0,770.0,78.6,139.0,66.0,6.0,,,780.0,10.0,,,,,,,,,
92.0,4.0,4.0,92.5664,100,0.5,6.0,183.84,74.0,2.36,5.0,770.0,78.6,139.0,66.0,6.0,,,780.0,10.0,,,,,,,,,
92.0,4.0,4.0,92.5664,100,0.25,6.0,183.84,74.0,2.36,5.0,770.0,78.6,139.0,66.0,6.0,,,780.0,10.0,,,,,,,,,
90.0,5.0,5.0,92.53125,105,,,,,,,,,,,,450.0,5.0,850.0,12.0,,,2.8566,14.2284,1.6602954561366663,100.55080719029675,1.0388,,
90.0,5.0,5.0,92.53125,105,1.0,10.0,24.305,12.0,1.31,3.0,737.7,0.0,145.0,72.0,2.0,450.0,5.0,850.0,12.0,,,2.8631,14.2214,1.655711175532348,100.95922717424511,1.4904,,
90.0,5.0,5.0,92.53125,105,3.0,10.0,24.305,12.0,1.31,3.0,737.7,0.0,145.0,72.0,2.0,450.0,5.0,850.0,12.0,,,2.8746,14.2189,1.6487975138570006,101.75399613344048,1.2799,,
90.0,5.0,5.0,92.53125,105,5.0,10.0,24.305,12.0,1.31,3.0,737.7,0.0,145.0,72.0,2.0,450.0,5.0,850.0,12.0,,,2.8751,14.2153,1.648093399649867,101.76362536999093,1.2481,,
92.0,6.0,2.0,92.4865,105,1.0,10.0,24.305,12.0,1.31,3.0,737.7,0.0,145.0,72.0,2.0,480.0,5.0,730.0,15.0,,2,2.8728,14.1954,1.6471038707880814,101.45864328181132,1.3,,
92.0,6.0,2.0,92.4865,105,,,,,,,,,,,,480.0,5.0,730.0,15.0,,2,2.8765,14.2018,1.645726867141781,101.76601785341428,1.44,,
92.0,6.0,2.0,92.4865,105,,,,,,,,,,,,480.0,5.0,730.0,15.0,,2,2.8779,14.2031,1.645076850017953,101.87442602493611,1.4,,
92.0,6.0,2.0,92.4865,105,,,,,,,,,,,,480.0,5.0,730.0,15.0,,2,2.8802,14.2112,1.6447005994954056,102.09551761040929,1.31,,
90.0,10.0,0.0,92.3315,103,,,,,,,,,,,,,,730.0,12.0,,,2.87702,14.21201,1.6466123512059931,101.87600311350072,,,
90.0,10.0,0.0,92.3315,103,1.0,10.0,24.305,12.0,1.31,3.0,737.7,0.0,145.0,72.0,2.0,,,730.0,12.0,,,2.87148,14.18921,1.647142472406796,101.32122677456599,,,
90.0,10.0,0.0,92.3315,103,1.0,22.0,55.845,26.0,1.83,4.0,762.5,15.7,126.0,64.0,3.0,,,730.0,12.0,,,2.88039,14.22417,1.6460930637865014,102.20217888928003,,,
90.0,10.0,0.0,92.3315,103,,,,,,,,,,,,,,730.0,12.0,,,2.88033,14.22377,1.6460810624708515,102.19504716315193,,,
18.75,62.5,18.75,90.405125,116,2.5,1.0,26.982,13.0,1.61,1.0,577.5,41.8,118.0,53.0,3.0,,,900.0,8.0,,,2.854,14.165,1.6544031768278435,99.92062643527144,1.21,,
18.75,62.5,18.75,90.405125,116,,,,,,,,,,,,,,900.0,8.0,,,2.852,14.244,1.664796633941094,100.33712181222434,1.34,,
18.75,62.5,18.75,90.405125,116,,,,,,,,,,,,,,900.0,8.0,,,2.855,14.234,1.6618797431406889,100.47773080009917,1.32,,
18.75,62.5,18.75,90.405125,116,,,,,,,,,,,,,,900.0,8.0,,,2.857,14.251,1.6626998016567491,100.73872561129325,1.41,,
80.0,15.0,5.0,92.15575,106,,,,,,,,,,,,480.0,5.0,800.0,15.0,,,2.87632,14.22009,1.6479494632029814,101.88432650387753,1.43,,
80.0,15.0,5.0,92.15575,106,1.0,10.0,24.305,12.0,1.31,3.0,737.7,0.0,145.0,72.0,2.0,480.0,5.0,800.0,15.0,,,2.87546,14.2188,1.648292794891948,101.8141730926299,1.47,,
80.0,15.0,5.0,92.15575,106,2.0,10.0,24.305,12.0,1.31,3.0,737.7,0.0,145.0,72.0,2.0,480.0,5.0,800.0,15.0,,,2.87255,14.20491,1.6483507684809664,101.50894445638495,1.53,,
80.0,15.0,5.0,92.15575,106,3.0,10.0,24.305,12.0,1.31,3.0,737.7,0.0,145.0,72.0,2.0,480.0,5.0,800.0,15.0,,,2.87224,14.20269,1.6482710358465866,101.47117554463134,1.45,,
80.0,15.0,5.0,92.15575,106,,,,,,,,,,,,480.0,5.0,800.0,15.0,,,2.87632,14.22009,1.6479494632029814,101.88432650387753,1.43,,
80.0,15.0,5.0,92.15575,106,,,,,,,,,,,,480.0,5.0,800.0,15.0,,,2.87632,14.22009,1.6479494632029814,101.88432650387753,1.43,,
80.0,15.0,5.0,92.15575,106,,,,,,,,,,,,480.0,5.0,800.0,15.0,,,2.87632,14.22009,1.6479494632029814,101.88432650387753,1.43,,
80.0,15.0,5.0,92.15575,106,2.0,10.0,24.305,12.0,1.31,3.0,737.7,0.0,145.0,72.0,2.0,480.0,5.0,800.0,15.0,,,2.87255,14.20491,1.6483507684809664,101.50894445638495,1.53,,
80.0,15.0,5.0,92.15575,106,2.0,10.0,24.305,12.0,1.31,3.0,737.7,0.0,145.0,72.0,2.0,480.0,5.0,800.0,15.0,,,2.87255,14.20491,1.6483507684809664,101.50894445638495,1.53,,
80.0,15.0,5.0,92.15575,106,2.0,10.0,24.305,12.0,1.31,3.0,737.7,0.0,145.0,72.0,2.0,480.0,5.0,800.0,15.0,,,2.87255,14.20491,1.6483507684809664,101.50894445638495,1.53,,
92.0,4.0,4.0,92.5664,104,,,,,,,,,,,,,,745.0,15.0,,,2.874,14.193,1.6461377870563674,101.52625392601662,1.78,,
92.0,4.0,4.0,92.5664,104,0.1,3.0,180.94788,73.0,1.5,2.0,761.0,31.0,146.0,72.0,5.0,,,745.0,15.0,,,2.874,14.198,1.6467176989097658,101.56202023825718,1.66,,
92.0,4.0,4.0,92.5664,104,0.2,3.0,180.94788,73.0,1.5,2.0,761.0,31.0,146.0,72.0,5.0,,,745.0,15.0,,,2.874,14.198,1.6467176989097658,101.56202023825718,1.53,,
92.0,4.0,4.0,92.5664,104,0.3,3.0,180.94788,73.0,1.5,2.0,761.0,31.0,146.0,72.0,5.0,,,745.0,15.0,,,2.874,14.203,1.647297610763164,101.59778655049772,1.46,,
92.0,4.0,4.0,92.5664,104,,,,,,,,,,,,,,745.0,15.0,,,2.874,14.193,1.6461377870563674,101.52625392601662,1.78,,
92.0,4.0,4.0,92.5664,104,0.1,3.0,180.94788,73.0,1.5,2.0,761.0,31.0,146.0,72.0,5.0,,,745.0,15.0,,,2.874,14.198,1.6467176989097658,101.56202023825718,1.66,,
92.0,4.0,4.0,92.5664,104,0.2,3.0,180.94788,73.0,1.5,2.0,761.0,31.0,146.0,72.0,5.0,,,745.0,15.0,,,2.874,14.198,1.6467176989097658,101.56202023825718,1.53,,
92.0,4.0,4.0,92.5664,104,0.3,3.0,180.94788,73.0,1.5,2.0,761.0,31.0,146.0,72.0,5.0,,,745.0,15.0,,,2.874,14.203,1.647297610763164,101.59778655049772,1.46,,
92.0,4.0,4.0,92.5664,104,,,,,,,,,,,,,,745.0,15.0,,,2.874,14.193,1.6461377870563674,101.52625392601662,1.78,,
92.0,4.0,4.0,92.5664,104,0.1,3.0,180.94788,73.0,1.5,2.0,761.0,31.0,146.0,72.0,5.0,,,745.0,15.0,,,2.874,14.198,1.6467176989097658,101.56202023825718,1.66,,
92.0,4.0,4.0,92.5664,104,0.2,3.0,180.94788,73.0,1.5,2.0,761.0,31.0,146.0,72.0,5.0,,,745.0,15.0,,,2.874,14.198,1.6467176989097658,101.56202023825718,1.53,,
92.0,4.0,4.0,92.5664,104,0.3,3.0,180.94788,73.0,1.5,2.0,761.0,31.0,146.0,72.0,5.0,,,745.0,15.0,,,2.874,14.203,1.647297610763164,101.59778655049772,1.46,,
95.0,5.0,0.0,92.51925,105,,,,,,,,,,,,490.0,5.0,680.0,12.0,,,2.874,14.186,1.6453259104616098,101.47618108887985,1.38,,
100.0,0.0,0.0,92.707,105,0.05,10.0,24.305,12.0,1.31,3.0,737.7,0.0,145.0,72.0,2.0,490.0,5.0,680.0,12.0,,,2.877,14.211,1.6465067778936393,101.86734682232098,1.32,,
95.0,0.0,5.0,92.719,105,,,,,,,,,,,,490.0,5.0,680.0,12.0,,,2.877,14.194,1.6445371335882286,101.74548735458617,1.15,,
83.0,6.0,11.0,92.50810000000001,105,,,,,,,,,,,,500.0,5.0,750.0,15.0,,,2.8689,14.1852,1.6481578305273799,101.11065320465418,1.43,,
83.0,6.0,11.0,92.50810000000001,105,,,,,,,,,,,,500.0,5.0,750.0,15.0,,,2.8693,14.185,1.6479048316081737,101.13742415377092,1.71,,
83.0,6.0,11.0,92.50810000000001,105,0.5,2.0,47.867,22.0,1.54,5.0,658.8,7.6,147.0,74.0,3.0,500.0,5.0,750.0,15.0,,,2.8694,14.1929,1.6487651309216793,101.20080392087203,1.81,,
83.0,6.0,11.0,92.50810000000001,105,,,,,,,,,,,,500.0,5.0,750.0,15.0,,,2.8696,14.2062,1.6501951491497073,101.30975930953463,1.98,,
100.0,0.0,0.0,92.707,105,,,,,,,,,,,,500.0,5.0,750.0,18.0,,,2.88044,14.19331,1.6424932764901659,101.98398703613599,1.58,,
100.0,0.0,0.0,92.707,105,5.0,2.0,47.867,22.0,1.54,5.0,658.8,7.6,147.0,74.0,3.0,500.0,5.0,750.0,18.0,,,2.88177,14.24471,1.647680649970909,102.44785638074279,1.43,,
100.0,0.0,0.0,92.707,105,,,,,,,,,,,,500.0,5.0,750.0,18.0,,,2.88067,14.20321,1.6435077024905087,102.07142069344235,1.8,,
100.0,0.0,0.0,92.707,105,5.0,1.0,26.982,13.0,1.61,1.0,577.5,41.8,118.0,53.0,3.0,500.0,5.0,750.0,18.0,,,2.87482,14.19308,1.6456775264770198,101.58476903604736,1.75,,
67.5,16.25,16.25,92.13581250000001,120,,,,,,,,,,,,450.0,5.0,900.0,12.0,,,2.85096,14.22871,1.6636162321931325,100.15633122647311,1.3,,
67.5,16.25,16.25,92.13581250000001,120,0.003,23.0,173.04,70.0,1.1,7.0,603.4,0.0,222.0,102.0,3.0,450.0,5.0,900.0,12.0,,,2.85135,14.23022,1.6635652118002582,100.19436692206432,1.54,,
67.5,16.25,16.25,92.13581250000001,120,0.05,23.0,173.04,70.0,1.1,7.0,603.4,0.0,222.0,102.0,3.0,450.0,5.0,900.0,12.0,,,2.8544,14.25527,1.664712957772795,100.58558463274915,1.49,,
25.0,75.0,0.0,89.89075,120,,,,,,,,,,,,450.0,5.0,900.0,15.0,,,2.8597,14.1788,1.6527141541653554,100.41788245638487,1.52,,
25.0,75.0,0.0,89.89075,120,0.03,24.0,32.065,16.0,2.58,4.0,999.6,200.4,104.0,184.0,6.0,450.0,5.0,900.0,15.0,,,,,,,,,
25.0,75.0,0.0,89.89075,120,0.03,25.0,112.41,48.0,1.69,8.0,867.8,0.0,161.0,95.0,2.0,450.0,5.0,900.0,15.0,,,,,,,,,
25.0,75.0,0.0,89.89075,120,,,,,,,,,,,,450.0,5.0,900.0,15.0,,,2.8619,14.2277,1.6571391965710427,100.91930249652589,1.33,,
25.0,75.0,0.0,89.89075,120,,,,,,,,,,,,450.0,5.0,900.0,15.0,,,2.86,14.2153,1.6567948717948717,100.69750902100151,1.39,,
25.0,75.0,0.0,89.89075,120,,,,,,,,,,,,450.0,5.0,900.0,15.0,,,2.8648,14.2504,1.6581029507586336,101.28527290354772,1.28,,
95.0,2.0,3.0,92.6391,101,1.0,1.0,26.982,13.0,1.61,1.0,577.5,41.8,118.0,53.0,3.0,,,680.0,10.0,,,2.87255,14.19195,1.6468468782092567,101.41633169641995,1.6,,
95.0,2.0,3.0,92.6391,101,1.0,1.0,26.982,13.0,1.61,1.0,577.5,41.8,118.0,53.0,3.0,,,700.0,10.0,,,2.87304,14.19929,1.647417601796935,101.50340374869309,1.5,,
95.0,2.0,3.0,92.6391,101,1.0,1.0,26.982,13.0,1.61,1.0,577.5,41.8,118.0,53.0,3.0,,,730.0,10.0,,,2.87319,14.20196,1.647641355659273,101.53309135708967,1.25,,
95.0,2.0,3.0,92.6391,101,1.0,1.0,26.982,13.0,1.61,1.0,577.5,41.8,118.0,53.0,3.0,,,750.0,10.0,,,2.87296,14.20241,1.647825471522982,101.52005311804731,1.25,,
95.0,2.0,3.0,92.6391,101,,,,,,,,,,,,,,700.0,10.0,,,2.87435,14.19816,1.6465357385147945,101.58790329341238,2.75,,
95.0,2.0,3.0,92.6391,101,,,,,,,,,,,,,,730.0,10.0,,,2.8741,14.19857,1.6467265114876544,101.57316564688387,1.7,,
95.0,2.0,3.0,92.6391,101,,,,,,,,,,,,,,750.0,10.0,,,2.87441,14.20143,1.6468805772315016,101.6155423298633,1.65,,
95.0,2.0,3.0,92.6391,101,,,,,,,,,,,,,,770.0,10.0,,,2.87484,14.20324,1.6468441142231682,101.65890211895669,1.95,,
95.0,2.0,3.0,92.6391,101,,,,,,,,,,,,,,790.0,10.0,,,2.87472,14.20121,1.6466774735162613,101.63588711602323,2.0,,
95.0,2.0,3.0,92.6391,101,,,,,,,,,,,,,,700.0,10.0,,,2.87541,14.19781,1.6458881805841024,101.66033798662872,3.9,,
95.0,2.0,3.0,92.6391,101,,,,,,,,,,,,,,730.0,10.0,,,2.87568,14.20204,1.6462239655779964,101.70972430936006,3.63,,
95.0,2.0,3.0,92.6391,101,,,,,,,,,,,,,,750.0,10.0,,,2.87579,14.20454,1.646450772367477,101.73541106198054,2.5,,
95.0,2.0,3.0,92.6391,101,,,,,,,,,,,,,,770.0,10.0,,,2.87584,14.20521,1.646499805274285,101.7437475682199,2.55,,
95.0,2.0,3.0,92.6391,101,,,,,,,,,,,,,,790.0,10.0,,,2.87596,14.20583,1.6465029648071134,101.75667972959025,2.45,,
95.0,2.0,3.0,92.6391,101,,,,,,,,,,,,,,810.0,10.0,,,2.87709,14.20658,1.6459431810150764,101.84203482616576,3.0,,
95.0,2.0,3.0,92.6391,101,,,,,,,,,,,,,,750.0,10.0,,,2.87723,14.20602,1.6457982156449087,101.84793155473602,3.93,,
95.0,2.0,3.0,92.6391,101,,,,,,,,,,,,,,770.0,10.0,,,2.87696,14.20722,1.6460917079139092,101.83741918524537,3.6,,
95.0,2.0,3.0,92.6391,101,,,,,,,,,,,,,,790.0,10.0,,,2.87724,14.2094,1.6461840745529281,101.87287208612177,3.87,,
95.0,2.0,3.0,92.6391,101,,,,,,,,,,,,,,810.0,10.0,,,2.87764,14.20968,1.6459876843524555,101.90320721019599,3.73,,
95.0,2.0,3.0,92.6391,101,,,,,,,,,,,,,,830.0,10.0,,,2.87876,14.21261,1.6456865687541393,102.00357424009457,4.4,,
80.0,10.0,10.0,92.3555,105,,,,,,,,,,,,,,750.0,20.0,,,2.8721,14.1791,1.6456135464178359,101.29276145952186,1.38,,
80.0,10.0,10.0,92.3555,105,,,,,,,,,,,,,,750.0,20.0,,,2.8721,14.1791,1.6456135464178359,101.29276145952186,1.38,,
80.0,10.0,10.0,92.3555,105,0.25,5.0,92.90638,41.0,1.6,1.0,652.1,88.0,146.0,72.0,5.0,,,750.0,20.0,,,2.8726,14.1873,1.646278632597647,101.38663198829907,1.224,,
80.0,10.0,10.0,92.3555,105,0.5,5.0,92.90638,41.0,1.6,1.0,652.1,88.0,146.0,72.0,5.0,,,750.0,20.0,,,2.8747,14.1963,1.6461195950881835,101.59933328890098,1.201,,
80.0,10.0,10.0,92.3555,105,1.0,5.0,92.90638,41.0,1.6,1.0,652.1,88.0,146.0,72.0,5.0,,,750.0,20.0,,,2.877,14.2,1.6452323021666087,101.78849657849257,1.1024,,
80.0,10.0,10.0,92.3555,105,0.5,5.0,92.90638,41.0,1.6,1.0,652.1,88.0,146.0,72.0,5.0,,,750.0,20.0,,,2.8747,14.1963,1.6461195950881835,101.59933328890098,1.201,,
94.0,1.5,4.5,92.661475,103,0.1,26.0,69.723,31.0,1.81,2.0,578.8,28.9,136.0,62.0,3.0,,,680.0,24.0,,,2.8742,14.1848,1.6450722519889591,101.4817198082789,1.79,,
94.0,1.5,4.5,92.661475,103,0.25,26.0,69.723,31.0,1.81,2.0,578.8,28.9,136.0,62.0,3.0,,,680.0,24.0,,,2.8702,14.1772,1.646482242816993,101.14523271689038,1.234,,
94.0,1.5,4.5,92.661475,103,,,,,,,,,,,,,,680.0,24.0,,,2.8705,14.1632,1.6446844336062243,101.06647578826222,1.11,,
80.0,10.0,10.0,92.3555,103,,,,,,,,,,,,600.0,6.0,800.0,12.0,,,,,,,,,
80.0,10.0,10.0,92.3555,103,2.5,27.0,44.956,21.0,1.36,1.0,633.1,18.1,162.0,88.0,3.0,600.0,6.0,800.0,12.0,,,,,,,,,
80.0,10.0,10.0,92.3555,103,5.0,27.0,44.956,21.0,1.36,1.0,633.1,18.1,162.0,88.0,3.0,600.0,6.0,800.0,12.0,,,,,,,,,
80.0,10.0,10.0,92.3555,103,7.5,27.0,44.956,21.0,1.36,1.0,633.1,18.1,162.0,88.0,3.0,600.0,6.0,800.0,12.0,,,,,,,,,
100.0,0.0,0.0,92.707,103,,,,,,,,,,,,,,750.0,15.0,,,2.8808,14.2171,1.6450407294270113,102.1804630846997,,,
100.0,0.0,0.0,92.707,103,0.05,1.0,26.982,13.0,1.61,1.0,577.5,41.8,118.0,53.0,3.0,,,750.0,15.0,,,2.8805,14.2341,1.6471793091477172,102.28133865105606,,,
100.0,0.0,0.0,92.707,103,0.05,1.0,26.982,13.0,1.61,1.0,577.5,41.8,118.0,53.0,3.0,,,750.0,15.0,,,,,,,,,
100.0,0.0,0.0,92.707,103,0.05,1.0,26.982,13.0,1.61,1.0,577.5,41.8,118.0,53.0,3.0,,,750.0,15.0,,,,,,,,,
100.0,0.0,0.0,92.707,103,0.05,1.0,26.982,13.0,1.61,1.0,577.5,41.8,118.0,53.0,3.0,,,750.0,15.0,,,,,,,,,
100.0,0.0,0.0,92.707,103,0.1,1.0,26.982,13.0,1.61,1.0,577.5,41.8,118.0,53.0,3.0,,,750.0,15.0,,,2.8799,14.247,1.6490155908191253,102.33138960541532,,,
100.0,0.0,0.0,92.707,103,0.1,1.0,26.982,13.0,1.61,1.0,577.5,41.8,118.0,53.0,3.0,,,750.0,15.0,,,,,,,,,
100.0,0.0,0.0,92.707,103,0.1,1.0,26.982,13.0,1.61,1.0,577.5,41.8,118.0,53.0,3.0,,,750.0,15.0,,,,,,,,,
100.0,0.0,0.0,92.707,103,0.1,1.0,26.982,13.0,1.61,1.0,577.5,41.8,118.0,53.0,3.0,,,750.0,15.0,,,,,,,,,
100.0,0.0,0.0,92.707,103,0.2,1.0,26.982,13.0,1.61,1.0,577.5,41.8,118.0,53.0,3.0,,,750.0,15.0,,,2.8754,14.2769,1.6550624840601886,102.22593373212288,,,
100.0,0.0,0.0,92.707,103,0.2,1.0,26.982,13.0,1.61,1.0,577.5,41.8,118.0,53.0,3.0,,,750.0,15.0,,,,,,,,,
100.0,0.0,0.0,92.707,103,0.2,1.0,26.982,13.0,1.61,1.0,577.5,41.8,118.0,53.0,3.0,,,750.0,15.0,,,,,,,,,
100.0,0.0,0.0,92.707,103,0.2,1.0,26.982,13.0,1.61,1.0,577.5,41.8,118.0,53.0,3.0,,,750.0,15.0,,,,,,,,,
80.0,10.0,10.0,92.3555,105,,,,,,,,,,,,,,750.0,12.0,,,2.8706,14.2036,1.6493183771104762,101.36182608520994,1.95,,
80.0,10.0,10.0,92.3555,105,0.1,6.0,183.84,74.0,2.36,5.0,770.0,78.6,139.0,66.0,6.0,,,750.0,12.0,,,2.8713,14.2012,1.64863766702655,101.39413098288011,1.78,,
80.0,10.0,10.0,92.3555,105,,,,,,,,,,,,480.0,8.0,720.0,12.0,,,,14.2211,,,1.804,,
80.0,10.0,10.0,92.3555,105,2.0,19.0,18.998,9.0,3.98,1.0,1681.0,328.0,64.0,133.0,1.0,,,450.0,12.0,,,,14.2218,,,1.727,,
80.0,10.0,10.0,92.3555,105,4.0,19.0,18.998,9.0,3.98,1.0,1681.0,328.0,64.0,133.0,1.0,,,450.0,12.0,,,,14.2279,,,1.688,,
80.0,10.0,10.0,92.3555,105,6.0,19.0,18.998,9.0,3.98,1.0,1681.0,328.0,64.0,133.0,1.0,,,450.0,12.0,,,,14.2333,,,1.483,,
80.0,10.0,10.0,92.3555,105,8.0,19.0,18.998,9.0,3.98,1.0,1681.0,328.0,64.0,133.0,1.0,,,450.0,12.0,,,,14.2386,,,1.34,,
95.0,0.0,3.0,91.54034,105,,,,,,,,,,,,500.0,6.0,700.0,12.0,,,2.868,14.18,1.6480706648070667,101.01018267793663,,,
95.0,0.0,3.0,91.54034,105,,,,,,,,,,,,500.0,6.0,700.0,12.0,,,2.8698,14.1878,1.647942946082189,101.19264597998702,,,
100.0,0.0,0.0,92.707,105,,,,,,,,,,,,500.0,6.0,700.0,12.0,,,2.8683,14.1688,1.6465967065276759,100.9515165560146,,,
95.0,0.0,3.0,91.54034,105,,,,,,,,,,,,500.0,6.0,700.0,12.0,,,2.868,14.18,1.6480706648070667,101.01018267793663,,,
95.0,0.0,3.0,91.54034,105,,,,,,,,,,,,500.0,6.0,700.0,12.0,,,2.8698,14.1878,1.647942946082189,101.19264597998702,,,
100.0,0.0,0.0,92.707,105,,,,,,,,,,,,500.0,6.0,700.0,12.0,,,2.8683,14.1688,1.6465967065276759,100.9515165560146,,,
60.0,20.0,20.0,92.00399999999999,103,2.0,28.0,51.996,24.0,1.66,4.0,652.9,64.3,128.0,80.0,6.0,900.0,16.0,600.0,4.0,,,2.8619,14.256,1.660435375100458,101.12003882500144,,,
60.0,20.0,20.0,92.00399999999999,103,5.0,19.0,18.998,9.0,3.98,1.0,1681.0,328.0,64.0,133.0,1.0,900.0,16.0,600.0,4.0,,,2.8686,14.295,1.6610890329777594,101.87198757463891,,,
16.25,67.5,16.25,90.211375,120,,,,,,,,,,,,,,850.0,12.0,0.4,10,2.86,14.24,1.6596736596736597,100.87247743340355,,,
16.25,67.5,16.25,90.211375,120,1.0,12.0,50.9415,23.0,1.63,1.0,650.9,50.6,134.0,79.0,5.0,,,850.0,12.0,0.4,10,2.86,14.26,1.662004662004662,101.01415226125944,,,
83.0,5.0,12.0,92.54805,105,,,,,,,,,,,,400.0,4.0,750.0,10.0,,,2.8697,14.196,1.6489528522145172,101.24407522120944,1.248,,
83.0,5.0,12.0,92.54805,105,,,,,,,,,,,,400.0,4.0,770.0,10.0,,,2.8685,14.1949,1.649514845157167,101.15158153772603,1.323,,
83.0,5.0,12.0,92.54805,105,,,,,,,,,,,,400.0,4.0,790.0,10.0,,,2.8694,14.1911,1.6485560279733278,101.18796923260837,1.264,,
83.0,5.0,12.0,92.54805,105,0.72,10.0,24.305,12.0,1.31,3.0,737.7,0.0,145.0,72.0,2.0,400.0,4.0,770.0,10.0,,,,,,,,,
83.0,5.0,12.0,92.54805,105,0.96,10.0,24.305,12.0,1.31,3.0,737.7,0.0,145.0,72.0,2.0,400.0,4.0,770.0,10.0,,,,,,,,,
83.0,5.0,12.0,92.54805,105,1.2,10.0,24.305,12.0,1.31,3.0,737.7,0.0,145.0,72.0,2.0,400.0,4.0,770.0,10.0,,,,,,,,,
83.0,5.0,12.0,92.54805,105,1.45,10.0,24.305,12.0,1.31,3.0,737.7,0.0,145.0,72.0,2.0,400.0,4.0,770.0,10.0,,,,,,,,,
82.0,0.0,18.0,92.7502,103,,,,,,,,,,,,,,,,,,2.86538,14.1651,1.647844264984051,100.7197703786662,1.36,,
82.0,0.0,15.0,90.98221000000001,103,3.0,1.0,26.982,13.0,1.61,1.0,577.5,41.8,118.0,53.0,3.0,,,,,,,2.8653,14.1791,1.6495189567119208,100.81368664633398,1.34,,
82.0,0.0,15.0,90.98221000000001,103,3.0,2.0,47.867,22.0,1.54,5.0,658.8,7.6,147.0,74.0,3.0,,,,,,,2.87096,14.206,1.6493902155841018,101.40438264539185,1.29,,
80.0,10.0,10.0,92.3555,105,,,,,,,,,,,,,,,,,,,,,,,,
80.0,10.0,10.0,92.3555,105,1.0,10.0,24.305,12.0,1.31,3.0,737.7,0.0,145.0,72.0,2.0,,,,,,,,,,,,,
80.0,10.0,10.0,92.3555,105,,,,,,,,,,,,,,,,,,,,,,,,
80.0,10.0,10.0,92.3555,105,,,,,,,,,,,,,,,,,,,,,,,,
80.0,10.0,10.0,92.3555,105,,,,,,,,,,,,,,,,,,,,,,,,
80.0,10.0,10.0,92.3555,105,,,,,,,,,,,,,,,,,,,,,,,,
80.0,10.0,10.0,92.3555,105,1.0,29.0,138.90547,57.0,1.1,2.0,538.1,48.0,187.0,103.0,3.0,,,,,,,,,,,,,
80.0,10.0,10.0,92.3555,105,,,,,,,,,,,,,,,,,,,,,,,,
80.0,10.0,10.0,92.3555,105,,,,,,,,,,,,,,,,,,,,,,,,
80.0,10.0,10.0,92.3555,105,,,,,,,,,,,,,,,,,,,,,,,,
80.0,10.0,10.0,92.3555,105,,,,,,,,,,,,,,,,,,,,,,,,
80.0,10.0,10.0,92.3555,105,1.0,1.0,26.982,13.0,1.61,1.0,577.5,41.8,118.0,53.0,3.0,,,,,,,,,,,,,
80.0,10.0,10.0,92.3555,105,1.0,2.0,47.867,22.0,1.54,5.0,658.8,7.6,147.0,74.0,3.0,,,,,,,,,,,,,
80.0,10.0,10.0,92.3555,105,1.0,20.0,91.224,40.0,1.33,5.0,640.1,41.1,160.0,86.0,4.0,,,,,,,,,,,,,
80.0,10.0,10.0,92.3555,105,1.0,3.0,180.94788,73.0,1.5,2.0,761.0,31.0,146.0,72.0,5.0,,,,,,,,,,,,,
80.0,10.0,10.0,92.3555,105,1.0,5.0,92.90638,41.0,1.6,1.0,652.1,88.0,146.0,72.0,5.0,,,,,,,,,,,,,
80.0,10.0,10.0,92.3555,105,1.0,7.0,95.95,42.0,2.16,7.0,684.3,72.1,139.0,69.0,6.0,,,,,,,,,,,,,
80.0,10.0,10.0,92.3555,105,1.0,6.0,183.84,74.0,2.36,5.0,770.0,78.6,139.0,66.0,6.0,,,,,,,,,,,,,
80.0,10.0,10.0,92.3555,105,,,,,,,,,,,,,,,,,,,,,,,,
80.0,10.0,10.0,92.3555,105,5.0,9.0,39.098,19.0,0.82,3.0,418.8,48.4,243.0,138.0,1.0,,,,,,,,,,,,,
80.0,10.0,10.0,92.3555,105,5.0,2.0,47.867,22.0,1.54,5.0,658.8,7.6,147.0,74.0,3.0,,,,,,,,,,,,,
80.0,10.0,10.0,92.3555,105,0.01,10.0,24.305,12.0,1.31,3.0,737.7,0.0,145.0,72.0,2.0,550.0,4.0,780.0,12.0,,,2.87121,14.20621,1.6492709809917536,101.42354304573904,2.195,,
80.0,10.0,10.0,92.3555,105,0.03,10.0,24.305,12.0,1.31,3.0,737.7,0.0,145.0,72.0,2.0,550.0,4.0,780.0,12.0,,,2.86898,14.19296,1.6490134705249484,101.17160784572016,2.367,,
80.0,10.0,10.0,92.3555,105,0.05,10.0,24.305,12.0,1.31,3.0,737.7,0.0,145.0,72.0,2.0,550.0,4.0,780.0,12.0,,,2.86885,14.21622,1.651790787249246,101.32822854223186,2.386,,
80.0,10.0,10.0,92.3555,105,0.06,10.0,24.305,12.0,1.31,3.0,737.7,0.0,145.0,72.0,2.0,550.0,4.0,780.0,12.0,,,2.8688,14.19893,1.6498106060606064,101.20146379912605,2.344,,
92.0,4.0,4.0,92.5664,104,,,,,,,,,,,,,,745.0,15.0,,,2.874,14.193,1.6461377870563674,101.52625392601662,1.78,,
92.0,4.0,4.0,92.5664,104,0.1,3.0,180.94788,73.0,1.5,2.0,761.0,31.0,146.0,72.0,5.0,,,745.0,15.0,,,2.847,14.198,1.6623346212387309,99.6627204690908,1.66,,
92.0,4.0,4.0,92.5664,104,0.2,3.0,180.94788,73.0,1.5,2.0,761.0,31.0,146.0,72.0,5.0,,,745.0,15.0,,,2.874,14.198,1.6467176989097658,101.56202023825718,1.53,,
92.0,4.0,4.0,92.5664,104,0.3,3.0,180.94788,73.0,1.5,2.0,761.0,31.0,146.0,72.0,5.0,,,745.0,15.0,,,2.874,14.203,1.647297610763164,101.59778655049772,1.46,,
92.0,4.0,4.0,92.5664,104,,,,,,,,,,,,,,745.0,15.0,,,2.874,14.193,1.646717699,101.5262539,1.78,,
92.0,4.0,4.0,92.5664,104,0.1,3.0,180.94788,73.0,1.5,2.0,761.0,31.0,146.0,72.0,5.0,,,745.0,15.0,,,2.874,14.198,1.6467176989097658,101.56202023825718,1.66,,
92.0,4.0,4.0,92.5664,104,0.2,3.0,180.94788,73.0,1.5,2.0,761.0,31.0,146.0,72.0,5.0,,,745.0,15.0,,,2.874,14.198,1.6467176989097658,101.56202023825718,1.53,,
92.0,4.0,4.0,92.5664,104,0.3,3.0,180.94788,73.0,1.5,2.0,761.0,31.0,146.0,72.0,5.0,,,745.0,15.0,,,2.874,14.198,1.6467176989097658,101.56202023825718,1.46,,
92.0,4.0,4.0,92.5664,104,,,,,,,,,,,,,,745.0,15.0,,,2.874,14.203,1.647297610763164,101.59778655049772,1.38,,
92.0,4.0,4.0,92.5664,104,0.1,3.0,180.94788,73.0,1.5,2.0,761.0,31.0,146.0,72.0,5.0,,,745.0,15.0,,,2.874,14.193,1.6461377870563674,101.52625392601662,1.32,,
92.0,4.0,4.0,92.5664,104,0.2,3.0,180.94788,73.0,1.5,2.0,761.0,31.0,146.0,72.0,5.0,,,745.0,15.0,,,2.874,14.198,1.6467176989097658,101.56202023825718,1.15,,
92.0,4.0,4.0,92.5664,104,0.3,3.0,180.94788,73.0,1.5,2.0,761.0,31.0,146.0,72.0,5.0,,,745.0,15.0,,,2.874,14.203,1.647297610763164,101.59778655049772,1.43,,
