0,1,2,3,4,5,6,7,8,9,10,11,12,13,14,15,16,17,18,19,20,21,22,23,24,25,26,27,28
95.0,0.0,5.0,92.719,101,1.0,13.0,26.982,13.0,1.61,1.0,577.5,41.8,118.0,53.0,3.0,,,800.0,10.0,,2,,,,,,,
95.0,0.0,5.0,92.719,101,1.0,22.0,47.867,22.0,1.54,5.0,658.8,7.6,147.0,74.0,3.0,,,800.0,10.0,,2,,,,,,,
95.0,0.0,5.0,92.719,101,1.0,73.0,180.94788,73.0,1.5,2.0,761.0,31.0,146.0,72.0,5.0,,,800.0,10.0,,2,,,,,,,
95.0,0.0,5.0,92.719,101,1.0,51.0,121.76,51.0,2.05,2.0,834.0,103.2,140.0,76.0,5.0,,,800.0,10.0,,2,,,,,,,
95.0,0.0,5.0,92.719,101,1.0,41.0,92.90638,41.0,1.6,1.0,652.1,88.0,146.0,72.0,5.0,,,800.0,10.0,,2,,,,,,,
95.0,0.0,5.0,92.719,101,1.0,74.0,183.84,74.0,2.36,5.0,770.0,78.6,139.0,66.0,6.0,,,800.0,10.0,,2,,,,,,,
95.0,0.0,5.0,92.719,101,1.0,42.0,95.95,42.0,2.16,7.0,684.3,72.1,139.0,69.0,6.0,,,800.0,10.0,,2,,,,,,,
95.0,0.0,5.0,92.719,101,1.0,13.0,26.982,13.0,1.61,1.0,577.5,41.8,118.0,53.0,3.0,,,700.0,10.0,,2,2.8726,14.1896,1.6465455219999998,101.4030685,,,
95.0,0.0,5.0,92.719,101,,,,,,,,,,,,,,700.0,10.0,,2,,,,,,,
95.0,2.0,3.0,92.6391,101,,,,,,,,,,,,,,700.0,10.0,,2,,,,,,,
95.0,2.0,3.0,92.6391,101,1.0,42.0,95.95,42.0,2.16,7.0,684.3,72.1,139.0,69.0,6.0,,,700.0,10.0,,2,,,,,,,
95.0,0.0,5.0,92.719,101,1.0,13.0,26.982,13.0,1.61,1.0,577.5,41.8,118.0,53.0,3.0,,,700.0,20.0,,2,2.8729,14.1885,1.646245954,101.4163871,,,
95.0,0.0,5.0,92.719,101,1.0,13.0,26.982,13.0,1.61,1.0,577.5,41.8,118.0,53.0,3.0,,,700.0,30.0,,2,2.8734,14.1871,1.645797081,101.4416808,,,
95.0,0.0,5.0,92.719,101,1.0,13.0,26.982,13.0,1.61,1.0,577.5,41.8,118.0,53.0,3.0,,,700.0,60.0,,2,2.8737,14.1863,1.645532473,101.4571427,,,
95.0,0.0,5.0,92.719,101,1.0,42.0,95.95,42.0,2.16,7.0,684.3,72.1,139.0,69.0,6.0,,,700.0,10.0,,2,2.8751,14.1985,1.646145641,101.64335859999998,,,
95.0,0.0,5.0,92.719,101,1.0,42.0,95.95,42.0,2.16,7.0,684.3,72.1,139.0,69.0,6.0,,,700.0,20.0,,2,2.8756,14.1927,1.645187091,101.6371795,,,
95.0,0.0,5.0,92.719,101,1.0,42.0,95.95,42.0,2.16,7.0,684.3,72.1,139.0,69.0,6.0,,,700.0,30.0,,2,2.8759,14.1889,1.6445750319999999,101.631169,,,
95.0,0.0,5.0,92.719,101,1.0,42.0,95.95,42.0,2.16,7.0,684.3,72.1,139.0,69.0,6.0,,,700.0,60.0,,2,2.8761,14.1861,1.644136157,101.6252467,,,
95.0,0.0,5.0,92.719,101,1.0,13.0,26.982,13.0,1.61,1.0,577.5,41.8,118.0,53.0,3.0,,,750.0,10.0,,2,,,,,,,
95.0,0.0,5.0,92.719,101,1.0,42.0,95.95,42.0,2.16,7.0,684.3,72.1,139.0,69.0,6.0,,,750.0,10.0,,2,,,,,,,
83.22,5.01,11.77,92.5471225,103,,,,,,,,,,,,500.0,6.0,780.0,12.0,,3,2.8688,14.1837,1.6480409930000002,101.0929135,,,
82.91,4.99,11.71,92.3188268,103,0.39,13.0,26.982,13.0,1.61,1.0,577.5,41.8,118.0,53.0,3.0,500.0,6.0,780.0,12.0,,3,2.8739,14.2072,1.647842073,101.62075820000001,,,
83.13,4.98,11.73,92.4542442,103,,,,,,,,,,,,500.0,6.0,780.0,12.0,,3,2.8762,14.2181,1.64778759,101.8615687,,,
90.0,0.0,10.0,92.73100000000001,103,,,,,,,,,,,,,,730.0,10.0,,,2.8731,14.1863,1.645876115,101.41478070000001,,,
90.0,0.0,10.0,92.73100000000001,103,0.5,42.0,95.95,42.0,2.16,7.0,684.3,72.1,139.0,69.0,6.0,,,730.0,10.0,,,2.8732,14.186,1.645784027,101.41969559999998,,,
90.0,0.0,10.0,92.73100000000001,103,0.5,5.0,10.81,5.0,2.04,2.0,800.6,26.7,87.0,27.0,3.0,,,730.0,10.0,,,2.8731,14.1859,1.6458297080000002,101.41192109999999,,,
90.0,0.0,10.0,92.73100000000001,103,,,,,,,,,,,,,,730.0,10.0,,,2.8726,14.1861,1.646139386,101.3780564,,,
100.0,0.0,0.0,92.70700000000001,101,,,,,,,,,,,,,,650.0,10.0,,,2.87594,14.1977,1.6455721140000001,101.69702990000002,1.89,,
100.0,0.0,0.0,92.70700000000001,101,1.0,74.0,183.84,74.0,2.36,5.0,770.0,78.6,139.0,66.0,6.0,,,770.0,10.0,,,2.87887,14.2044,1.6446730840000001,101.95244220000001,1.4,,
100.0,0.0,0.0,92.70700000000001,101,1.5,74.0,183.84,74.0,2.36,5.0,770.0,78.6,139.0,66.0,6.0,,,790.0,10.0,,,2.88035,14.2078,1.6442214780000002,102.0817234,1.28,,
100.0,0.0,0.0,92.70700000000001,101,2.0,74.0,183.84,74.0,2.36,5.0,770.0,78.6,139.0,66.0,6.0,,,810.0,10.0,,,2.88159,14.2098,1.643745293,102.18401750000001,1.26,,
77.6,9.7,9.7,90.605255,105,0.03,22.0,47.867,22.0,1.54,5.0,658.8,7.6,147.0,74.0,3.0,260.0,2.0,750.0,6.0,,3,2.8749,14.2002,1.646457268,101.641386,1.22,,
80.0,10.0,10.0,92.3555,105,,,,,,,,,,,,260.0,2.0,750.0,6.0,,3,2.8773,14.2262,1.648096016,101.9975718,1.08,,
80.0,10.0,10.0,92.3555,105,,,,,,,,,,,,500.0,4.0,750.0,12.0,,,2.872954,14.199643,1.6475078730000001,101.49985040000001,2.03226,,
80.0,10.0,10.0,92.3555,105,0.25,74.0,183.84,74.0,2.36,5.0,770.0,78.6,139.0,66.0,6.0,500.0,4.0,750.0,12.0,,,2.8788560000000003,14.230316,1.647681811,102.1374616,1.94545,,
80.0,10.0,10.0,92.3555,105,0.5,74.0,183.84,74.0,2.36,5.0,770.0,78.6,139.0,66.0,6.0,500.0,4.0,750.0,12.0,,,2.879934,14.231806,1.647237518,102.22466990000001,1.76528,,
80.0,10.0,10.0,92.3555,105,1.0,74.0,183.84,74.0,2.36,5.0,770.0,78.6,139.0,66.0,6.0,500.0,4.0,750.0,12.0,,,2.880388,14.233239999999999,1.647143834,102.2672058,1.4943,,
80.0,10.0,10.0,92.3555,105,2.0,74.0,183.84,74.0,2.36,5.0,770.0,78.6,139.0,66.0,6.0,500.0,4.0,750.0,12.0,,,2.882742,14.240798000000002,1.64667274,102.4888238,1.41264,,
80.0,10.0,10.0,92.3555,108,,,,,,,,,,,,550.0,5.0,800.0,16.0,,,2.86991,14.20054,1.649359504,101.29127700000001,1.48809,,
80.0,10.0,10.0,92.3555,108,5.0,19.0,39.098,19.0,0.82,3.0,418.8,48.4,243.0,138.0,1.0,550.0,5.0,800.0,16.0,,,2.8766599999999998,14.21925,1.647657353,101.9023949,1.51356,,
80.0,10.0,10.0,92.3555,108,5.0,22.0,47.867,22.0,1.54,5.0,658.8,7.6,147.0,74.0,3.0,550.0,5.0,800.0,16.0,,,2.8708400000000003,14.20788,1.6496774459999999,101.4093244,1.52509,,
80.0,10.0,10.0,92.3555,108,,,,,,,,,,,,550.0,5.0,800.0,16.0,,,2.8792400000000002,14.24974,1.649710803,102.30416290000001,1.54482,,
80.0,10.0,10.0,92.3555,100,,,,,,,,,,,,550.0,4.0,780.0,12.0,,,2.87121,14.20621,1.649270981,101.42354300000001,2.195,,
80.0,10.0,10.0,92.3555,100,0.01,12.0,24.305,12.0,1.31,3.0,737.7,0.0,145.0,72.0,2.0,550.0,4.0,780.0,12.0,,,2.86898,14.192960000000001,1.649013471,101.1716078,2.367,,
80.0,10.0,10.0,92.3555,100,0.03,12.0,24.305,12.0,1.31,3.0,737.7,0.0,145.0,72.0,2.0,550.0,4.0,780.0,12.0,,,2.86885,14.216220000000002,1.651790787,101.32822850000001,2.386,,
80.0,10.0,10.0,92.3555,100,0.05,12.0,24.305,12.0,1.31,3.0,737.7,0.0,145.0,72.0,2.0,550.0,4.0,780.0,12.0,,,2.8688,14.198929999999999,1.649810606,101.20146379999998,2.344,,
80.0,10.0,10.0,92.3555,100,0.06,12.0,24.305,12.0,1.31,3.0,737.7,0.0,145.0,72.0,2.0,550.0,4.0,780.0,12.0,,,2.8716,14.2047,1.648871709,101.4403145,2.296,,
80.0,10.0,10.0,92.3555,110,,,,,,,,,,,,470.0,6.0,780.0,15.0,,,2.8691,14.1817,1.6476363090000001,101.0998001,,,
80.0,10.0,10.0,92.3555,110,1.0,39.0,88.90585,39.0,1.22,1.0,600.0,29.6,212.0,90.0,3.0,470.0,6.0,780.0,15.0,,,2.8698,14.1924,1.648477246,101.22545490000002,,,
80.0,10.0,10.0,92.3555,110,2.0,39.0,88.90585,39.0,1.22,1.0,600.0,29.6,212.0,90.0,3.0,470.0,6.0,780.0,15.0,,,2.8703,14.195,1.6484920280000002,101.2792812,,,
80.0,10.0,10.0,92.3555,110,3.0,39.0,88.90585,39.0,1.22,1.0,600.0,29.6,212.0,90.0,3.0,470.0,6.0,780.0,15.0,,,2.8689,14.1914,1.6488782,101.15484620000001,,,
80.0,10.0,10.0,92.3555,110,4.0,39.0,88.90585,39.0,1.22,1.0,600.0,29.6,212.0,90.0,3.0,470.0,6.0,780.0,15.0,,,2.8697,14.1941,1.648732156,101.2305247,,,
80.0,10.0,10.0,92.3555,105,,,,,,,,,,,,480.0,6.0,750.0,16.0,,,2.8631,14.1631,1.648923661,100.5453493,2.0026,,
80.0,10.0,10.0,92.3555,105,,,,,,,,,,,,480.0,6.0,750.0,16.0,,,2.8642,14.1658,1.648604613,100.6418053,1.9726,,
80.0,10.0,10.0,92.3555,105,,,,,,,,,,,,480.0,6.0,750.0,16.0,,,2.8641,14.1651,1.648580706,100.629805,1.953,,
80.0,10.0,10.0,92.3555,105,,,,,,,,,,,,480.0,6.0,750.0,16.0,,,2.8643,14.165,1.648453956,100.6431489,1.9271,,
90.0,0.0,10.0,92.73100000000001,101,,,,,,,,,,,,,,600.0,10.0,,2,2.8688,14.1793,1.647529745,101.06155290000001,2.26,113.2,2.0
90.0,0.0,10.0,92.73100000000001,101,2.0,13.0,26.982,13.0,1.61,1.0,577.5,41.8,118.0,53.0,3.0,,,600.0,10.0,,2,2.8668,14.185,1.649341891,100.9612603,2.29,104.6,2.6
90.0,0.0,10.0,92.73100000000001,101,4.0,13.0,26.982,13.0,1.61,1.0,577.5,41.8,118.0,53.0,3.0,,,600.0,10.0,,2,2.8663,14.1871,1.649873821,100.9409875,2.23,79.7,3.7
90.0,0.0,10.0,92.73100000000001,101,6.0,13.0,26.982,13.0,1.61,1.0,577.5,41.8,118.0,53.0,3.0,,,600.0,10.0,,2,2.8659,14.1881,1.650220408,100.91992929999999,2.22,78.5,4.8
90.0,0.0,10.0,92.73100000000001,101,2.0,13.0,26.982,13.0,1.61,1.0,577.5,41.8,118.0,53.0,3.0,,,720.0,10.0,,2,2.8668,14.185,1.649341891,100.9612603,2.29,104.6,2.6
90.0,0.0,10.0,92.73100000000001,101,4.0,13.0,26.982,13.0,1.61,1.0,577.5,41.8,118.0,53.0,3.0,,,720.0,10.0,,2,2.8663,14.1871,1.649873821,100.9409875,2.23,79.7,3.7
94.0,4.0,2.0,92.5616,101,,,,,,,,,,,,,,680.0,10.0,,,2.8754,14.19806,1.645922886,101.66142090000001,,,
94.0,4.0,2.0,92.5616,101,,,,,,,,,,,,,,700.0,10.0,,,2.8755,14.19849,1.6459154930000002,101.6715713,,,
94.0,4.0,2.0,92.5616,101,,,,,,,,,,,,,,730.0,10.0,,,2.87569,14.19868,1.645828769,101.6863685,,,
94.0,4.0,2.0,92.5616,101,,,,,,,,,,,,,,750.0,10.0,,,2.8759900000000003,14.19985,1.645792695,101.71596690000001,,,
94.0,4.0,2.0,92.5616,101,,,,,,,,,,,,,,780.0,10.0,,,2.87775,14.20708,1.645623606,101.892351,,,
94.0,4.0,2.0,92.5616,101,1.0,73.0,180.94788,73.0,1.5,2.0,761.0,31.0,146.0,72.0,5.0,,,680.0,10.0,,,2.87506,14.19356,1.6455958019999999,101.6051671,,,
94.0,4.0,2.0,92.5616,101,1.0,73.0,180.94788,73.0,1.5,2.0,761.0,31.0,146.0,72.0,5.0,,,700.0,10.0,,,2.87508,14.1994,1.646261437,101.6483872,,,
94.0,4.0,2.0,92.5616,101,1.0,73.0,180.94788,73.0,1.5,2.0,761.0,31.0,146.0,72.0,5.0,,,730.0,10.0,,,2.8752,14.202029999999999,1.646497635,101.67570140000001,,,
94.0,4.0,2.0,92.5616,101,1.0,73.0,180.94788,73.0,1.5,2.0,761.0,31.0,146.0,72.0,5.0,,,750.0,10.0,,,2.87532,14.202129999999999,1.6464405119999999,101.6849047,,,
94.0,4.0,2.0,92.5616,101,1.0,73.0,180.94788,73.0,1.5,2.0,761.0,31.0,146.0,72.0,5.0,,,780.0,10.0,,,2.8761,14.205039999999999,1.646331259,101.76092750000001,,,
100.0,0.0,0.0,92.70700000000001,101,,,,,,,,,,,,,,650.0,10.0,,,2.875175,14.796907999999998,1.715479116,105.93273190000001,,75.1,1.7
100.0,0.0,0.0,92.70700000000001,101,,,,,,,,,,,,,,680.0,10.0,,,2.8752240000000002,14.198863000000001,1.6461167319999999,101.6547251,,97.4,
100.0,0.0,0.0,92.70700000000001,101,,,,,,,,,,,,,,700.0,10.0,,,2.8753439999999997,14.201038,1.646300176,101.6787835,,132.6,2.55
100.0,0.0,0.0,92.70700000000001,101,,,,,,,,,,,,,,730.0,10.0,,,2.876077,14.201723000000001,1.645959989,101.73553829999999,,167.9,
100.0,0.0,0.0,92.70700000000001,101,,,,,,,,,,,,,,750.0,10.0,,,2.87663,14.200253,1.6454732330000001,101.7641301,,141.0,2.45
100.0,0.0,0.0,92.70700000000001,101,,,,,,,,,,,,,,770.0,10.0,,,2.87697,14.198532,1.6450793719999999,101.7758511,,203.0,
100.0,0.0,0.0,92.70700000000001,101,,,,,,,,,,,,,,800.0,10.0,,,2.878883,14.196933999999999,1.643801201,101.8997751,,220.3,1.95
100.0,0.0,0.0,92.70700000000001,101,0.5,13.0,26.982,13.0,1.61,1.0,577.5,41.8,118.0,53.0,3.0,,,650.0,10.0,,,2.875166,14.197982999999999,1.646047915,101.644324,,61.1,2.5
100.0,0.0,0.0,92.70700000000001,101,0.5,13.0,26.982,13.0,1.61,1.0,577.5,41.8,118.0,53.0,3.0,,,680.0,10.0,,,2.875257,14.199632999999999,1.646187106,101.6625714,,92.5,
100.0,0.0,0.0,92.70700000000001,101,0.5,13.0,26.982,13.0,1.61,1.0,577.5,41.8,118.0,53.0,3.0,,,700.0,10.0,,,2.8753759999999997,14.200647,1.646236527,101.6782471,,130.6,2.6
100.0,0.0,0.0,92.70700000000001,101,0.5,13.0,26.982,13.0,1.61,1.0,577.5,41.8,118.0,53.0,3.0,,,730.0,10.0,,,2.876093,14.201281,1.645899605,101.73350390000002,,163.6,
100.0,0.0,0.0,92.70700000000001,101,0.5,13.0,26.982,13.0,1.61,1.0,577.5,41.8,118.0,53.0,3.0,,,750.0,10.0,,,2.876535,14.200863,1.6455982630000001,101.76177990000001,,177.8,3.05
100.0,0.0,0.0,92.70700000000001,101,0.5,13.0,26.982,13.0,1.61,1.0,577.5,41.8,118.0,53.0,3.0,,,770.0,10.0,,,2.876745,14.198823,1.645241758,101.76201809999999,,190.4,
100.0,0.0,0.0,92.70700000000001,101,0.5,13.0,26.982,13.0,1.61,1.0,577.5,41.8,118.0,53.0,3.0,,,800.0,10.0,,,2.878629,14.196688,1.643917759,101.8800295,,206.8,2.05
100.0,0.0,0.0,92.70700000000001,101,0.5,41.0,92.90638,41.0,1.6,1.0,652.1,88.0,146.0,72.0,5.0,,,650.0,10.0,,,2.876168,14.195157,1.6451469459999999,101.69493709999999,,32.2,3.3
100.0,0.0,0.0,92.70700000000001,101,0.5,41.0,92.90638,41.0,1.6,1.0,652.1,88.0,146.0,72.0,5.0,,,680.0,10.0,,,2.876225,14.198464999999999,1.645497715,101.7226676,,51.0,
100.0,0.0,0.0,92.70700000000001,101,0.5,41.0,92.90638,41.0,1.6,1.0,652.1,88.0,146.0,72.0,5.0,,,700.0,10.0,,,2.876317,14.199264000000001,1.645537679,101.73489980000001,,67.2,2.75
100.0,0.0,0.0,92.70700000000001,101,0.5,41.0,92.90638,41.0,1.6,1.0,652.1,88.0,146.0,72.0,5.0,,,730.0,10.0,,,2.876474,14.199739000000001,1.645502909,101.7494099,,89.2,
100.0,0.0,0.0,92.70700000000001,101,0.5,41.0,92.90638,41.0,1.6,1.0,652.1,88.0,146.0,72.0,5.0,,,750.0,10.0,,,2.876821,14.201217999999999,1.645475799,101.78456070000001,,91.7,2.5
100.0,0.0,0.0,92.70700000000001,101,0.5,41.0,92.90638,41.0,1.6,1.0,652.1,88.0,146.0,72.0,5.0,,,770.0,10.0,,,2.877027,14.202028,1.6454518269999998,101.80494449999999,,95.7,
100.0,0.0,0.0,92.70700000000001,101,0.5,41.0,92.90638,41.0,1.6,1.0,652.1,88.0,146.0,72.0,5.0,,,800.0,10.0,,,2.877425,14.203733999999999,1.6454218619999998,101.8453459,,106.6,2.9
100.0,0.0,0.0,92.70700000000001,101,0.5,73.0,180.94788,73.0,1.5,2.0,761.0,31.0,146.0,72.0,5.0,,,650.0,10.0,,,2.876154,14.194939999999999,1.645129804,101.69239250000001,,38.6,4.0
100.0,0.0,0.0,92.70700000000001,101,0.5,73.0,180.94788,73.0,1.5,2.0,761.0,31.0,146.0,72.0,5.0,,,680.0,10.0,,,2.876468,14.201701000000002,1.645733703,101.76304429999999,,68.1,
100.0,0.0,0.0,92.70700000000001,101,0.5,73.0,180.94788,73.0,1.5,2.0,761.0,31.0,146.0,72.0,5.0,,,700.0,10.0,,,2.876547,14.203505999999999,1.6458976680000001,101.7815686,,83.0,3.1
100.0,0.0,0.0,92.70700000000001,101,0.5,73.0,180.94788,73.0,1.5,2.0,761.0,31.0,146.0,72.0,5.0,,,730.0,10.0,,,2.877321,14.206092000000002,1.6457545059999998,101.8548903,,101.6,
100.0,0.0,0.0,92.70700000000001,101,0.5,73.0,180.94788,73.0,1.5,2.0,761.0,31.0,146.0,72.0,5.0,,,750.0,10.0,,,2.877482,14.206043,1.6456567469999999,101.8659378,,102.5,3.0
100.0,0.0,0.0,92.70700000000001,101,0.5,73.0,180.94788,73.0,1.5,2.0,761.0,31.0,146.0,72.0,5.0,,,770.0,10.0,,,2.87772,14.206282999999999,1.645548443,101.88451059999998,,106.9,
100.0,0.0,0.0,92.70700000000001,101,0.5,73.0,180.94788,73.0,1.5,2.0,761.0,31.0,146.0,72.0,5.0,,,800.0,10.0,,,2.878498,14.209857000000001,1.645517558,101.9652535,,119.5,3.3
100.0,0.0,0.0,92.70700000000001,101,0.5,42.0,95.95,42.0,2.16,7.0,684.3,72.1,139.0,69.0,6.0,,,650.0,10.0,,,2.8755490000000004,14.194215,1.645391889,101.6444232,,33.9,3.0
100.0,0.0,0.0,92.70700000000001,101,0.5,42.0,95.95,42.0,2.16,7.0,684.3,72.1,139.0,69.0,6.0,,,680.0,10.0,,,2.8755509999999997,14.197541000000001,1.645776294,101.6683821,,48.7,
100.0,0.0,0.0,92.70700000000001,101,0.5,42.0,95.95,42.0,2.16,7.0,684.3,72.1,139.0,69.0,6.0,,,700.0,10.0,,,2.87581,14.199797,1.645889564,101.7028555,,54.4,3.65
100.0,0.0,0.0,92.70700000000001,101,0.5,42.0,95.95,42.0,2.16,7.0,684.3,72.1,139.0,69.0,6.0,,,730.0,10.0,,,2.8762369999999997,14.200867,1.645769223,101.74072530000001,,57.7,
100.0,0.0,0.0,92.70700000000001,101,0.5,42.0,95.95,42.0,2.16,7.0,684.3,72.1,139.0,69.0,6.0,,,750.0,10.0,,,2.876786,14.2019,1.6455748419999998,101.78697199999999,,79.1,3.25
100.0,0.0,0.0,92.70700000000001,101,0.5,42.0,95.95,42.0,2.16,7.0,684.3,72.1,139.0,69.0,6.0,,,770.0,10.0,,,2.8769880000000003,14.202051999999998,1.6454769130000002,101.80235649999999,,94.5,
100.0,0.0,0.0,92.70700000000001,101,0.5,42.0,95.95,42.0,2.16,7.0,684.3,72.1,139.0,69.0,6.0,,,800.0,10.0,,,2.877846,14.205402,1.645374353,101.8871139,,105.1,3.1
80.0,10.0,10.0,92.3555,102,,,,,,,,,,,,480.0,3.0,800.0,12.0,2,,2.8717,14.208,1.64919734,101.47094770000001,,,
90.0,5.0,5.0,92.53125,102,,,,,,,,,,,,480.0,3.0,750.0,12.0,2,,2.8758,14.204,1.646382456,101.732251,,,
90.0,5.0,5.0,92.53125,102,,12.0,24.305,12.0,1.31,3.0,737.7,0.0,145.0,72.0,2.0,480.0,3.0,800.0,12.0,2,,2.8755,14.203,1.6464383009999999,101.70386620000001,,,
90.0,5.0,5.0,92.53125,102,,12.0,24.305,12.0,1.31,3.0,737.7,0.0,145.0,72.0,2.0,480.0,3.0,750.0,12.0,2,,2.8747,14.202,1.6467805340000001,101.6401267,,,
90.0,5.0,5.0,92.53125,102,,12.0,24.305,12.0,1.31,3.0,737.7,0.0,145.0,72.0,2.0,480.0,3.0,800.0,12.0,2,,2.8749,14.200999999999999,1.646550025,101.6471122,,,
90.0,5.0,5.0,92.53125,102,,12.0,24.305,12.0,1.31,3.0,737.7,0.0,145.0,72.0,2.0,480.0,3.0,750.0,12.0,2,,2.8766,14.206,1.6461563419999998,101.8031917,,,
80.0,10.0,10.0,92.3555,105,0.1,5.0,10.81,5.0,2.04,2.0,800.6,26.7,87.0,27.0,3.0,650.0,5.0,800.0,10.0,1.5,,2.8708,14.1982,1.648576471,101.33740909999999,1.6121,,
80.0,10.0,10.0,92.3555,105,0.2,5.0,10.81,5.0,2.04,2.0,800.6,26.7,87.0,27.0,3.0,650.0,5.0,800.0,10.0,1.5,,2.8721,14.2029,1.648375753,101.4627841,1.7181,,
80.0,10.0,10.0,92.3555,105,0.3,5.0,10.81,5.0,2.04,2.0,800.6,26.7,87.0,27.0,3.0,650.0,5.0,800.0,10.0,1.5,,2.8732,14.2088,1.648429161,101.58269920000001,1.6987,,
80.0,10.0,10.0,92.3555,105,,,,,,,,,,,,650.0,5.0,800.0,10.0,1.5,,2.8701,14.1966,1.648792725,101.2765818,1.5249,,
80.0,10.0,10.0,92.3555,105,0.1,5.0,10.81,5.0,2.04,2.0,800.6,26.7,87.0,27.0,3.0,650.0,5.0,800.0,10.0,1.5,,2.8708,14.1982,1.648576471,101.33740909999999,1.6121,,
80.0,10.0,10.0,92.3555,105,0.2,5.0,10.81,5.0,2.04,2.0,800.6,26.7,87.0,27.0,3.0,650.0,5.0,800.0,10.0,1.5,,2.8721,14.2029,1.648375753,101.4627841,1.7181,,
80.0,10.0,10.0,92.3555,105,0.3,5.0,10.81,5.0,2.04,2.0,800.6,26.7,87.0,27.0,3.0,650.0,5.0,800.0,10.0,1.5,,2.8732,14.2088,1.648429161,101.58269920000001,1.6987,,
80.0,10.0,10.0,92.3555,105,,,,,,,,,,,,650.0,5.0,800.0,10.0,1.5,,2.8701,14.1966,1.648792725,101.2765818,1.5249,,
83.0,7.0,10.0,92.46815,105,,,,,,,,,,,,,,800.0,15.0,,,,,,,,,
83.0,7.0,10.0,92.46815,105,,,,,,,,,,,,,,800.0,15.0,,,,,,,,,
83.0,7.0,10.0,92.46815,105,,,,,,,,,,,,,,800.0,15.0,,,,,,,,,
83.0,7.0,10.0,92.46815,105,,,,,,,,,,,,,,800.0,15.0,,,,,,,,,
83.0,7.0,10.0,92.46815,105,0.6,74.0,183.84,74.0,2.36,5.0,770.0,78.6,139.0,66.0,6.0,,,800.0,15.0,,,,,,,,,
83.0,7.0,10.0,92.46815,105,0.6,5.0,10.81,5.0,2.04,2.0,800.6,26.7,87.0,27.0,3.0,,,800.0,15.0,,,,,,,,,
90.0,5.0,5.0,92.53125,105,,,,,,,,,,,,,,,,,,,,,,,,
90.0,5.0,5.0,92.53125,105,,,,,,,,,,,,500.0,10.0,730.0,15.0,,,,,,,,,
90.0,5.0,5.0,92.53125,105,,,,,,,,,,,,500.0,10.0,750.0,15.0,,,,,,,,,
90.0,5.0,5.0,92.53125,105,,,,,,,,,,,,500.0,10.0,770.0,15.0,,,,,,,,,
90.0,5.0,5.0,92.53125,105,,,,,,,,,,,,500.0,10.0,730.0,15.0,,,,,,,,,
90.0,5.0,5.0,92.53125,105,,,,,,,,,,,,500.0,10.0,730.0,15.0,,,,,,,,,
90.0,5.0,5.0,92.53125,105,,,,,,,,,,,,500.0,10.0,730.0,15.0,,,,,,,,,
90.0,0.0,10.0,92.73100000000001,101,,,,,,,,,,,,500.0,5.0,730.0,10.0,,,2.87051,14.178679999999998,1.646476294,101.1776437,2.3,700.0,2.0
90.0,0.0,10.0,92.73100000000001,101,1.0,13.0,26.982,13.0,1.61,1.0,577.5,41.8,118.0,53.0,3.0,500.0,5.0,730.0,10.0,,,2.86937,14.18335,1.64767295,101.1305941,2.35,700.0,2.0
90.0,0.0,10.0,92.73100000000001,101,1.0,12.0,24.305,12.0,1.31,3.0,737.7,0.0,145.0,72.0,2.0,500.0,5.0,730.0,10.0,,,2.87034,14.184820000000002,1.647286849,101.2094692,2.35,700.0,2.0
90.0,0.0,10.0,92.73100000000001,101,1.0,22.0,47.867,22.0,1.54,5.0,658.8,7.6,147.0,74.0,3.0,500.0,5.0,730.0,10.0,,,2.87047,14.190170000000002,1.647833514,101.25681309999999,2.4,400.0,3.0
90.0,0.0,10.0,92.73100000000001,101,1.0,73.0,180.94788,73.0,1.5,2.0,761.0,31.0,146.0,72.0,5.0,500.0,5.0,730.0,10.0,,,2.87259,14.189279999999998,1.6465141209999998,101.4000757,2.05,250.0,7.5
90.0,0.0,10.0,92.73100000000001,101,1.0,42.0,95.95,42.0,2.16,7.0,684.3,72.1,139.0,69.0,6.0,500.0,5.0,730.0,10.0,,,2.87348,14.19297,1.6464322009999999,101.48930390000001,2.05,250.0,7.5
90.0,0.0,10.0,92.73100000000001,101,,,,,,,,,,,,500.0,5.0,730.0,10.0,,,2.87051,14.178679999999998,1.646476294,101.1776437,2.3,700.0,2.0
90.0,0.0,10.0,92.73100000000001,101,1.0,13.0,26.982,13.0,1.61,1.0,577.5,41.8,118.0,53.0,3.0,500.0,5.0,730.0,10.0,,,2.86937,14.18335,1.64767295,101.1305941,2.35,700.0,2.0
90.0,0.0,10.0,92.73100000000001,101,1.0,12.0,24.305,12.0,1.31,3.0,737.7,0.0,145.0,72.0,2.0,500.0,5.0,730.0,10.0,,,2.87034,14.184820000000002,1.647286849,101.2094692,2.35,700.0,2.0
90.0,0.0,10.0,92.73100000000001,101,1.0,22.0,47.867,22.0,1.54,5.0,658.8,7.6,147.0,74.0,3.0,500.0,5.0,730.0,10.0,,,2.87047,14.190170000000002,1.647833514,101.25681309999999,2.4,400.0,3.0
90.0,0.0,10.0,92.73100000000001,101,1.0,73.0,180.94788,73.0,1.5,2.0,761.0,31.0,146.0,72.0,5.0,500.0,5.0,730.0,10.0,,,2.87259,14.189279999999998,1.6465141209999998,101.4000757,2.05,250.0,7.5
90.0,0.0,10.0,92.73100000000001,101,1.0,42.0,95.95,42.0,2.16,7.0,684.3,72.1,139.0,69.0,6.0,500.0,5.0,730.0,10.0,,,2.87348,14.19297,1.6464322009999999,101.48930390000001,2.05,250.0,7.5
90.0,7.0,3.0,92.45135,101,1.0,73.0,180.94788,73.0,1.5,2.0,761.0,31.0,146.0,72.0,5.0,500.0,5.0,730.0,10.0,,,,,,,,,
90.0,10.0,0.0,92.3315,101,1.0,73.0,180.94788,73.0,1.5,2.0,761.0,31.0,146.0,72.0,5.0,500.0,5.0,730.0,10.0,,,,,,,,,
90.0,0.0,10.0,92.73100000000001,101,1.0,13.0,26.982,13.0,1.61,1.0,577.5,41.8,118.0,53.0,3.0,500.0,5.0,730.0,10.0,,,,,,,,,
90.0,0.0,10.0,92.73100000000001,101,1.0,13.0,26.982,13.0,1.61,1.0,577.5,41.8,118.0,53.0,3.0,500.0,5.0,750.0,10.0,,,,,,,,,
90.0,0.0,10.0,92.73100000000001,101,1.0,13.0,26.982,13.0,1.61,1.0,577.5,41.8,118.0,53.0,3.0,500.0,5.0,770.0,10.0,,,,,,,,,
90.0,0.0,10.0,92.73100000000001,101,1.0,13.0,26.982,13.0,1.61,1.0,577.5,41.8,118.0,53.0,3.0,500.0,5.0,790.0,10.0,,,,,,,,,
90.0,0.0,10.0,92.73100000000001,101,1.0,13.0,26.982,13.0,1.61,1.0,577.5,41.8,118.0,53.0,3.0,500.0,5.0,850.0,10.0,,,,,,,,,
90.0,0.0,10.0,92.73100000000001,101,1.0,73.0,180.94788,73.0,1.5,2.0,761.0,31.0,146.0,72.0,5.0,500.0,5.0,730.0,10.0,,,,,,,,,
90.0,0.0,10.0,92.73100000000001,101,1.0,73.0,180.94788,73.0,1.5,2.0,761.0,31.0,146.0,72.0,5.0,500.0,5.0,750.0,10.0,,,,,,,,,
90.0,0.0,10.0,92.73100000000001,101,1.0,73.0,180.94788,73.0,1.5,2.0,761.0,31.0,146.0,72.0,5.0,500.0,5.0,770.0,10.0,,,,,,,,,
90.0,0.0,10.0,92.73100000000001,101,1.0,73.0,180.94788,73.0,1.5,2.0,761.0,31.0,146.0,72.0,5.0,500.0,5.0,790.0,10.0,,,,,,,,,
90.0,0.0,10.0,92.73100000000001,101,1.0,73.0,180.94788,73.0,1.5,2.0,761.0,31.0,146.0,72.0,5.0,500.0,5.0,850.0,10.0,,,,,,,,,
84.0,6.0,10.0,92.5057,105,,,,,,,,,,,,500.0,5.0,760.0,15.0,,,,,,,,,
84.0,6.0,10.0,92.5057,105,0.5,23.0,50.9415,23.0,1.63,1.0,650.9,50.6,134.0,79.0,5.0,500.0,5.0,760.0,15.0,,,,,,,,,
84.0,6.0,10.0,92.5057,105,1.0,23.0,50.9415,23.0,1.63,1.0,650.9,50.6,134.0,79.0,5.0,500.0,5.0,760.0,15.0,,,,,,,,,
84.0,6.0,10.0,92.5057,105,2.0,23.0,50.9415,23.0,1.63,1.0,650.9,50.6,134.0,79.0,5.0,500.0,5.0,760.0,15.0,,,,,,,,,
94.0,0.0,6.0,92.7214,103,,,,,,,,,,,,500.0,3.0,680.0,12.0,,,2.8710000000000004,14.175999999999998,1.6458841290000001,101.19305820000001,,,
94.0,0.0,6.0,92.7214,103,2.0,13.0,26.982,13.0,1.61,1.0,577.5,41.8,118.0,53.0,3.0,500.0,3.0,680.0,12.0,,,2.8710000000000004,14.186,1.6470451640000001,101.2644416,,,
95.0,0.0,5.0,92.719,102,,,,,,,,,,,,450.0,4.0,740.0,12.0,,,2.8722,14.1817,1.645857995,101.31839029999999,,,
95.0,0.0,5.0,92.719,102,1.0,52.0,127.6,52.0,2.1,8.0,869.3,190.2,140.0,221.0,6.0,450.0,4.0,740.0,12.0,,,2.8742,14.1888,1.645536149,101.5103368,,,
95.0,0.0,5.0,92.719,102,,,,,,,,,,,,450.0,4.0,740.0,12.0,,,2.8722,14.1817,1.645857995,101.31839029999999,,,
95.0,0.0,5.0,92.719,102,1.0,52.0,127.6,52.0,2.1,8.0,869.3,190.2,140.0,221.0,6.0,450.0,4.0,740.0,12.0,,,2.8742,14.1888,1.645536149,101.5103368,,,
85.0,5.0,10.0,92.54325,105,,,,,,,,,,,,,,760.0,6.0,,,2.87,14.187999999999999,1.647851336,101.2081776,,,
85.0,5.0,10.0,92.54325,105,1.0,74.0,183.84,74.0,2.36,5.0,770.0,78.6,139.0,66.0,6.0,,,760.0,6.0,,,2.877,14.174000000000001,1.642219905,101.6021233,,,
85.0,5.0,10.0,92.54325,105,,,,,,,,,,,,,,760.0,6.0,,,2.87,14.187999999999999,1.647851336,101.2081776,,,
85.0,5.0,10.0,92.54325,105,1.0,74.0,183.84,74.0,2.36,5.0,770.0,78.6,139.0,66.0,6.0,,,760.0,6.0,,,2.877,14.174000000000001,1.642219905,101.6021233,,,
85.0,5.0,10.0,92.54325,105,,,,,,,,,,,,,,760.0,6.0,,,2.87,14.187999999999999,1.647851336,101.2081776,,,
85.0,5.0,10.0,92.54325,105,1.0,74.0,183.84,74.0,2.36,5.0,770.0,78.6,139.0,66.0,6.0,,,760.0,6.0,,,2.877,14.174000000000001,1.642219905,101.6021233,,,
100.0,0.0,0.0,92.70700000000001,105,1.0,12.0,24.305,12.0,1.31,3.0,737.7,0.0,145.0,72.0,2.0,500.0,12.0,700.0,6.0,,,2.87792,14.199370000000002,1.644633393,101.8490875,,,
100.0,0.0,0.0,92.70700000000001,101,1.7,12.0,24.305,12.0,1.31,3.0,737.7,0.0,145.0,72.0,2.0,500.0,12.0,700.0,6.0,,,2.87778,14.200610000000001,1.644857031,101.848072,,,
100.0,0.0,0.0,92.70700000000001,101,3.0,12.0,24.305,12.0,1.31,3.0,737.7,0.0,145.0,72.0,2.0,500.0,12.0,700.0,6.0,,,2.87764,14.20289,1.64520116,101.8545134,,,
100.0,0.0,0.0,92.70700000000001,101,5.0,12.0,24.305,12.0,1.31,3.0,737.7,0.0,145.0,72.0,2.0,500.0,12.0,700.0,6.0,,,2.8787599999999998,14.21035,1.645424882,101.98735429999999,,,
100.0,0.0,0.0,92.70700000000001,101,,,,,,,,,,,,500.0,12.0,700.0,6.0,,,2.87771,14.19726,1.644509002,101.81909190000002,,,
50.0,20.0,30.0,92.02799999999999,105,,,,,,,,,,,,,,900.0,12.0,,,2.8667,14.2136,1.652724968,101.1577623,,,
50.0,20.0,30.0,92.02799999999999,105,0.01,13.0,26.982,13.0,1.61,1.0,577.5,41.8,118.0,53.0,3.0,,,900.0,12.0,,,2.8676,14.2298,1.654089366,101.33665649999999,,,
80.0,10.0,10.0,92.3555,105,,,,,,,,,,,,450.0,5.0,800.0,15.0,,,2.8734,14.1956,1.646783137,101.50245809999998,,,
80.0,10.0,10.0,92.3555,105,,,,,,,,,,,,450.0,5.0,800.0,15.0,,,2.8733,14.1997,1.647316094,101.5247074,,,
80.0,10.0,10.0,92.3555,105,,,,,,,,,,,,450.0,5.0,800.0,15.0,,,2.8733,14.1999,1.647339296,101.5261373,,,
80.0,20.0,0.0,91.956,110,,,,,,,,,,,,550.0,5.0,780.0,15.0,,5,2.8761,14.2129,1.647242215,101.8172344,1.3295,,
80.0,20.0,0.0,91.956,110,0.5,41.0,92.90638,41.0,1.6,1.0,652.1,88.0,146.0,72.0,5.0,550.0,5.0,780.0,15.0,,5,2.8776,14.2226,1.6475071819999998,101.9930261,1.4632,,
80.0,20.0,0.0,91.956,110,1.0,41.0,92.90638,41.0,1.6,1.0,652.1,88.0,146.0,72.0,5.0,550.0,5.0,780.0,15.0,,5,2.8782,14.234000000000002,1.648484006,102.1173488,1.5378,,
80.0,20.0,0.0,91.956,110,1.5,41.0,92.90638,41.0,1.6,1.0,652.1,88.0,146.0,72.0,5.0,550.0,5.0,780.0,15.0,,5,2.8787,14.2443,1.64939035,102.2267512,1.3965,,
80.0,20.0,0.0,91.956,110,,,,,,,,,,,,550.0,5.0,780.0,15.0,,5,,,,,,,
80.0,20.0,0.0,91.956,110,1.0,41.0,92.90638,41.0,1.6,1.0,652.1,88.0,146.0,72.0,5.0,550.0,5.0,780.0,15.0,,5,,,,,,,
100.0,0.0,0.0,92.70700000000001,103,,,,,,,,,,,,480.0,10.0,700.0,16.0,,,2.8775,14.1975,1.64465682,101.805953,1.6799,,
100.0,0.0,0.0,92.70700000000001,103,1.0,41.0,92.90638,41.0,1.6,1.0,652.1,88.0,146.0,72.0,5.0,480.0,10.0,700.0,16.0,,,2.8803,14.2118,1.644712935,102.10691800000001,1.7039,,
100.0,0.0,0.0,92.70700000000001,103,,,,,,,,,,,,480.0,10.0,700.0,16.0,,,,,,,,,
100.0,0.0,0.0,92.70700000000001,103,1.0,41.0,92.90638,41.0,1.6,1.0,652.1,88.0,146.0,72.0,5.0,480.0,10.0,700.0,16.0,,,,,,,,,
100.0,0.0,0.0,92.70700000000001,103,,,,,,,,,,,,480.0,10.0,700.0,16.0,,,,,,,,,
100.0,0.0,0.0,92.70700000000001,103,1.0,41.0,92.90638,41.0,1.6,1.0,652.1,88.0,146.0,72.0,5.0,480.0,10.0,700.0,16.0,,,,,,,,,
90.0,5.0,5.0,92.53125,101,,,,,,,,,,,,,,750.0,28.0,,,2.8702,14.1792,1.646714515,101.15950140000001,,,
90.0,5.0,5.0,92.53125,101,,,,,,,,,,,,,,750.0,28.0,,,,,,,,,
90.0,5.0,5.0,92.53125,101,,,,,,,,,,,,,,750.0,28.0,,,,,,,,,
90.0,5.0,5.0,92.53125,101,0.5,13.0,26.982,13.0,1.61,1.0,577.5,41.8,118.0,53.0,3.0,,,750.0,28.0,,,,,,,,,
90.0,5.0,5.0,92.53125,101,0.5,13.0,26.982,13.0,1.61,1.0,577.5,41.8,118.0,53.0,3.0,,,750.0,28.0,,,,,,,,,
90.0,5.0,5.0,92.53125,101,1.0,13.0,26.982,13.0,1.61,1.0,577.5,41.8,118.0,53.0,3.0,,,750.0,28.0,,,2.8703,14.1829,1.6470868319999998,101.1929495,,,
90.0,5.0,5.0,92.53125,101,1.0,13.0,26.982,13.0,1.61,1.0,577.5,41.8,118.0,53.0,3.0,,,750.0,28.0,,,,,,,,,
90.0,5.0,5.0,92.53125,101,2.0,13.0,26.982,13.0,1.61,1.0,577.5,41.8,118.0,53.0,3.0,,,750.0,28.0,,,2.8703,14.1836,1.647168124,101.1979439,,,
90.0,5.0,5.0,92.53125,101,2.0,13.0,26.982,13.0,1.61,1.0,577.5,41.8,118.0,53.0,3.0,,,750.0,28.0,,,,,,,,,
90.0,5.0,5.0,92.53125,101,3.0,13.0,26.982,13.0,1.61,1.0,577.5,41.8,118.0,53.0,3.0,,,750.0,28.0,,,2.8705,14.186,1.647332056,101.2291732,,,
90.0,5.0,5.0,92.53125,101,3.0,13.0,26.982,13.0,1.61,1.0,577.5,41.8,118.0,53.0,3.0,,,750.0,28.0,,,,,,,,,
90.0,5.0,5.0,92.53125,101,5.0,13.0,26.982,13.0,1.61,1.0,577.5,41.8,118.0,53.0,3.0,,,750.0,28.0,,,,,,,,,
90.0,5.0,5.0,92.53125,101,5.0,13.0,26.982,13.0,1.61,1.0,577.5,41.8,118.0,53.0,3.0,,,750.0,28.0,,,,,,,,,
100.0,0.0,0.0,92.70700000000001,101,,,,,,,,,,,,450.0,3.0,700.0,3.0,,,2.878,14.2196,1.646930739,101.9998635,1.75,,
100.0,0.0,0.0,92.70700000000001,101,2.0,29.0,63.54600000000001,29.0,1.9,2.0,745.5,119.0,128.0,73.0,2.0,450.0,3.0,700.0,3.0,,,2.8781,14.2214,1.647081987,102.0198645,1.82,,
80.0,10.0,10.0,92.3555,105,,,,,,,,,,,,,,800.0,16.0,,5,2.8731,14.2124,1.648904203,101.60136390000001,,,
80.0,10.0,10.0,92.3555,105,0.5,73.0,180.94788,73.0,1.5,2.0,761.0,31.0,146.0,72.0,5.0,,,800.0,16.0,,5,2.8756,14.22,1.6483516480000002,101.83268100000001,,,
80.0,10.0,10.0,92.3555,105,0.7,73.0,180.94788,73.0,1.5,2.0,761.0,31.0,146.0,72.0,5.0,,,800.0,16.0,,5,2.8746,14.2212,1.6490642180000001,101.77045550000001,,,
80.0,10.0,10.0,92.3555,105,1.3,73.0,180.94788,73.0,1.5,2.0,761.0,31.0,146.0,72.0,5.0,,,800.0,16.0,,5,2.8755,14.2285,1.6493943080000002,101.8864648,,,
80.0,10.0,10.0,92.3555,105,0.5,73.0,180.94788,73.0,1.5,2.0,761.0,31.0,146.0,72.0,5.0,,,800.0,16.0,,5,,,,,,,
80.0,10.0,10.0,92.3555,105,0.7,73.0,180.94788,73.0,1.5,2.0,761.0,31.0,146.0,72.0,5.0,,,800.0,16.0,,5,,,,,,,
80.0,10.0,10.0,92.3555,100,,,,,,,,,,,,500.0,5.0,800.0,15.0,,,2.8744,14.2139,1.648332406,101.7040613,1.318,,
80.0,10.0,10.0,92.3555,100,5.0,11.0,22.99,11.0,0.93,1.0,495.8,52.8,186.0,102.0,1.0,500.0,5.0,800.0,15.0,,,2.8754,14.2142,1.64779393,101.7769871,1.3459999999999999,,
80.0,10.0,10.0,92.3555,100,10.0,11.0,22.99,11.0,0.93,1.0,495.8,52.8,186.0,102.0,1.0,500.0,5.0,800.0,15.0,,3?,2.8754,14.2206,1.6485358559999999,101.82281259999999,1.383,,
80.0,10.0,10.0,92.3555,100,15.0,11.0,22.99,11.0,0.93,1.0,495.8,52.8,186.0,102.0,1.0,500.0,5.0,800.0,15.0,,,2.8754,14.2207,1.6485474480000002,101.8235286,1.281,,
88.0,4.0,8.0,92.57600000000001,103,,,,,,,,,,,,500.0,5.0,750.0,12.0,,5,2.87498,14.19225,1.6454897080000002,101.5901356,1.36,,
88.0,4.0,8.0,92.57600000000001,103,0.5,13.0,26.982,13.0,1.61,1.0,577.5,41.8,118.0,53.0,3.0,500.0,5.0,751.0,13.0,,5,2.87351,14.195379999999998,1.6466945769999999,101.5086566,1.39,,
88.0,4.0,8.0,92.57600000000001,103,0.5,11.0,22.99,11.0,0.93,1.0,495.8,52.8,186.0,102.0,1.0,500.0,5.0,752.0,14.0,,5,2.87502,14.19832,1.646170577,101.6364137,1.42,,
88.0,4.0,8.0,92.57600000000001,103,,,,,,,,,,,,500.0,5.0,753.0,15.0,,5,2.87448,14.20837,1.647645255,101.67015190000001,1.44,,
94.0,0.0,6.0,92.7214,105,,,,,,,,,,,,640.0,15.0,680.0,15.0,,,2.8711,14.175999999999998,1.645826803,101.2001077,1.49,,
94.0,0.0,6.0,92.7214,105,0.02,12.0,24.305,12.0,1.31,3.0,737.7,0.0,145.0,72.0,2.0,640.0,15.0,680.0,15.0,,,2.8744,14.1917,1.645757955,101.5452147,1.33,,
76.0,14.0,10.0,92.2053,105,,,,,,,,,,,,500.0,10.0,750.0,20.0,,,2.875,14.229000000000001,1.64973913,101.8546144,,,
76.0,14.0,10.0,92.2053,105,1.0,13.0,26.982,13.0,1.61,1.0,577.5,41.8,118.0,53.0,3.0,500.0,10.0,750.0,20.0,,,2.873,14.231,1.6511196190000001,101.7272495,,,
70.0,15.0,15.0,92.17975,103,,,,,,,,,,,,,,820.0,12.0,,,2.8722,14.2158,1.6498154719999998,101.56201109999999,,,
70.0,15.0,15.0,92.17975,103,1.6,13.0,26.982,13.0,1.61,1.0,577.5,41.8,118.0,53.0,3.0,,,820.0,12.0,,,2.8693,14.2243,1.652470405,101.4176286,,,
92.0,3.6,4.4,92.58238,101,,,,,,,,,,,,,,750.0,10.0,,2,,,,,2.329,,45327.0
92.0,3.6,4.4,92.58238,101,1.0,13.0,26.982,13.0,1.61,1.0,577.5,41.8,118.0,53.0,3.0,,,750.0,10.0,,2,,,,,2.46,,2.5
92.0,3.6,4.4,92.58238,101,1.0,41.0,92.90638,41.0,1.6,1.0,652.1,88.0,146.0,72.0,5.0,,,770.0,10.0,,2,,,,,2.122,,5.0
92.0,3.6,4.4,92.58238,101,,,,,,,,,,,,,,770.0,10.0,,2,,,,,2.338,,5.0
85.0,5.0,10.0,92.54325,102,,,,,,,,,,,,,,760.0,6.0,,,2.87,14.19,1.648083624,101.2224444,1.6,,
85.0,5.0,10.0,92.54325,102,5.0,60.0,144.24,60.0,1.14,7.0,533.1,0.0,181.0,98.0,3.0,,,760.0,6.0,,,2.87,14.18,1.6469221840000001,101.1511107,1.07,,
85.0,5.0,10.0,92.54325,102,5.0,39.0,88.90585,39.0,1.22,1.0,600.0,29.6,212.0,90.0,3.0,,,760.0,6.0,,,2.87,14.16,1.6445993030000001,101.0084434,0.97,,
90.0,10.0,0.0,92.3315,105,,,,,,,,,,,,,,770.0,20.0,,,2.87521,14.20716,1.6470866480000002,101.7131358,,,
90.0,10.0,0.0,92.3315,105,0.5,41.0,92.90638,41.0,1.6,1.0,652.1,88.0,146.0,72.0,5.0,,,770.0,20.0,,,2.87652,14.208110000000001,1.646446632,101.8126493,,,
90.0,10.0,0.0,92.3315,105,1.0,41.0,92.90638,41.0,1.6,1.0,652.1,88.0,146.0,72.0,5.0,,,770.0,20.0,,,2.877,14.20894,1.6462681030000001,101.8525803,,,
90.0,10.0,0.0,92.3315,105,2.0,41.0,92.90638,41.0,1.6,1.0,652.1,88.0,146.0,72.0,5.0,,,770.0,20.0,,,2.8794,14.217070000000001,1.645837096,102.0809573,,,
80.0,10.0,10.0,92.3555,105,,,,,,,,,,,,450.0,5.0,775.0,15.0,,2,2.8696,14.206,1.650171917,101.30833299999999,,,
80.0,10.0,10.0,92.3555,105,5.0,35.0,79.904,35.0,2.96,2.0,1139.9,324.6,120.0,196.0,7.0,450.0,5.0,775.0,15.0,,2,2.8707,14.205,1.6494234859999999,101.37887990000002,,,
80.0,10.0,10.0,92.3555,105,5.0,17.0,35.453,17.0,3.16,2.0,1251.2,348.7,99.0,181.0,7.0,450.0,5.0,775.0,15.0,,2,2.8719,14.2064,1.648896781,101.47365359999999,,,
80.0,10.0,10.0,92.3555,105,5.0,9.0,18.998,9.0,3.98,1.0,1681.0,328.0,64.0,133.0,1.0,450.0,5.0,775.0,15.0,,2,2.8778,14.2253,1.6477054230000001,102.026569,,,
92.5,3.0,4.5,92.60515,105,,,,,,,,,,,,,,750.0,15.0,,,2.8819999999999997,14.2272,1.6455239419999999,102.33825829999999,1.575,,
92.5,3.0,4.5,92.60515,105,0.4,41.0,92.90638,41.0,1.6,1.0,652.1,88.0,146.0,72.0,5.0,,,750.0,15.0,,,2.8841,14.2339,1.645100147,102.5357166,1.541,,
92.5,3.0,4.5,92.60515,105,2.0,9.0,18.998,9.0,3.98,1.0,1681.0,328.0,64.0,133.0,1.0,,,750.0,15.0,,,2.8833,14.2337,1.645533474,102.4774013,1.5319999999999998,,
92.5,3.0,4.5,92.60515,105,,,,,,,,,,,,,,750.0,15.0,,,2.8864,14.2381,1.644274298,102.7296249,1.4969999999999999,,
83.0,5.0,12.0,92.54805,101,,,,,,,,,,,,,,760.0,12.0,,,2.8703,14.1902,1.647934595,101.24503390000001,,,
83.0,5.0,12.0,92.54805,101,0.5,40.0,91.22399999999999,40.0,1.33,5.0,640.1,41.1,160.0,86.0,4.0,,,760.0,12.0,,,2.8722,14.1949,1.647389922,101.4126952,,,
83.0,5.0,12.0,92.54805,101,1.0,40.0,91.22399999999999,40.0,1.33,5.0,640.1,41.1,160.0,86.0,4.0,,,760.0,12.0,,,2.8734,14.2065,1.648047609,101.58039620000001,,,
83.0,5.0,12.0,92.54805,101,5.0,40.0,91.22399999999999,40.0,1.33,5.0,640.1,41.1,160.0,86.0,4.0,,,760.0,12.0,,,2.8756,14.2243,1.648850095,101.86347430000001,,,
80.0,10.0,10.0,92.3555,105,,,,,,,,,,,,,,600.0,5.0,,,,,,,,,
80.0,10.0,10.0,92.3555,105,3.0,38.0,87.62,38.0,0.95,4.0,549.5,5.03,219.0,132.0,2.0,,,600.0,5.0,,,,,,,,,
80.0,10.0,10.0,92.3555,105,,,,,,,,,,,,,,600.0,5.0,,,,,,,,,
80.0,10.0,10.0,92.3555,105,3.0,38.0,87.62,38.0,0.95,4.0,549.5,5.03,219.0,132.0,2.0,,,600.0,5.0,,,,,,,,,
80.0,10.0,10.0,92.3555,105,,,,,,,,,,,,480.0,6.0,750.0,15.0,,,2.8689999999999998,14.1919,1.64887882,101.1654623,,,
80.0,10.0,10.0,92.3555,105,0.5,41.0,92.90638,41.0,1.6,1.0,652.1,88.0,146.0,72.0,5.0,480.0,6.0,750.0,15.0,,,2.8689999999999998,14.1918,1.6488672009999998,101.1647495,,,
80.0,10.0,10.0,92.3555,105,1.0,41.0,92.90638,41.0,1.6,1.0,652.1,88.0,146.0,72.0,5.0,480.0,6.0,750.0,15.0,,,2.8716,14.2032,1.64869759,101.4296025,,,
80.0,10.0,10.0,92.3555,105,3.0,41.0,92.90638,41.0,1.6,1.0,652.1,88.0,146.0,72.0,5.0,480.0,6.0,750.0,15.0,,,2.8776,14.2264,1.647947364,102.02027659999999,,,
83.0,6.0,11.0,92.5081,105,,,,,,,,,,,,500.0,4.0,750.0,12.0,100*10^-3,3,2.8746,14.2129,1.648101765,101.71105859999999,,,
83.0,6.0,11.0,92.5081,105,0.5,42.0,95.95,42.0,2.16,7.0,684.3,72.1,139.0,69.0,6.0,500.0,4.0,750.0,12.0,100*10^-3,3,2.8761,14.2145,1.6474276509999999,101.8286963,,,
83.0,6.0,11.0,92.5081,105,0.5,9.0,18.998,9.0,3.98,1.0,1681.0,328.0,64.0,133.0,1.0,500.0,4.0,750.0,12.0,100*10^-3,3,,,,,,,
83.0,6.0,11.0,92.5081,105,,,,,,,,,,,,500.0,4.0,750.0,12.0,100*10^-3,3,2.8760000000000003,14.2191,1.648018081,101.85456620000001,,,
88.0,9.5,2.5,92.356275,105,,,,,,,,,,,,,,760.0,16.0,,,2.874635,14.186884,1.645064968,101.52735390000001,1.0859999999999999,,
88.0,9.5,2.5,92.356275,105,1.0,13.0,26.982,13.0,1.61,1.0,577.5,41.8,118.0,53.0,3.0,,,760.0,16.0,,,2.873081,14.186967999999998,1.645964501,101.4182147,1.094,,
88.0,9.5,2.5,92.356275,105,2.0,13.0,26.982,13.0,1.61,1.0,577.5,41.8,118.0,53.0,3.0,,,760.0,16.0,,,2.872607,14.189713000000001,1.6465546219999998,101.4043702,1.265,,
88.0,9.5,2.5,92.356275,105,3.0,13.0,26.982,13.0,1.61,1.0,577.5,41.8,118.0,53.0,3.0,,,760.0,16.0,,,2.871737,14.190898,1.6471909969999998,101.35141999999999,1.288,,
80.0,10.0,10.0,92.3555,105,,,,,,,,,,,,500.0,6.0,850.0,12.0,,5,,,,,,,
80.0,10.0,10.0,92.3555,105,,,,,,,,,,,,500.0,6.0,850.0,12.0,,5,,,,,,,
80.0,10.0,10.0,92.3555,105,,,,,,,,,,,,450.0,6.0,750.0,15.0,,,2.865745,14.157043,1.646697223,100.68812870000001,,,
80.0,10.0,10.0,92.3555,105,,,,,,,,,,,,450.0,6.0,750.0,15.0,,,2.8750080000000002,14.220396,1.6487369769999998,101.79359140000001,,,
80.0,10.0,10.0,92.3555,105,,,,,,,,,,,,450.0,6.0,750.0,15.0,,,2.865745,14.157043,1.646697223,100.68812870000001,,,
80.0,10.0,10.0,92.3555,105,,,,,,,,,,,,450.0,6.0,750.0,15.0,,,2.8750080000000002,14.220396,1.6487369769999998,101.79359140000001,,,
92.0,4.0,4.0,92.5664,100,,,,,,,,,,,,,,780.0,10.0,,,2.8796,14.2278,1.6469648559999999,102.1721926,1.39,,
92.0,4.0,4.0,92.5664,100,1.0,74.0,183.84,74.0,2.36,5.0,770.0,78.6,139.0,66.0,6.0,,,780.0,10.0,,,2.8792,14.2979,1.655309345,102.6470693,1.08,,
92.0,4.0,4.0,92.5664,100,2.0,74.0,183.84,74.0,2.36,5.0,770.0,78.6,139.0,66.0,6.0,,,780.0,10.0,,,,,,,,,
92.0,4.0,4.0,92.5664,100,0.5,74.0,183.84,74.0,2.36,5.0,770.0,78.6,139.0,66.0,6.0,,,780.0,10.0,,,,,,,,,
92.0,4.0,4.0,92.5664,100,0.25,74.0,183.84,74.0,2.36,5.0,770.0,78.6,139.0,66.0,6.0,,,780.0,10.0,,,,,,,,,
90.0,5.0,5.0,92.53125,105,,,,,,,,,,,,450.0,5.0,850.0,12.0,,,2.8566,14.2284,1.6602954559999998,100.55080720000001,1.0388,,
90.0,5.0,5.0,92.53125,105,1.0,12.0,24.305,12.0,1.31,3.0,737.7,0.0,145.0,72.0,2.0,450.0,5.0,850.0,12.0,,,2.8631,14.2214,1.6557111759999998,100.9592272,1.4904,,
90.0,5.0,5.0,92.53125,105,3.0,12.0,24.305,12.0,1.31,3.0,737.7,0.0,145.0,72.0,2.0,450.0,5.0,850.0,12.0,,,2.8746,14.2189,1.648797514,101.7539961,1.2799,,
90.0,5.0,5.0,92.53125,105,5.0,12.0,24.305,12.0,1.31,3.0,737.7,0.0,145.0,72.0,2.0,450.0,5.0,850.0,12.0,,,2.8751,14.2153,1.6480933999999998,101.76362540000001,1.2481,,
92.0,6.0,2.0,92.4865,105,1.0,12.0,24.305,12.0,1.31,3.0,737.7,0.0,145.0,72.0,2.0,480.0,5.0,730.0,15.0,,2,2.8728,14.1954,1.6471038709999999,101.45864329999999,1.3,,
92.0,6.0,2.0,92.4865,105,,,,,,,,,,,,480.0,5.0,730.0,15.0,,2,2.8765,14.2018,1.6457268669999998,101.7660179,1.44,,
92.0,6.0,2.0,92.4865,105,,,,,,,,,,,,480.0,5.0,730.0,15.0,,2,2.8779,14.2031,1.64507685,101.874426,1.4,,
92.0,6.0,2.0,92.4865,105,,,,,,,,,,,,480.0,5.0,730.0,15.0,,2,2.8802,14.2112,1.644700599,102.0955176,1.31,,
90.0,10.0,0.0,92.3315,103,,,,,,,,,,,,,,730.0,12.0,,,2.87702,14.212010000000001,1.646612351,101.87600309999999,,,
90.0,10.0,0.0,92.3315,103,1.0,12.0,24.305,12.0,1.31,3.0,737.7,0.0,145.0,72.0,2.0,,,730.0,12.0,,,2.87148,14.189210000000001,1.6471424719999999,101.32122679999999,,,
90.0,10.0,0.0,92.3315,103,1.0,26.0,55.845,26.0,1.83,4.0,762.5,15.7,126.0,64.0,3.0,,,730.0,12.0,,,2.8803900000000002,14.22417,1.646093064,102.2021789,,,
90.0,10.0,0.0,92.3315,103,,,,,,,,,,,,,,730.0,12.0,,,2.88033,14.223770000000002,1.646081062,102.1950472,,,
18.75,62.5,18.75,90.405125,116,2.5,13.0,26.982,13.0,1.61,1.0,577.5,41.8,118.0,53.0,3.0,,,900.0,8.0,,,2.8539999999999996,14.165,1.6544031769999998,99.92062644,1.21,,
18.75,62.5,18.75,90.405125,116,,,,,,,,,,,,,,900.0,8.0,,,2.852,14.244000000000002,1.664796634,100.3371218,1.34,,
18.75,62.5,18.75,90.405125,116,,,,,,,,,,,,,,900.0,8.0,,,2.855,14.234000000000002,1.661879743,100.47773079999999,1.32,,
18.75,62.5,18.75,90.405125,116,,,,,,,,,,,,,,900.0,8.0,,,2.8569999999999998,14.251,1.662699802,100.7387256,1.41,,
80.0,15.0,5.0,92.15575,106,,,,,,,,,,,,480.0,5.0,800.0,15.0,,,2.87632,14.220089999999999,1.6479494630000002,101.8843265,1.43,,
80.0,15.0,5.0,92.15575,106,1.0,12.0,24.305,12.0,1.31,3.0,737.7,0.0,145.0,72.0,2.0,480.0,5.0,800.0,15.0,,,2.87546,14.2188,1.648292795,101.81417309999999,1.47,,
80.0,15.0,5.0,92.15575,106,2.0,12.0,24.305,12.0,1.31,3.0,737.7,0.0,145.0,72.0,2.0,480.0,5.0,800.0,15.0,,,2.87255,14.20491,1.648350768,101.5089445,1.53,,
80.0,15.0,5.0,92.15575,106,3.0,12.0,24.305,12.0,1.31,3.0,737.7,0.0,145.0,72.0,2.0,480.0,5.0,800.0,15.0,,,2.87224,14.202689999999999,1.648271036,101.4711755,1.45,,
80.0,15.0,5.0,92.15575,106,,,,,,,,,,,,480.0,5.0,800.0,15.0,,,2.87632,14.220089999999999,1.6479494630000002,101.8843265,1.43,,
80.0,15.0,5.0,92.15575,106,,,,,,,,,,,,480.0,5.0,800.0,15.0,,,2.87632,14.220089999999999,1.6479494630000002,101.8843265,1.43,,
80.0,15.0,5.0,92.15575,106,,,,,,,,,,,,480.0,5.0,800.0,15.0,,,2.87632,14.220089999999999,1.6479494630000002,101.8843265,1.43,,
80.0,15.0,5.0,92.15575,106,2.0,12.0,24.305,12.0,1.31,3.0,737.7,0.0,145.0,72.0,2.0,480.0,5.0,800.0,15.0,,,2.87255,14.20491,1.648350768,101.5089445,1.53,,
80.0,15.0,5.0,92.15575,106,2.0,12.0,24.305,12.0,1.31,3.0,737.7,0.0,145.0,72.0,2.0,480.0,5.0,800.0,15.0,,,2.87255,14.20491,1.648350768,101.5089445,1.53,,
80.0,15.0,5.0,92.15575,106,2.0,12.0,24.305,12.0,1.31,3.0,737.7,0.0,145.0,72.0,2.0,480.0,5.0,800.0,15.0,,,2.87255,14.20491,1.648350768,101.5089445,1.53,,
92.0,4.0,4.0,92.5664,104,,,,,,,,,,,,,,745.0,15.0,,,2.8739999999999997,14.193,1.6461377869999998,101.52625390000001,1.78,,
92.0,4.0,4.0,92.5664,104,0.1,73.0,180.94788,73.0,1.5,2.0,761.0,31.0,146.0,72.0,5.0,,,745.0,15.0,,,2.8739999999999997,14.198,1.646717699,101.5620202,1.66,,
92.0,4.0,4.0,92.5664,104,0.2,73.0,180.94788,73.0,1.5,2.0,761.0,31.0,146.0,72.0,5.0,,,745.0,15.0,,,2.8739999999999997,14.198,1.646717699,101.5620202,1.53,,
92.0,4.0,4.0,92.5664,104,0.3,73.0,180.94788,73.0,1.5,2.0,761.0,31.0,146.0,72.0,5.0,,,745.0,15.0,,,2.8739999999999997,14.203,1.647297611,101.59778659999999,1.46,,
92.0,4.0,4.0,92.5664,104,,,,,,,,,,,,,,745.0,15.0,,,2.8739999999999997,14.193,1.6461377869999998,101.52625390000001,1.78,,
92.0,4.0,4.0,92.5664,104,0.1,73.0,180.94788,73.0,1.5,2.0,761.0,31.0,146.0,72.0,5.0,,,745.0,15.0,,,2.8739999999999997,14.198,1.646717699,101.5620202,1.66,,
92.0,4.0,4.0,92.5664,104,0.2,73.0,180.94788,73.0,1.5,2.0,761.0,31.0,146.0,72.0,5.0,,,745.0,15.0,,,2.8739999999999997,14.198,1.646717699,101.5620202,1.53,,
92.0,4.0,4.0,92.5664,104,0.3,73.0,180.94788,73.0,1.5,2.0,761.0,31.0,146.0,72.0,5.0,,,745.0,15.0,,,2.8739999999999997,14.203,1.647297611,101.59778659999999,1.46,,
92.0,4.0,4.0,92.5664,104,,,,,,,,,,,,,,745.0,15.0,,,2.8739999999999997,14.193,1.6461377869999998,101.52625390000001,1.78,,
92.0,4.0,4.0,92.5664,104,0.1,73.0,180.94788,73.0,1.5,2.0,761.0,31.0,146.0,72.0,5.0,,,745.0,15.0,,,2.8739999999999997,14.198,1.646717699,101.5620202,1.66,,
92.0,4.0,4.0,92.5664,104,0.2,73.0,180.94788,73.0,1.5,2.0,761.0,31.0,146.0,72.0,5.0,,,745.0,15.0,,,2.8739999999999997,14.198,1.646717699,101.5620202,1.53,,
92.0,4.0,4.0,92.5664,104,0.3,73.0,180.94788,73.0,1.5,2.0,761.0,31.0,146.0,72.0,5.0,,,745.0,15.0,,,2.8739999999999997,14.203,1.647297611,101.59778659999999,1.46,,
95.0,5.0,0.0,92.51925,105,,,,,,,,,,,,490.0,5.0,680.0,12.0,,,2.8739999999999997,14.186,1.64532591,101.4761811,1.38,,
100.0,0.0,0.0,92.70700000000001,105,0.05,12.0,24.305,12.0,1.31,3.0,737.7,0.0,145.0,72.0,2.0,490.0,5.0,680.0,12.0,,,2.877,14.210999999999999,1.6465067780000002,101.86734679999999,1.32,,
95.0,0.0,5.0,92.719,105,,,,,,,,,,,,490.0,5.0,680.0,12.0,,,2.877,14.194,1.6445371340000001,101.7454874,1.15,,
83.0,6.0,11.0,92.5081,105,,,,,,,,,,,,500.0,5.0,750.0,15.0,,,2.8689,14.1852,1.648157831,101.1106532,1.43,,
83.0,6.0,11.0,92.5081,105,,,,,,,,,,,,500.0,5.0,750.0,15.0,,,2.8693,14.185,1.6479048319999998,101.13742420000001,1.71,,
83.0,6.0,11.0,92.5081,105,0.5,22.0,47.867,22.0,1.54,5.0,658.8,7.6,147.0,74.0,3.0,500.0,5.0,750.0,15.0,,,2.8694,14.1929,1.648765131,101.20080390000001,1.81,,
83.0,6.0,11.0,92.5081,105,,,,,,,,,,,,500.0,5.0,750.0,15.0,,,2.8696,14.2062,1.650195149,101.3097593,1.98,,
100.0,0.0,0.0,92.70700000000001,105,,,,,,,,,,,,500.0,5.0,750.0,18.0,,,2.88044,14.19331,1.642493276,101.983987,1.58,,
100.0,0.0,0.0,92.70700000000001,105,5.0,22.0,47.867,22.0,1.54,5.0,658.8,7.6,147.0,74.0,3.0,500.0,5.0,750.0,18.0,,,2.88177,14.244710000000001,1.64768065,102.4478564,1.43,,
100.0,0.0,0.0,92.70700000000001,105,,,,,,,,,,,,500.0,5.0,750.0,18.0,,,2.8806700000000003,14.20321,1.643507702,102.0714207,1.8,,
100.0,0.0,0.0,92.70700000000001,105,5.0,13.0,26.982,13.0,1.61,1.0,577.5,41.8,118.0,53.0,3.0,500.0,5.0,750.0,18.0,,,2.87482,14.193079999999998,1.6456775259999998,101.584769,1.75,,
67.5,16.25,16.25,92.1358125,120,,,,,,,,,,,,450.0,5.0,900.0,12.0,,,2.8509599999999997,14.228710000000001,1.6636162319999999,100.1563312,1.3,,
67.5,16.25,16.25,92.1358125,120,0.003,70.0,173.04,70.0,1.1,7.0,603.4,0.0,222.0,102.0,3.0,450.0,5.0,900.0,12.0,,,2.85135,14.230220000000001,1.663565212,100.1943669,1.54,,
67.5,16.25,16.25,92.1358125,120,0.05,70.0,173.04,70.0,1.1,7.0,603.4,0.0,222.0,102.0,3.0,450.0,5.0,900.0,12.0,,,2.8544,14.255270000000001,1.6647129580000002,100.58558459999999,1.49,,
25.0,75.0,0.0,89.89075,120,,,,,,,,,,,,450.0,5.0,900.0,15.0,,,2.8597,14.1788,1.652714154,100.41788249999999,1.52,,
25.0,75.0,0.0,89.89075,120,0.03,16.0,32.065,16.0,2.58,4.0,999.6,200.4,104.0,184.0,6.0,450.0,5.0,900.0,15.0,,,,,,,,,
25.0,75.0,0.0,89.89075,120,0.03,48.0,112.41,48.0,1.69,8.0,867.8,0.0,161.0,95.0,2.0,450.0,5.0,900.0,15.0,,,,,,,,,
25.0,75.0,0.0,89.89075,120,,,,,,,,,,,,450.0,5.0,900.0,15.0,,,2.8619,14.2277,1.6571391969999998,100.9193025,1.33,,
25.0,75.0,0.0,89.89075,120,,,,,,,,,,,,450.0,5.0,900.0,15.0,,,2.86,14.2153,1.6567948719999999,100.697509,1.39,,
25.0,75.0,0.0,89.89075,120,,,,,,,,,,,,450.0,5.0,900.0,15.0,,,2.8648,14.2504,1.658102951,101.28527290000001,1.28,,
95.0,2.0,3.0,92.6391,101,1.0,13.0,26.982,13.0,1.61,1.0,577.5,41.8,118.0,53.0,3.0,,,680.0,10.0,,,2.87255,14.19195,1.646846878,101.4163317,1.6,,
95.0,2.0,3.0,92.6391,101,1.0,13.0,26.982,13.0,1.61,1.0,577.5,41.8,118.0,53.0,3.0,,,700.0,10.0,,,2.87304,14.19929,1.647417602,101.5034037,1.5,,
95.0,2.0,3.0,92.6391,101,1.0,13.0,26.982,13.0,1.61,1.0,577.5,41.8,118.0,53.0,3.0,,,730.0,10.0,,,2.87319,14.20196,1.6476413559999998,101.5330914,1.25,,
95.0,2.0,3.0,92.6391,101,1.0,13.0,26.982,13.0,1.61,1.0,577.5,41.8,118.0,53.0,3.0,,,750.0,10.0,,,2.87296,14.20241,1.6478254719999998,101.5200531,1.25,,
95.0,2.0,3.0,92.6391,101,,,,,,,,,,,,,,700.0,10.0,,,2.87435,14.198160000000001,1.6465357390000002,101.5879033,2.75,,
95.0,2.0,3.0,92.6391,101,,,,,,,,,,,,,,730.0,10.0,,,2.8741,14.198570000000002,1.646726511,101.5731656,1.7,,
95.0,2.0,3.0,92.6391,101,,,,,,,,,,,,,,750.0,10.0,,,2.8744099999999997,14.201429999999998,1.646880577,101.6155423,1.65,,
95.0,2.0,3.0,92.6391,101,,,,,,,,,,,,,,770.0,10.0,,,2.8748400000000003,14.20324,1.646844114,101.65890209999999,1.95,,
95.0,2.0,3.0,92.6391,101,,,,,,,,,,,,,,790.0,10.0,,,2.87472,14.201210000000001,1.646677474,101.63588709999999,2.0,,
95.0,2.0,3.0,92.6391,101,,,,,,,,,,,,,,700.0,10.0,,,2.87541,14.19781,1.645888181,101.660338,3.9,,
95.0,2.0,3.0,92.6391,101,,,,,,,,,,,,,,730.0,10.0,,,2.87568,14.20204,1.646223966,101.7097243,3.63,,
95.0,2.0,3.0,92.6391,101,,,,,,,,,,,,,,750.0,10.0,,,2.8757900000000003,14.20454,1.646450772,101.7354111,2.5,,
95.0,2.0,3.0,92.6391,101,,,,,,,,,,,,,,770.0,10.0,,,2.87584,14.205210000000001,1.646499805,101.74374759999999,2.55,,
95.0,2.0,3.0,92.6391,101,,,,,,,,,,,,,,790.0,10.0,,,2.87596,14.205829999999999,1.646502965,101.7566797,2.45,,
95.0,2.0,3.0,92.6391,101,,,,,,,,,,,,,,810.0,10.0,,,2.87709,14.206579999999999,1.645943181,101.8420348,3.0,,
95.0,2.0,3.0,92.6391,101,,,,,,,,,,,,,,750.0,10.0,,,2.87723,14.20602,1.645798216,101.8479316,3.93,,
95.0,2.0,3.0,92.6391,101,,,,,,,,,,,,,,770.0,10.0,,,2.87696,14.207220000000001,1.6460917080000002,101.8374192,3.6,,
95.0,2.0,3.0,92.6391,101,,,,,,,,,,,,,,790.0,10.0,,,2.87724,14.2094,1.646184075,101.8728721,3.87,,
95.0,2.0,3.0,92.6391,101,,,,,,,,,,,,,,810.0,10.0,,,2.87764,14.209679999999999,1.645987684,101.90320720000001,3.73,,
95.0,2.0,3.0,92.6391,101,,,,,,,,,,,,,,830.0,10.0,,,2.8787599999999998,14.21261,1.645686569,102.0035742,4.4,,
80.0,10.0,10.0,92.3555,105,,,,,,,,,,,,,,750.0,20.0,,,2.8721,14.1791,1.6456135459999999,101.2927615,1.38,,
80.0,10.0,10.0,92.3555,105,,,,,,,,,,,,,,750.0,20.0,,,2.8721,14.1791,1.6456135459999999,101.2927615,1.38,,
80.0,10.0,10.0,92.3555,105,0.25,41.0,92.90638,41.0,1.6,1.0,652.1,88.0,146.0,72.0,5.0,,,750.0,20.0,,,2.8726,14.1873,1.646278633,101.38663199999999,1.224,,
80.0,10.0,10.0,92.3555,105,0.5,41.0,92.90638,41.0,1.6,1.0,652.1,88.0,146.0,72.0,5.0,,,750.0,20.0,,,2.8747,14.1963,1.646119595,101.5993333,1.2009999999999998,,
80.0,10.0,10.0,92.3555,105,1.0,41.0,92.90638,41.0,1.6,1.0,652.1,88.0,146.0,72.0,5.0,,,750.0,20.0,,,2.877,14.2,1.645232302,101.78849659999999,1.1024,,
80.0,10.0,10.0,92.3555,105,0.5,41.0,92.90638,41.0,1.6,1.0,652.1,88.0,146.0,72.0,5.0,,,750.0,20.0,,,2.8747,14.1963,1.646119595,101.5993333,1.2009999999999998,,
94.0,1.5,4.5,92.661475,103,0.1,31.0,69.723,31.0,1.81,2.0,578.8,28.9,136.0,62.0,3.0,,,680.0,24.0,,,2.8742,14.1848,1.6450722519999998,101.4817198,1.79,,
94.0,1.5,4.5,92.661475,103,0.25,31.0,69.723,31.0,1.81,2.0,578.8,28.9,136.0,62.0,3.0,,,680.0,24.0,,,2.8702,14.1772,1.6464822430000001,101.14523270000001,1.234,,
94.0,1.5,4.5,92.661475,103,,,,,,,,,,,,,,680.0,24.0,,,2.8705,14.1632,1.644684434,101.06647579999999,1.11,,
80.0,10.0,10.0,92.3555,103,,,,,,,,,,,,600.0,6.0,800.0,12.0,,,,,,,,,
80.0,10.0,10.0,92.3555,103,2.5,21.0,44.956,21.0,1.36,1.0,633.1,18.1,162.0,88.0,3.0,600.0,6.0,800.0,12.0,,,,,,,,,
80.0,10.0,10.0,92.3555,103,5.0,21.0,44.956,21.0,1.36,1.0,633.1,18.1,162.0,88.0,3.0,600.0,6.0,800.0,12.0,,,,,,,,,
80.0,10.0,10.0,92.3555,103,7.5,21.0,44.956,21.0,1.36,1.0,633.1,18.1,162.0,88.0,3.0,600.0,6.0,800.0,12.0,,,,,,,,,
100.0,0.0,0.0,92.70700000000001,103,,,,,,,,,,,,,,750.0,15.0,,,2.8808,14.2171,1.645040729,102.1804631,,,
100.0,0.0,0.0,92.70700000000001,103,0.05,13.0,26.982,13.0,1.61,1.0,577.5,41.8,118.0,53.0,3.0,,,750.0,15.0,,,2.8805,14.2341,1.647179309,102.28133869999999,,,
100.0,0.0,0.0,92.70700000000001,103,0.05,13.0,26.982,13.0,1.61,1.0,577.5,41.8,118.0,53.0,3.0,,,750.0,15.0,,,,,,,,,
100.0,0.0,0.0,92.70700000000001,103,0.05,13.0,26.982,13.0,1.61,1.0,577.5,41.8,118.0,53.0,3.0,,,750.0,15.0,,,,,,,,,
100.0,0.0,0.0,92.70700000000001,103,0.05,13.0,26.982,13.0,1.61,1.0,577.5,41.8,118.0,53.0,3.0,,,750.0,15.0,,,,,,,,,
100.0,0.0,0.0,92.70700000000001,103,0.1,13.0,26.982,13.0,1.61,1.0,577.5,41.8,118.0,53.0,3.0,,,750.0,15.0,,,2.8799,14.247,1.649015591,102.3313896,,,
100.0,0.0,0.0,92.70700000000001,103,0.1,13.0,26.982,13.0,1.61,1.0,577.5,41.8,118.0,53.0,3.0,,,750.0,15.0,,,,,,,,,
100.0,0.0,0.0,92.70700000000001,103,0.1,13.0,26.982,13.0,1.61,1.0,577.5,41.8,118.0,53.0,3.0,,,750.0,15.0,,,,,,,,,
100.0,0.0,0.0,92.70700000000001,103,0.1,13.0,26.982,13.0,1.61,1.0,577.5,41.8,118.0,53.0,3.0,,,750.0,15.0,,,,,,,,,
100.0,0.0,0.0,92.70700000000001,103,0.2,13.0,26.982,13.0,1.61,1.0,577.5,41.8,118.0,53.0,3.0,,,750.0,15.0,,,2.8754,14.2769,1.6550624840000001,102.2259337,,,
100.0,0.0,0.0,92.70700000000001,103,0.2,13.0,26.982,13.0,1.61,1.0,577.5,41.8,118.0,53.0,3.0,,,750.0,15.0,,,,,,,,,
100.0,0.0,0.0,92.70700000000001,103,0.2,13.0,26.982,13.0,1.61,1.0,577.5,41.8,118.0,53.0,3.0,,,750.0,15.0,,,,,,,,,
100.0,0.0,0.0,92.70700000000001,103,0.2,13.0,26.982,13.0,1.61,1.0,577.5,41.8,118.0,53.0,3.0,,,750.0,15.0,,,,,,,,,
80.0,10.0,10.0,92.3555,105,,,,,,,,,,,,,,750.0,12.0,,,2.8706,14.2036,1.649318377,101.36182609999999,1.95,,
80.0,10.0,10.0,92.3555,105,0.1,74.0,183.84,74.0,2.36,5.0,770.0,78.6,139.0,66.0,6.0,,,750.0,12.0,,,2.8713,14.2012,1.6486376669999998,101.394131,1.78,,
80.0,10.0,10.0,92.3555,105,,,,,,,,,,,,480.0,8.0,720.0,12.0,,,,14.2211,,,1.804,,
80.0,10.0,10.0,92.3555,105,2.0,9.0,18.998,9.0,3.98,1.0,1681.0,328.0,64.0,133.0,1.0,,,450.0,12.0,,,,14.2218,,,1.7269999999999999,,
80.0,10.0,10.0,92.3555,105,4.0,9.0,18.998,9.0,3.98,1.0,1681.0,328.0,64.0,133.0,1.0,,,450.0,12.0,,,,14.2279,,,1.6880000000000002,,
80.0,10.0,10.0,92.3555,105,6.0,9.0,18.998,9.0,3.98,1.0,1681.0,328.0,64.0,133.0,1.0,,,450.0,12.0,,,,14.2333,,,1.483,,
80.0,10.0,10.0,92.3555,105,8.0,9.0,18.998,9.0,3.98,1.0,1681.0,328.0,64.0,133.0,1.0,,,450.0,12.0,,,,14.2386,,,1.34,,
95.0,0.0,3.0,91.54034,105,,,,,,,,,,,,500.0,6.0,700.0,12.0,,,2.8680000000000003,14.18,1.648070665,101.0101827,,,
95.0,0.0,3.0,91.54034,105,,,,,,,,,,,,500.0,6.0,700.0,12.0,,,2.8698,14.1878,1.647942946,101.192646,,,
100.0,0.0,0.0,92.70700000000001,105,,,,,,,,,,,,500.0,6.0,700.0,12.0,,,2.8683,14.1688,1.6465967069999998,100.95151659999999,,,
95.0,0.0,3.0,91.54034,105,,,,,,,,,,,,500.0,6.0,700.0,12.0,,,2.8680000000000003,14.18,1.648070665,101.0101827,,,
95.0,0.0,3.0,91.54034,105,,,,,,,,,,,,500.0,6.0,700.0,12.0,,,2.8698,14.1878,1.647942946,101.192646,,,
100.0,0.0,0.0,92.70700000000001,105,,,,,,,,,,,,500.0,6.0,700.0,12.0,,,2.8683,14.1688,1.6465967069999998,100.95151659999999,,,
60.0,20.0,20.0,92.00399999999999,103,2.0,24.0,51.996,24.0,1.66,4.0,652.9,64.3,128.0,80.0,6.0,900.0,16.0,600.0,4.0,,,2.8619,14.255999999999998,1.660435375,101.12003879999999,,,
60.0,20.0,20.0,92.00399999999999,103,5.0,9.0,18.998,9.0,3.98,1.0,1681.0,328.0,64.0,133.0,1.0,900.0,16.0,600.0,4.0,,,2.8686,14.295,1.661089033,101.8719876,,,
16.25,67.5,16.25,90.211375,120,,,,,,,,,,,,,,850.0,12.0,0.4,10,2.86,14.24,1.65967366,100.87247740000001,,,
16.25,67.5,16.25,90.211375,120,1.0,23.0,50.9415,23.0,1.63,1.0,650.9,50.6,134.0,79.0,5.0,,,850.0,12.0,0.4,10,2.86,14.26,1.662004662,101.01415229999999,,,
83.0,5.0,12.0,92.54805,105,,,,,,,,,,,,400.0,4.0,750.0,10.0,,,2.8697,14.196,1.6489528519999999,101.2440752,1.248,,
83.0,5.0,12.0,92.54805,105,,,,,,,,,,,,400.0,4.0,770.0,10.0,,,2.8685,14.1949,1.649514845,101.15158149999999,1.3230000000000002,,
83.0,5.0,12.0,92.54805,105,,,,,,,,,,,,400.0,4.0,790.0,10.0,,,2.8694,14.1911,1.6485560280000002,101.1879692,1.264,,
83.0,5.0,12.0,92.54805,105,0.72,12.0,24.305,12.0,1.31,3.0,737.7,0.0,145.0,72.0,2.0,400.0,4.0,770.0,10.0,,,,,,,,,
83.0,5.0,12.0,92.54805,105,0.96,12.0,24.305,12.0,1.31,3.0,737.7,0.0,145.0,72.0,2.0,400.0,4.0,770.0,10.0,,,,,,,,,
83.0,5.0,12.0,92.54805,105,1.2,12.0,24.305,12.0,1.31,3.0,737.7,0.0,145.0,72.0,2.0,400.0,4.0,770.0,10.0,,,,,,,,,
83.0,5.0,12.0,92.54805,105,1.45,12.0,24.305,12.0,1.31,3.0,737.7,0.0,145.0,72.0,2.0,400.0,4.0,770.0,10.0,,,,,,,,,
82.0,0.0,18.0,92.7502,103,,,,,,,,,,,,,,,,,,2.86538,14.1651,1.647844265,100.7197704,1.36,,
82.0,0.0,15.0,90.98221,103,3.0,13.0,26.982,13.0,1.61,1.0,577.5,41.8,118.0,53.0,3.0,,,,,,,2.8653,14.1791,1.649518957,100.8136866,1.34,,
82.0,0.0,15.0,90.98221,103,3.0,22.0,47.867,22.0,1.54,5.0,658.8,7.6,147.0,74.0,3.0,,,,,,,2.8709599999999997,14.206,1.649390216,101.40438259999999,1.29,,
80.0,10.0,10.0,92.3555,105,,,,,,,,,,,,,,,,,,,,,,,,
80.0,10.0,10.0,92.3555,105,1.0,12.0,24.305,12.0,1.31,3.0,737.7,0.0,145.0,72.0,2.0,,,,,,,,,,,,,
80.0,10.0,10.0,92.3555,105,,,,,,,,,,,,,,,,,,,,,,,,
80.0,10.0,10.0,92.3555,105,,,,,,,,,,,,,,,,,,,,,,,,
80.0,10.0,10.0,92.3555,105,,,,,,,,,,,,,,,,,,,,,,,,
80.0,10.0,10.0,92.3555,105,,,,,,,,,,,,,,,,,,,,,,,,
80.0,10.0,10.0,92.3555,105,1.0,57.0,138.90547,57.0,1.1,2.0,538.1,48.0,187.0,103.0,3.0,,,,,,,,,,,,,
80.0,10.0,10.0,92.3555,105,,,,,,,,,,,,,,,,,,,,,,,,
80.0,10.0,10.0,92.3555,105,,,,,,,,,,,,,,,,,,,,,,,,
80.0,10.0,10.0,92.3555,105,,,,,,,,,,,,,,,,,,,,,,,,
80.0,10.0,10.0,92.3555,105,,,,,,,,,,,,,,,,,,,,,,,,
80.0,10.0,10.0,92.3555,105,1.0,13.0,26.982,13.0,1.61,1.0,577.5,41.8,118.0,53.0,3.0,,,,,,,,,,,,,
80.0,10.0,10.0,92.3555,105,1.0,22.0,47.867,22.0,1.54,5.0,658.8,7.6,147.0,74.0,3.0,,,,,,,,,,,,,
80.0,10.0,10.0,92.3555,105,1.0,40.0,91.22399999999999,40.0,1.33,5.0,640.1,41.1,160.0,86.0,4.0,,,,,,,,,,,,,
80.0,10.0,10.0,92.3555,105,1.0,73.0,180.94788,73.0,1.5,2.0,761.0,31.0,146.0,72.0,5.0,,,,,,,,,,,,,
80.0,10.0,10.0,92.3555,105,1.0,41.0,92.90638,41.0,1.6,1.0,652.1,88.0,146.0,72.0,5.0,,,,,,,,,,,,,
80.0,10.0,10.0,92.3555,105,1.0,42.0,95.95,42.0,2.16,7.0,684.3,72.1,139.0,69.0,6.0,,,,,,,,,,,,,
80.0,10.0,10.0,92.3555,105,1.0,74.0,183.84,74.0,2.36,5.0,770.0,78.6,139.0,66.0,6.0,,,,,,,,,,,,,
80.0,10.0,10.0,92.3555,105,,,,,,,,,,,,,,,,,,,,,,,,
80.0,10.0,10.0,92.3555,105,5.0,19.0,39.098,19.0,0.82,3.0,418.8,48.4,243.0,138.0,1.0,,,,,,,,,,,,,
80.0,10.0,10.0,92.3555,105,5.0,22.0,47.867,22.0,1.54,5.0,658.8,7.6,147.0,74.0,3.0,,,,,,,,,,,,,
80.0,10.0,10.0,92.3555,105,0.01,12.0,24.305,12.0,1.31,3.0,737.7,0.0,145.0,72.0,2.0,550.0,4.0,780.0,12.0,,,2.87121,14.20621,1.649270981,101.42354300000001,2.195,,
80.0,10.0,10.0,92.3555,105,0.03,12.0,24.305,12.0,1.31,3.0,737.7,0.0,145.0,72.0,2.0,550.0,4.0,780.0,12.0,,,2.86898,14.192960000000001,1.649013471,101.1716078,2.367,,
80.0,10.0,10.0,92.3555,105,0.05,12.0,24.305,12.0,1.31,3.0,737.7,0.0,145.0,72.0,2.0,550.0,4.0,780.0,12.0,,,2.86885,14.216220000000002,1.651790787,101.32822850000001,2.386,,
80.0,10.0,10.0,92.3555,105,0.06,12.0,24.305,12.0,1.31,3.0,737.7,0.0,145.0,72.0,2.0,550.0,4.0,780.0,12.0,,,2.8688,14.198929999999999,1.649810606,101.20146379999998,2.344,,
92.0,4.0,4.0,92.5664,104,,,,,,,,,,,,,,745.0,15.0,,,2.8739999999999997,14.193,1.6461377869999998,101.52625390000001,1.78,,
92.0,4.0,4.0,92.5664,104,0.1,73.0,180.94788,73.0,1.5,2.0,761.0,31.0,146.0,72.0,5.0,,,745.0,15.0,,,2.847,14.198,1.6623346209999998,99.66272047,1.66,,
92.0,4.0,4.0,92.5664,104,0.2,73.0,180.94788,73.0,1.5,2.0,761.0,31.0,146.0,72.0,5.0,,,745.0,15.0,,,2.8739999999999997,14.198,1.646717699,101.5620202,1.53,,
92.0,4.0,4.0,92.5664,104,0.3,73.0,180.94788,73.0,1.5,2.0,761.0,31.0,146.0,72.0,5.0,,,745.0,15.0,,,2.8739999999999997,14.203,1.647297611,101.59778659999999,1.46,,
92.0,4.0,4.0,92.5664,104,,,,,,,,,,,,,,745.0,15.0,,,2.8739999999999997,14.193,1.646717699,101.52625390000001,1.78,,
92.0,4.0,4.0,92.5664,104,0.1,73.0,180.94788,73.0,1.5,2.0,761.0,31.0,146.0,72.0,5.0,,,745.0,15.0,,,2.8739999999999997,14.198,1.646717699,101.5620202,1.66,,
92.0,4.0,4.0,92.5664,104,0.2,73.0,180.94788,73.0,1.5,2.0,761.0,31.0,146.0,72.0,5.0,,,745.0,15.0,,,2.8739999999999997,14.198,1.646717699,101.5620202,1.53,,
92.0,4.0,4.0,92.5664,104,0.3,73.0,180.94788,73.0,1.5,2.0,761.0,31.0,146.0,72.0,5.0,,,745.0,15.0,,,2.8739999999999997,14.198,1.646717699,101.5620202,1.46,,
92.0,4.0,4.0,92.5664,104,,,,,,,,,,,,,,745.0,15.0,,,2.8739999999999997,14.203,1.647297611,101.59778659999999,1.38,,
92.0,4.0,4.0,92.5664,104,0.1,73.0,180.94788,73.0,1.5,2.0,761.0,31.0,146.0,72.0,5.0,,,745.0,15.0,,,2.8739999999999997,14.193,1.6461377869999998,101.52625390000001,1.32,,
92.0,4.0,4.0,92.5664,104,0.2,73.0,180.94788,73.0,1.5,2.0,761.0,31.0,146.0,72.0,5.0,,,745.0,15.0,,,2.8739999999999997,14.198,1.646717699,101.5620202,1.15,,
92.0,4.0,4.0,92.5664,104,0.3,73.0,180.94788,73.0,1.5,2.0,761.0,31.0,146.0,72.0,5.0,,,745.0,15.0,,,2.8739999999999997,14.203,1.647297611,101.59778659999999,1.43,,
