0,1,2,3,4,5,6,7,8,9,10,11
172.07510981809878,133.4613258674853,76.456594092377,114.10610739271121,65.31600405412973,180.0,100.8,56.00000000000001,30.0,30.0,2.7,4.3
169.32305247639783,132.6872343025564,77.36573080583827,117.31223329511465,68.22383318123529,190.0,121.60000000000001,64.0,30.0,30.0,2.7,4.3
161.62835799521523,134.82734186079634,81.27595110982838,125.13802480663841,71.9489200415702,208.0,153.92,74.0,30.0,30.0,2.7,4.3
160.49410234654061,139.68943899342477,83.52972074928738,130.60043785882067,74.09077744176483,199.99999999999997,158.0,79.0,30.0,30.0,2.7,4.3
159.18112469910434,135.52216220630615,82.39704780662804,126.84774859717126,73.20302507360347,206.0,160.68,78.0,30.0,30.0,2.7,4.3
151.59966418102417,133.11141739637657,83.28391778493155,131.39626446815694,73.93198887861017,224.99999999999997,186.75,83.0,30.0,30.0,2.7,4.3
148.01795152752146,129.2224094317113,87.7565738513521,138.3030918987237,78.41908909427244,224.99999999999997,191.25,85.0,30.0,30.0,2.7,4.3
163.05885474350376,143.940132594468,86.03120660890697,133.42146844272304,77.12304956724776,220.0,176.0,80.0,30.0,30.0,2.7,4.3
124.79905444861625,105.59244820947279,80.5348793970489,131.8365877101882,71.21113894654667,226.00000000000003,211.31,93.5,30.0,30.0,2.7,4.3
149.03638230665157,129.52802289638802,85.64995717794359,135.79596072961218,76.63347970157676,224.99999999999997,187.65,83.4,30.0,30.0,2.7,4.3
104.33017586592132,85.83659084803615,78.40302363297013,130.4686033062038,71.00286047908938,228.0,212.04,93.0,30.0,30.0,2.7,4.3
159.51914061574195,143.08436271859773,87.62013171435915,140.1427871636447,79.90555712963013,229.18075469571085,189.50791565377756,82.43985152796523,30.0,30.0,2.7,4.3
159.9058543571957,137.7450054591987,83.4289662470846,129.86182130249443,73.69283296373897,215.00000000000003,162.0,75.34883721,30.0,30.0,2.7,4.3
161.6554825337098,133.99359369632734,79.87196521474537,122.6886105238969,70.71930125700837,207.0,142.83,69.0,30.0,30.0,2.7,4.3
149.69167347499987,131.6596577048029,86.84005777006067,135.22360807226764,77.33785161201003,232.0,211.12,91.0,30.0,30.0,2.7,4.3
142.5695426259181,123.55107938980424,81.30696296809664,130.71001333490895,73.10014284863081,210.26622452935942,181.52348784247874,86.51602901330645,30.0,30.0,2.7,4.3
114.25497233726648,95.05220623366709,80.3960122847061,132.96344322885312,71.81316193151044,232.0,206.0,88.8,30.0,30.0,2.7,4.3
121.68235023432902,102.14642782163371,79.44781359152809,132.16961804469437,71.09877641670384,232.0,202.30400000000003,87.2,30.0,30.0,2.7,4.3
167.18067617684426,134.7244207191925,78.72270136782262,119.41836700440223,69.35688455334036,192.5,127.04999999999998,66.0,30.0,30.0,2.7,4.3
139.92826930021297,121.57176033312089,80.28448572382861,129.0586631192808,71.45310740211097,228.0,202.92,89.0,30.0,30.0,2.7,4.3
182.1,173.13501360411976,97.1007556358342,175.7265,96.5,213.47699609966662,187.25561703825974,90.80684851944024,24.969619933762903,24.96967116877592,2.8099755077274127,4.262064462186069
176.3,127.67857626502774,68.8189149449405,93.1,52.80771412000001,199.69954287899003,176.27118576457244,87.93693463093129,44.62701434932034,45.80184867622908,2.7827233894477934,4.439380495771589
184.2,166.88443852596276,82.16230149423257,125.8,68.29533116,208.40452705196677,183.5815698305379,87.45506658856048,48.39249743355339,48.863745834644995,1.2445645555859313,4.167288543197716
182.0,127.0,69.78021978,100.21101816599428,52.80363667428879,200.97914069151383,176.33507825942064,86.74848549181353,46.15942171267442,46.771190786518616,2.9999999999999996,4.3
203.99999999999997,191.0,93.62745098,170.60839228632153,87.44381521488701,250.4451999450475,204.01883764716885,82.57954473478136,24.901647175273794,24.904745912704783,2.9999999999999996,4.3
188.0,151.0,80.31914894,152.1743952046465,80.57355647416001,192.37913975151378,165.7581986844886,87.46069507991832,7.716931090954748,7.723523888644028,2.9999999999999996,4.3
193.99999999999997,174.99999999999997,90.20618557,154.31099866747147,83.01701764596577,206.9857434915187,175.44244299676146,85.19889355956772,15.432050208403982,15.440296983686135,2.9999999999999996,4.3
139.52159735491867,118.33481730990579,82.58501539918491,132.95273121033617,74.16450959380056,233.0,171.7,73.69098712,30.03914388499608,30.052636026310907,2.7,4.3
123.61355334163845,104.24374516310564,79.15393968485559,129.8302581930391,71.58787115155754,228.0,205.9,90.30701754,30.002261462319503,30.001707993080245,2.7,4.3
199.94889642984353,153.92474648122308,77.38699310227804,135.33976417668617,69.89112122353058,219.0,204.7,93.47031963,50.30773442850348,50.5716006862146,2.7,4.3
88.7514659521011,65.96029495377823,69.99828102660365,128.56270804047438,70.63185519226589,204.8,195.59999999999997,95.5078125,29.999999993559612,29.998116439935224,2.7,4.3
195.00000000000003,163.8,84.0,156.13956305126425,83.52562509372098,205.05467376156756,176.3352194675447,86.06821519822238,15.957975014844969,15.967120104573462,2.8,4.6
193.0,135.0,69.94818653,150.3691516022513,80.7584404784875,173.09806124277065,154.0921147887877,89.66915730284312,-0.6290348432253432,-0.6248660492418648,2.8,4.6
193.99999999999997,164.9,85.0,157.64427825033184,82.42265014024359,209.76502859423263,179.41799696048395,85.41400562154077,19.103578858546104,19.112012216744112,2.8,4.5
193.0,174.1,90.20725389,156.93617052870394,82.7758890991554,206.61127743162334,179.3285847871787,87.2777452717269,19.281997472118697,19.28986835739601,2.8,4.5
191.7,176.50000000000003,92.07094418,156.90431609794948,82.77339766912256,206.25039827756845,179.88004199598686,87.38408873108497,20.507981829726837,20.51361712122654,2.8,4.5
189.3,173.60000000000002,91.70628632,145.1458913385402,83.17836543109935,204.36740867633148,179.03609466288316,87.4599088246296,29.958068489632804,30.020434695714187,2.8,4.5
185.9,169.7,91.28563744,153.25575719589062,82.67323488530616,205.65262273786078,174.87734916980563,86.26990047733248,19.040512825725127,19.047777430698112,2.8,4.5
181.75,154.95975510154165,84.44636343083148,128.58,70.74552957,191.18199156103105,175.3432764677157,90.80478887093047,40.12560235142028,43.33831798901363,2.75,4.2
170.0,138.57557623659557,71.09320795425901,140.09,82.40588235,171.92378651723553,150.548371557138,89.43355452889884,-0.39335260316483955,-0.3888656234095408,2.75,4.2
179.79999999999998,155.2244684143025,86.76676971826681,141.3,78.58731924,191.92821919336123,171.5114234785625,89.476707335048,32.41481313798072,47.57463574878913,2.75,4.2
175.91,172.07276089945705,91.22939118021493,160.42,91.19436075,211.26819067887328,182.16882669680055,87.81458329979522,29.999669912545972,29.999770437080347,2.75,4.2
180.2965669350424,135.97606242696315,74.25480587464776,127.85982730890716,71.1529164508422,189.0,126.70000000000002,67.03703704,25.00631230587529,25.00631231186794,2.9999999999999996,4.5
193.38376194275006,169.28377881093337,87.33856979663501,156.95484519079943,83.25474831128305,208.01715528482805,178.51321811979938,86.59050159251822,15.925124369601825,15.933309726600795,2.9999999999999996,4.5
190.92824987580465,161.00951342980525,86.64066062949257,150.05755457150417,82.01670940366965,210.9,170.9,81.03366524,15.080606542110091,15.09071616519299,2.9999999999999996,4.5
180.8804758436704,168.90147884585372,89.72408511108475,150.66584227334397,86.60861672259914,211.97702727578869,185.7161470007363,87.93535880112914,29.881806716329645,29.83356552918705,2.9999999999999996,4.5
174.4697967743158,154.6200760884468,89.0225645512215,132.5007125809588,73.55116733127565,176.4577668473351,162.91628738991164,92.48397673789603,33.30331669154802,35.97696509343407,2.9999999999999996,4.5
180.16275541409618,155.40034411215478,88.98082612989218,135.0557747513372,74.17068027792929,192.0,168.6,87.8125,29.86917207536022,50.46659245341885,2.8,4.3
179.6274881112463,157.70743194604358,85.51734698194566,131.32390281870522,70.25725591246044,183.0,178.0,97.26775956,38.02081001430054,42.848710505577984,2.8,4.3
173.0746984970201,145.8679191310399,79.36873005976663,118.77122211528439,63.41105242244733,182.0,181.0,99.45054945,41.35261192434634,43.394512941235256,2.8,4.3
181.00605938511737,159.34439218819531,88.71068304237195,137.5927261758024,77.2358579745472,177.0,176.0,99.43502825,31.279313781034148,32.153860666024805,2.8,4.3
176.50345400706803,161.98777482915864,92.49107507778417,135.79099622586034,76.3867957736211,173.0,172.0,99.42196532,32.82541921635328,34.822662607381595,2.8,4.3
182.0,144.3,79.28571429,150.0785788184403,80.48507813765661,185.7,143.6,77.32902531,13.94147040647632,13.951412955801128,2.9999999999999996,4.3
178.0,155.9,87.58426966,135.1154160545837,75.05227370453558,179.6,159.5,88.80846325,33.621276159565795,36.542648146686695,2.9999999999999996,4.3
169.0,152.3,90.1183432,133.15598337659523,73.52786341478594,171.9,162.3,94.41535777,33.41066461403992,35.4339061159477,2.9999999999999996,4.3
159.0,140.0,88.05031447,130.87363972965574,72.30823420405653,164.8,157.1,95.3276699,34.51983000286235,37.645058709384365,2.9999999999999996,4.3
92.86980365769509,72.26518245963024,73.80300280593592,131.82789797890229,72.22425724153739,216.0,188.20000000000002,87.12962963,30.0,30.0,2.7,4.3
123.56691541100233,103.98307964403675,80.5651264357151,130.8999704894603,71.1030542315309,210.0,193.0,91.90476190000001,30.0,30.0,2.7,4.3
130.78504765164726,111.28616597253675,82.1420685376495,131.5099448044629,72.17023663089196,207.0,191.70000000000002,92.60869565,30.0,30.0,2.7,4.3
136.03244297580736,116.62639053466252,83.4915365117872,135.34275813255599,73.66398580786237,199.0,188.8,94.87437186,30.0,30.0,2.7,4.3
184.3828040748209,154.57224269011414,80.7169912941549,127.00578239512602,66.59892263659945,217.0,200.0,92.16589862,45.0,45.0,2.7,4.3
184.03617798207267,153.20659864997654,80.37746782423382,123.34994438881266,64.52408527052833,214.00000000000003,183.0,85.51401869,45.0,45.0,2.7,4.3
136.5434709726764,117.50174109722484,82.14486683198967,131.360808917037,73.04894398166768,240.0,213.36,88.9,30.0,30.0,2.7,4.3
163.99888697742074,149.23835685207146,88.28379269575564,140.68198429668553,80.77324269509215,238.1,206.6708,86.8,30.0,30.0,2.7,4.3
146.6414932025715,127.79303660351808,85.83424019678225,137.62919205604607,77.10672167430937,234.5,192.29000000000002,82.0,30.0,30.0,2.7,4.3
147.23809123808894,127.49430109052624,82.22706413284499,128.73674766081876,73.10688045944558,230.1,185.4606,80.6,30.0,30.0,2.7,4.3
154.81831718737314,132.0112876891181,83.56013721550636,132.1186160880987,74.0811173302094,220.4,162.8756,73.9,30.0,30.0,2.7,4.3
127.29862252168331,107.67004637164312,78.86525915383824,129.35637550041295,70.92220696141331,218.5,198.398,90.8,30.0,30.0,2.7,4.3
119.96589763424316,100.52881224731004,79.76384077160168,132.7817101908135,71.66759336576915,220.9,206.32060000000004,93.4,30.0,30.0,2.7,4.3
123.93494146462734,104.56525114184126,80.19433585024919,130.78667582931098,72.05545027791312,228.5,216.618,94.8,30.0,30.0,2.7,4.3
118.15860173379684,98.79584540164679,79.350509530982,130.4901915231042,71.59248857315684,225.7,210.3524,93.2,30.0,30.0,2.7,4.3
105.41782993601092,85.68288674033185,76.74263252040585,128.31174107270988,65.18785149851085,223.49999999999997,205.8435,92.1,30.0,30.0,2.7,4.3
153.16866031213925,134.02522210468325,85.14183794725841,134.9551568853377,76.48635664451633,239.8,179.6102,74.9,30.0,30.0,2.7,4.3
158.57346391787664,138.3328902540248,84.05585753403285,132.2050871032251,75.04579538359036,235.60000000000002,174.5796,74.1,30.0,30.0,2.7,4.3
161.62921934625987,140.51036972858273,83.9359433100582,130.18076867691627,74.12914829639541,219.79999999999998,156.058,71.0,30.0,30.0,2.7,4.3
174.6739392646043,132.52390337651786,75.11460478401291,111.5585193794761,63.325265948373136,208.0,101.504,48.8,30.0,30.0,2.7,4.3
173.43890461186737,132.18438700262035,75.24097291474118,113.24405000043156,65.0482980417346,197.2,78.4856,39.8,30.0,30.0,2.7,4.3
112.52605144434614,93.3565994577497,78.35787894250169,129.36510013126667,70.66729132316632,224.0262126881777,207.94459537227664,92.78615019298887,30.0,30.0,2.7,4.3
101.33157831520798,81.63708895207967,75.81369501103025,128.28432136437928,70.64847532297452,220.38819590623618,200.20152628111688,90.02215765279814,30.0,30.0,2.7,4.3
137.47294297453783,117.7113648918666,82.56495038047758,133.36276029907674,73.94039889351022,235.2,182.7504,77.7,30.0,30.0,2.7,4.3
152.31901527502225,129.39373829895626,81.44284626348839,126.90840027084775,72.42335251931556,230.0,170.43,74.1,30.0,30.0,2.7,4.3
159.60631354962788,136.81425894494927,82.96509247630846,129.35631825421197,73.38059270523289,218.40000000000003,160.524,73.5,30.0,30.0,2.7,4.3
174.24141170936522,137.14306041838216,77.77865495593569,118.35720892713735,68.5286522209475,214.00000000000003,115.774,54.1,30.0,30.0,2.7,4.3
175.55969901781776,140.2490831142915,78.15956553959481,119.44602140402424,67.3595836370092,206.19999999999996,90.9342,44.1,30.0,30.0,2.7,4.3
165.79854527113136,151.03182804223678,89.15756271613061,141.381100790419,81.4802665782018,223.13032903648914,193.30091186917022,85.33188943222144,30.0,30.0,2.7,4.3
142.35331673016907,122.85114156036023,83.4914863567721,131.7992931362135,74.33045013179854,225.18864488558052,187.9540187564631,83.35279714816554,30.0,30.0,2.7,4.3
138.14439972267294,118.16644826034351,81.35046942737702,129.98666462898666,72.68834525952809,235.60000000000002,191.0716,81.1,30.0,30.0,2.7,4.3
153.0528709197674,134.3433765850512,85.65517339413323,135.96145510216243,77.11321175154,227.8,185.8848,81.6,30.0,30.0,2.7,4.3
163.6889354200923,147.4310317937659,88.23848106275855,141.12431650910955,80.77183902569347,230.1,191.2131,83.1,30.0,30.0,2.7,4.3
145.42399657842395,124.4738659414288,81.13730262182295,130.5091189204156,72.2022276697781,224.6,182.8244,81.4,30.0,30.0,2.7,4.3
157.00289275855582,139.14833548248563,84.74499852082326,133.78361789306794,76.23036455204512,226.00000000000003,182.834,80.9,30.0,30.0,2.7,4.3
171.694413628143,153.32509121492382,88.700485103479,139.17168656237956,80.84757568743777,215.39999999999998,173.8278,80.7,30.0,30.0,2.7,4.3
162.75722608632572,135.53806794732932,80.88344536811991,124.09532106579681,71.31169180981588,208.09999999999997,140.6756,67.6,30.0,30.0,2.7,4.3
155.65425712177176,137.46723646714767,84.80925249661918,134.46882774706995,76.27942188273727,235.4,199.8546,84.9,30.0,30.0,2.7,4.3
165.93166029147483,152.426336828253,90.31049640608414,143.2029223790767,82.47933753418012,239.6,204.6184,85.4,30.0,30.0,2.7,4.3
130.21501769352608,111.13850659024283,80.50724118344117,133.0241459568048,71.20395363038209,234.8,204.27599999999998,87.0,30.0,30.0,2.7,4.3
150.66853049317965,132.30088938364,83.0953733764787,131.59443311823873,74.01193500139443,237.8,200.2276,84.2,30.0,30.0,2.7,4.3
151.39268566663446,132.71271601093795,85.60954749036307,136.51136968527396,77.3398953837689,229.1,189.00749999999996,82.5,30.0,30.0,2.7,4.3
153.2637156921126,134.74367713807044,83.80908002101467,131.11453405430805,74.3978072782574,207.5,166.0,80.0,30.0,30.0,2.7,4.3
164.14988757951312,134.5096762497615,79.91907768799585,121.71502675521515,70.76795267379238,199.8,127.67219999999999,63.9,30.0,30.0,2.7,4.3
132.72905076159725,113.02680020590533,80.38121373098294,128.9346749594399,70.97246945069625,230.40000000000003,183.8592,79.8,30.0,30.0,2.7,4.3
164.4568033232658,149.49069268397682,90.23544907038709,142.39027647289066,81.94762753162034,236.49999999999997,196.53149999999997,83.1,30.0,30.0,2.7,4.3
148.94923758268834,129.19829251432307,81.97355923755607,129.80335735746343,72.94074560883897,232.4,192.1948,82.7,30.0,30.0,2.7,4.3
133.6261676261895,113.89641044058023,80.6841215968062,131.62603126870243,70.88233242804904,231.9,188.9985,81.5,30.0,30.0,2.7,4.3
166.07210467060528,146.32658900310105,85.62650193245507,134.41565443651922,77.95321268580581,221.80000000000004,172.1168,77.6,30.0,30.0,2.7,4.3
158.61839222209287,138.4107373843223,86.20648545764286,133.65861332374314,77.11518823670205,224.7,173.2437,77.1,30.0,30.0,2.7,4.3
153.85037381637275,129.4601915093947,81.8234809049377,128.81459638874782,73.0762687580708,220.59999999999997,166.1118,75.3,30.0,30.0,2.7,4.3
169.106576661041,150.37909119269298,87.27071047625608,135.14683317965415,76.65678140535469,178.0,165.54,93.0,30.0,30.0,2.8,4.2
139.6254587222276,120.261179980066,82.97406829283196,131.4634567306985,73.24209347395501,205.0,182.45,89.0,30.0,30.0,2.8,4.2
198.49393218424902,182.65289867964012,92.39060000040298,145.08587422759572,81.03910178827735,185.0,175.75,95.0,30.0,30.0,2.8,4.2
149.05667289023629,130.0904893991519,85.87297820256053,133.82687801711296,75.44461344945161,194.0,186.24,96.0,30.0,30.0,2.8,4.2
175.9960768957755,156.24928876592358,87.86501857157941,136.05982131693685,75.91142861404938,175.0,169.75,97.0,30.0,30.0,2.8,4.2
173.45477278521255,157.6270090402495,91.2919781374164,135.3786625376487,75.61680940681266,179.0,175.42,97.99999999999999,30.0,30.0,2.8,4.2
198.0,169.68599999999998,85.7,159.66516910959538,83.34683784520931,219.7267918204526,184.93026254196653,84.3356458087359,25.0,25.0,2.9999999999999996,4.3
197.0,177.10299999999995,89.9,159.48706774409786,83.78745249023787,214.28013468454282,184.72299241731963,85.97393058938677,25.0,25.0,2.9999999999999996,4.3
199.0,167.757,84.3,159.55070518362498,83.29283756752376,219.65563531800095,184.5828108926743,84.3997478430645,25.0,25.0,2.9999999999999996,4.3
196.0,149.156,76.1,147.92042153662578,75.59701331898134,197.89578318862752,152.54985720570107,76.36031104097363,25.0,25.0,2.9999999999999996,4.3
203.0,142.303,70.1,125.27303419533901,66.3227195660053,209.10068272262694,185.40481077095947,88.32433179368238,50.0,50.0,2.9999999999999996,4.3
201.0,177.081,88.1,142.03698579753026,74.7385042395511,204.78551582024633,183.16477446197732,89.16430042679494,50.0,50.0,2.9999999999999996,4.3
200.0,161.2,80.6,128.47658424868203,67.05926136574422,208.9804916418709,178.98202631085817,85.85074558354955,50.0,50.0,2.9999999999999996,4.3
203.0,111.853,55.1,113.89474998248618,61.42253925534641,203.35417860890038,178.92823543775842,86.85636065444504,50.0,50.0,2.9999999999999996,4.3
180.0,158.04,87.8,152.4664825389006,86.46511698962118,202.48544082048213,179.12877476145695,89.279265788151,25.0,25.0,2.7,4.3
181.0,175.93200000000002,97.2,161.5290898272954,89.14625753024278,211.60099512835356,187.7209826192664,90.5092353791835,25.0,25.0,2.7,4.3
180.0,178.2,99.0,158.35713609978527,88.96551184510922,210.94496578563945,194.90318510216042,93.03050261416276,25.0,25.0,2.7,4.3
176.0,172.48,97.99999999999999,167.881389465833,93.45965140499568,213.21772984682457,190.50201667868677,89.26317437558217,25.0,25.0,2.7,4.3
176.0,136.81191173705395,73.7972646013013,127.54733589779062,72.09737532090286,192.70194350181524,131.70371467099233,68.75450647416328,25.0,25.0,2.7,4.3
174.00000000000003,133.5826309485253,76.19925928139065,113.53662644313914,63.95332810179929,189.8120958080441,123.37801784400433,65.35878572107809,25.0,25.0,2.7,4.3
178.63015322465705,169.03469838919906,88.2,154.02304720994562,87.87939182220362,215.07411651106793,188.11070435414032,87.99768587850069,30.0,30.0,2.9999999999999996,4.3
216.00000000000003,206.06400000000002,95.4,145.79426929906936,81.38777746113988,191.34794633594328,175.09299894391367,91.72703855829056,30.0,30.0,2.9999999999999996,4.3
214.0,206.51,96.5,146.09849881715843,81.59132388765842,189.8958449196796,175.32743863580714,92.41805673549248,30.0,30.0,2.9999999999999996,4.3
214.0,196.666,91.9,144.55035969559222,80.80653378462053,189.4959195013298,175.34046940273092,93.1431467550673,30.0,30.0,2.9999999999999996,4.3
218.0,195.328,89.6,144.59879545471114,80.656639749619,195.91740811797814,174.5061961105958,89.6780375483392,30.0,30.0,2.9999999999999996,4.3
213.0,197.451,92.7,145.68903311445973,81.48475327374138,190.898020603075,175.0539288506375,91.34608926302225,30.0,30.0,2.9999999999999996,4.3
208.0,191.984,92.3,148.95594374649934,83.39590653733258,199.3567035821021,180.65944354939774,89.58995233412014,30.0,30.0,2.9999999999999996,4.3
160.19561101098174,137.94461177376996,83.1847714933737,129.57170579644188,73.55149539497455,210.0,165.48,78.8,30.0,30.0,2.7,4.3
181.7191349376858,162.98358053225704,89.07397415974062,140.91556308342234,79.75758350795677,210.0,173.25,82.5,30.0,30.0,2.7,4.3
164.7755134508325,145.43270039402051,86.43178881005784,134.31674658478755,76.25633833614907,210.0,175.77,83.7,30.0,30.0,2.7,4.3
133.0744056325432,113.73783414634448,81.03644421784401,131.9122391274033,71.7651848542228,220.0,206.8,94.0,30.0,30.0,2.7,4.3
112.29840438396064,94.90839935623724,82.61939622286766,131.59802323169728,71.53611855835155,220.0,213.4,97.0,30.0,30.0,2.7,4.3
100.44097013012343,82.86072575796757,83.23034506381656,130.22496808066796,70.58020636358526,220.0,208.77999999999997,94.89999999999999,30.0,30.0,2.7,4.3
206.58871515728507,136.6418446505452,66.30377940049922,134.8111750070601,69.37498011373617,220.0,145.42,66.1,60.0,60.0,2.7,4.3
206.97380104512936,125.6631606287581,60.338273952247725,133.9734968615713,68.4436786637988,220.0,176.22,80.1,60.0,60.0,2.7,4.3
208.1307266442591,140.20351734720114,67.4371192193669,134.55555190571505,68.64670480465135,220.0,176.44,80.2,60.0,60.0,2.7,4.3
206.74694469403224,144.10016391740956,69.3199241395213,144.5965881819978,73.35431809371741,230.0,209.76,91.2,60.0,60.0,2.7,4.3
216.01552521609477,176.89136876658483,84.23987780046102,165.5481553456118,80.79933951012563,230.0,215.05,93.5,60.0,60.0,2.7,4.3
214.1327078224716,169.92135675946224,81.0491511105263,156.93991371499595,77.5088477157768,230.0,214.13,93.1,60.0,60.0,2.7,4.3
130.5082186016782,111.18111274326604,81.01759837958414,134.35383724399878,72.43209526822375,210.0,205.00000000000003,97.61904762,30.0,30.0,2.7,4.3
205.2620919294268,191.38275647205305,92.78083919889704,145.20364659458505,81.48728699775482,190.0,175.0,92.10526316,30.0,30.0,2.7,4.3
149.9927631257753,130.47848463545446,86.25461125620076,134.21300413181905,75.39538796249789,210.0,180.0,85.71428571,30.0,30.0,2.7,4.3
160.5288302013322,139.96698683409502,85.58889145649265,131.96572386447716,75.55033326673622,210.0,160.0,76.19047619,30.0,30.0,2.7,4.3
163.69823346199567,134.71888963762524,79.73554631334403,122.08847801013674,70.5588808188489,199.99999999999997,140.0,70.0,30.0,30.0,2.7,4.3
166.76819455712385,134.91980817904593,78.68787428815274,120.04798456439727,70.17739904116297,185.0,130.0,70.27027027,30.0,30.0,2.7,4.3
167.17057432183898,134.98593870319098,78.82505333395208,119.8161420444279,70.30550606671667,175.0,130.0,74.28571429,30.0,30.0,2.7,4.3
124.81161276848181,105.3696084475889,81.20755497660333,132.1736850323055,72.04175098688215,220.0,211.20000000000002,96.0,30.0,30.0,2.7,4.3
109.86091684981082,90.6670640297814,76.59809196253684,135.0298687525458,66.55511676848187,220.0,211.20000000000002,96.0,30.0,30.0,2.7,4.3
124.9516772373888,105.4238156047447,79.78981387065109,130.85424901559526,71.08304957810998,210.0,201.6,96.0,30.0,30.0,2.7,4.3
106.61198486458295,87.3965724195423,77.93737363314318,129.68825651749012,70.12511140697195,205.0,196.79999999999998,96.0,30.0,30.0,2.7,4.3
160.99757706616597,136.84736862888744,82.15054381327954,127.1555771025438,73.05931622233851,185.0,145.0,78.37837838,30.0,30.0,2.7,4.3
188.567130870553,163.9459618015162,86.62547518961493,157.94515257469936,84.37414227801465,228.3,186.5211,81.7,25.0,25.0,2.9999999999999996,4.3
192.88408777890467,183.81501029225697,92.68311824368223,167.35974944093428,88.17439580639889,229.5,202.1895,88.1,25.0,25.0,2.9999999999999996,4.4
184.29686119300663,176.0021059512978,94.72507266866067,164.90407352804232,89.19821997040948,228.6,195.453,85.5,25.0,25.0,2.9999999999999996,4.5
188.46389201082442,166.51593992372827,88.55742467793031,158.55953339698937,84.39169248834975,226.1,192.6372,85.2,25.0,25.0,2.9999999999999996,4.6
178.8747160603561,160.94932524105062,90.62991096600162,150.2132415244789,83.69221390467422,205.0,180.0,87.80487805,25.0,25.0,2.8,4.4
172.30082539069758,168.70925778419075,97.80546147667548,155.9968961523481,88.58110176976116,205.0,200.0,97.56097561,25.0,25.0,2.8,4.4
104.599994034711,84.9286472245808,77.06370401993884,128.74310105300356,70.6982368574657,220.0,203.4345820254949,92.7864883055089,30.0,30.0,2.7,4.6
159.35133998981433,138.94446770413947,83.61185045929811,130.64033002832682,74.10181236876541,199.99999999999997,165.44891712491696,81.30381890732032,30.0,30.0,2.7,4.6
207.44386941257443,141.04629566815368,69.16009408224973,133.24736296174953,68.73371638910498,220.0,178.47561638480275,82.80920066266631,55.00000000000001,55.00000000000001,2.7,4.6
207.84227345029464,146.24080161813478,72.11839892436213,135.33837674499324,69.14877168855593,199.99999999999997,181.161112399635,84.58724420233946,55.00000000000001,55.00000000000001,2.7,4.6
163.93339382710633,140.0533105114996,83.06244777552688,128.37486795061784,73.3317196117607,185.0,148.0,80.0,30.0,30.0,2.9999999999999996,4.3
184.54739215117226,160.84420695629467,85.63283429209568,137.35660521259314,79.08307949040268,180.0,171.0,95.0,30.0,30.0,2.9999999999999996,4.3
186.83645547853374,148.7585101582065,78.54122730823119,118.38686543527521,62.516157342179156,195.0,142.35,73.0,45.0,45.0,2.9999999999999996,4.3
181.76652494653598,154.60190944017123,83.67887044993236,131.65749517105274,69.73896043340991,180.0,172.8,96.0,45.0,45.0,2.9999999999999996,4.3
190.0,174.99999999999997,92.10526316,140.0,73.68421053,188.25057094204791,175.55724013692608,93.60098866441906,30.0,30.0,2.9999999999999996,4.3
178.0,174.99999999999997,98.31460674,170.0,95.50561797999998,213.32609519713583,192.46886457853412,91.30324637892453,30.0,30.0,2.9999999999999996,4.3
219.8,132.3196,60.2,161.3433561780521,75.9118739906453,200.07769418468678,157.01320750983882,78.17793412618119,25.0,25.0,2.9999999999999996,4.3
213.78,133.48423200000002,62.44,162.98387848246875,79.84234258006899,199.06935608304204,156.89115401522128,78.77739366022834,25.0,25.0,2.9999999999999996,4.3
202.6,134.9316,66.6,167.909301764405,80.33697757129511,201.93710297195605,169.2302813794623,83.65585345423838,25.0,25.0,2.9999999999999996,4.3
185.4,135.342,73.0,129.76440121494605,70.24340570585154,194.44615314903527,135.842663771875,69.70778035754527,25.0,25.0,2.9999999999999996,4.3
228.4,130.188,57.00000000000001,168.5199550192094,80.13282525585991,203.60803197465677,167.3345564247032,82.75526527695907,25.0,25.0,2.9999999999999996,4.3
171.817815684863,145.5008860697886,84.52808009925303,130.31588244042652,77.09847595398294,165.0,140.25,85.0,30.0,30.0,2.9999999999999996,4.3
177.79907772479223,156.04687636768585,87.66965029817922,135.81522712258578,77.47582928114286,160.0,144.0,90.0,30.0,30.0,2.9999999999999996,4.3
180.0,160.0,88.88888889,130.0,72.22222222,207.69495160827276,172.26162951214909,83.88700729092317,25.0,25.0,2.8,4.3
180.0,170.0,94.44444444,160.0,88.88888889,213.73993976344082,184.5091889403444,86.62926021105746,25.0,25.0,2.8,4.3
170.0,135.0,79.41176471,115.0,67.64705882,185.1892238632804,128.6388934928931,69.079693905435,25.0,25.0,2.8,4.3
180.0,160.0,88.88888889,146.97,81.65,207.50528863440127,174.46732169861684,84.77561496358274,25.0,25.0,2.7,4.3
195.00000000000003,184.99999999999997,94.87179487,160.329,82.22,217.23207588815396,192.78002427150554,89.70079097073256,25.0,25.0,2.7,4.3
205.00000000000003,195.0,95.12195122,179.457,87.54,240.92110687881524,204.81263496404145,85.57752015220025,25.0,25.0,2.7,4.3
180.0,160.0,88.88888889,149.454,83.03,206.0202084685897,176.98359740279176,86.676624554513,25.0,25.0,2.7,4.3
210.0,184.99999999999997,88.09523809999999,164.40900000000002,78.29,222.4956570732601,200.28859240970587,90.01260475881325,60.0,60.0,2.7,4.3
220.0,200.0,90.90909091,187.81400000000002,85.37,227.40110485003825,205.63889649558743,92.2680734446876,60.0,60.0,2.7,4.3
180.02135777361718,142.6643391211243,78.97433824661029,122.75588563004021,68.38364385818201,199.99999999999997,125.0,62.49999999999999,25.0,25.0,2.7,4.3
240.33634899734176,136.0391859107875,28.733933351461708,196.9383553399264,84.16035252366449,195.0,178.035,91.3,25.0,25.0,2.7,4.3
187.6274618920871,138.7595473308313,67.56699367134365,150.22133725229094,81.06574272982826,210.0,150.0,71.42857143,25.0,25.0,2.7,4.3
235.21855464982704,142.90522859551905,42.676163031927864,188.29415247096634,80.00610897880888,199.99999999999997,175.0,87.5,25.0,25.0,2.7,4.3
177.04855079978338,141.37492152192573,74.9357231429233,129.88403220092908,73.39974134187062,190.0,140.0,73.68421053,25.0,25.0,2.7,4.3
175.09728887731066,175.1206489044103,98.26209790922083,167.15575780771584,94.6108855700162,180.0,175.0,97.22222222,25.0,25.0,2.7,4.3
133.747764598567,114.74329373849694,81.94486048157093,133.21798707146579,73.32124610537936,228.21429076089012,208.87400433002136,91.6038519648193,30.0,30.0,2.7,4.3
207.19999999999996,191.66,92.5,153.27157478170045,89.84020302686478,205.90896151551962,183.46450226419728,88.50319998332625,30.0,30.0,2.7,4.3
119.19347852391621,100.7507704455339,82.68605455081364,129.59844242779766,71.5271525837578,215.2,206.80720000000002,96.10000000000001,30.0,30.0,2.7,4.3
207.8,192.42280000000002,92.6,150.55761365199925,85.22247387541115,202.36125707321284,182.30852465921723,89.35045894870919,30.0,30.0,2.7,4.3
126.29995268701643,106.90301079680991,80.25030418322257,130.79800885106255,71.27461220873501,216.0,208.00799999999998,96.3,30.0,30.0,2.7,4.3
205.9,192.7224,93.6,153.74866678885908,87.59910217275225,206.35602147265388,183.17816627553043,88.24884939047996,30.0,30.0,2.7,4.3
126.29201241690124,106.91419295985102,81.2062847755538,129.59973576611614,72.82835036086976,213.8,207.8136,97.20000000000002,30.0,30.0,2.7,4.3
203.99999999999997,192.576,94.4,149.33238973739182,86.27516545075117,201.36456937748548,179.57196457384632,89.5963308918339,30.0,30.0,2.7,4.3
94.78574678810718,74.3367971729958,71.70353990186594,129.27865921320114,70.59438758360064,212.4,208.7892,98.3,30.0,30.0,2.7,4.3
191.5,177.1375,92.5,149.65550865697668,84.71028087468244,202.30406671714718,180.1611460610539,88.48089326877474,30.0,30.0,2.7,4.3
74.18979285910382,50.91736994558574,66.10945589186382,129.2405127536403,70.4372146144447,198.7,190.75199999999998,96.0,30.0,30.0,2.7,4.3
172.8,151.8912,87.9,136.31325700225187,78.50584676378878,173.0040400271323,158.70460867611993,92.51015187893353,30.0,30.0,2.7,4.3
151.09665993513212,131.40788279350323,83.3998664032544,133.54900111770124,73.99288084857146,183.2,170.7424,93.2,30.0,30.0,2.7,4.3
140.0,93.8,67.0,107.53845737341732,68.69633874831553,175.420733699464,123.94432955330856,70.56636632298401,25.0,25.0,2.5,4.5
150.0,127.5,85.0,105.73708160725405,65.81904401426127,182.63983739619212,117.35833941510236,64.66736180638802,25.0,25.0,2.5,4.5
174.00000000000003,168.78,97.0,149.8563508249182,85.70294511210157,205.742713090303,185.38850417265851,90.81706651246336,25.0,25.0,2.9999999999999996,4.3
160.0,156.8,97.99999999999999,148.51731775862015,86.56840908971294,198.48539551536152,184.79218421112378,93.43434174560292,25.0,25.0,2.9999999999999996,4.3
158.0,154.84,97.99999999999999,162.61219154632283,95.34947783583989,207.73974202068823,189.3949881322492,92.42439993386876,25.0,25.0,2.9999999999999996,4.3
153.0,148.41,97.0,148.2804758316246,88.4416375781631,198.0627388736487,184.5337679218157,93.445066314979,25.0,25.0,2.9999999999999996,4.3
192.0,163.2,85.0,160.6929549406077,85.66689468486281,226.67966635276983,187.7714055143751,83.66757132391079,25.0,25.0,2.9999999999999996,4.3
191.0,175.72,92.0,159.96567085109172,85.04165884989222,213.95400749354354,186.1916775052855,87.30036879384866,25.0,25.0,2.9999999999999996,4.3
148.68547544209926,105.7067992786986,69.27474323799781,109.44163559290953,68.95806448972566,173.0,131.0,75.72254335,25.0,25.0,2.7,4.3
174.15431074194862,137.77140479228777,78.73944851523056,122.6256993652599,70.1405693149417,187.0,140.0,74.86631016,25.0,25.0,2.7,4.3
225.41034200292967,132.3544190496339,44.91060714560691,175.86945745416645,78.06753931161714,191.0,158.0,82.72251309,25.0,25.0,2.7,4.3
146.67272288057217,111.21241708703708,71.83119525538591,104.44288164568178,68.30985772202288,179.0,119.0,66.48044693,25.0,25.0,2.7,4.3
183.91000000000003,145.99,79.38121907,121.99677691569434,67.87260276360493,215.8,109.8,50.88044485999999,25.0,25.0,2.8,4.35
188.72,154.58,81.9097075,152.99648779173455,78.65468248301165,211.99999999999997,173.1897132435098,82.37490212126974,25.0,25.0,2.8,4.36
187.3,154.78,82.63747998,157.32658494064526,81.85457088600856,213.3,177.48691443957708,83.87966626171226,25.0,25.0,2.8,4.37
192.48999999999998,162.02,84.17060627,131.44531935252002,69.0876370081752,214.8,132.5,61.68528864000001,25.0,25.0,2.8,4.38
214.0,127.0,59.34579439,179.55628445375947,80.73178325172859,230.0,200.0,86.95652174,25.0,25.0,2.5,4.3
226.00000000000003,195.0,86.28318584,168.82781076074184,86.34740953207526,230.0,210.0,91.30434783,25.0,25.0,2.5,4.3
209.07973350735807,143.86119410810448,69.77970280375001,137.03896881902514,69.22928143032391,212.99999999999997,188.42247971199555,85.46610818087564,60.0,60.0,2.7,4.5
208.53060610963283,138.59169980645186,66.90715210649084,135.75532670316156,68.96510297586178,224.99999999999997,187.55012896724955,85.54955562142896,60.0,60.0,2.7,4.5
230.0,157.55,68.5,130.74433036038127,68.60207010353167,210.80075025976254,186.72027195274626,90.25495103832297,50.0,50.0,0.0,3.8
222.0,201.132,90.6,129.1072640314345,68.51871695818545,210.8842380665122,186.88220799985524,89.90604310044749,50.0,50.0,0.0,3.8
166.9306459835406,146.93968169882015,85.12462271907069,133.6347137811654,77.8705078057142,215.00000000000003,165.0,76.74418605,30.0,30.0,2.7,4.3
163.47410680946237,146.68502372394843,87.72750648163793,139.49980539919136,80.05177513074453,215.00000000000003,192.0,89.30232558,30.0,30.0,2.7,4.3
124.26803860889387,104.78322323065058,80.52327789366379,134.02328327354329,71.49888177096395,215.00000000000003,211.99999999999997,98.60465116,30.0,30.0,2.7,4.3
123.78009767136216,104.34653916005706,80.75455180011502,130.68983658045602,70.68337165599483,215.00000000000003,211.99999999999997,98.60465116,30.0,30.0,2.7,4.3
187.0,150.0,80.21390374,137.27073390473794,79.14694038189862,176.79496197786315,161.08007545349292,91.1869599601138,30.0,30.0,2.9999999999999996,4.3
192.0,174.0,90.625,137.95320590276253,78.75257950100993,184.0787298960987,164.45201747021724,89.95647731575413,30.0,30.0,2.9999999999999996,4.3
191.0,164.0,85.86387435,144.39192893426568,80.94019831598568,198.20714285069133,173.5307960504601,86.9571837860278,30.0,30.0,2.9999999999999996,4.3
160.0,120.00000000000001,83.9,90.0,56.24999999999999,175.0,92.0,52.57142857,25.0,25.0,2.8,4.3
165.0,160.0,66.6,140.0,84.84848485,195.0,135.0,69.23076923,25.0,25.0,2.8,4.3
168.0,170.0,95.6,160.0,95.23809524,192.0,181.0,94.27083333,25.0,25.0,2.8,4.3
159.0,130.0,82.8,120.0,75.47169811,175.0,142.0,81.14285714,25.0,25.0,2.8,4.3
206.12824675655463,137.88206431568207,53.47010483912034,165.90730424563162,81.05997105971792,196.82151600000003,161.0,81.8,25.0,25.0,2.8,4.5
167.43194250250318,158.6230814710133,93.45198399397783,146.1943059906403,85.37058937671537,196.22245500000002,186.99999999999997,95.3,25.0,25.0,2.8,4.5
155.5206912581058,154.91053421466776,97.08865217504167,147.95080029331604,92.15034771450783,200.83246599999995,193.0,96.10000000000001,25.0,25.0,2.8,4.5
232.5071259835554,132.9377125281203,38.12949830995112,183.22380283042781,77.65208796162024,196.078431,170.0,86.7,25.0,25.0,2.8,4.5
197.0,158.0,80.20304569,161.68007404212315,82.77001285293333,222.6628994906628,185.7719892316365,84.90762418898109,25.0,25.0,2.8,4.3
197.0,170.0,86.29441624,162.2350295191044,84.1878553997197,221.45659638723265,188.2959881152686,85.45210942197231,25.0,25.0,2.8,4.3
197.0,165.0,83.75634518,161.1504817253555,82.86163137115939,223.0078298009414,185.5808523482941,84.79346497765887,25.0,25.0,2.8,4.3
197.0,183.0,92.89340102,168.78538218900945,89.4265044406281,222.11840179683887,193.67871988495727,87.90220308780849,25.0,25.0,2.8,4.3
190.0,150.0,78.94736842,142.96152090038396,75.11866700482683,199.71141633523214,151.43092680530535,76.15111300288822,25.0,25.0,2.7,4.5
205.00000000000003,174.0,84.87804878,168.67961359201973,83.00058344385678,226.84409386923323,196.96398246406264,86.11589615954493,25.0,25.0,2.7,4.6
210.0,184.99999999999997,88.09523809999999,168.7531243069322,86.55397680774489,257.0381160591355,200.01461544342092,79.31203269952432,25.0,25.0,2.7,4.7
227.1472786309444,131.99237090042817,36.61369327181815,180.87830789128236,78.44999913691169,196.85590972610603,164.31702483202582,83.51273885584008,25.0,25.0,2.7,4.8
210.0,75.0,35.71428571,135.26668618126803,69.19861584934127,221.48467715313254,180.80299640033047,82.14991951220168,60.0,60.0,2.7,4.5
224.99999999999997,170.0,75.55555556,149.0795339206034,74.83547608183697,221.36233485957885,189.20125420451305,86.7144958662439,60.0,60.0,2.7,4.5
200.0,165.0,82.5,135.0,67.5,199.85388002597227,141.80924063374692,70.14599629152788,25.0,25.0,2.7,4.5
200.0,182.0,91.0,170.0,85.0,227.67467880723754,195.78005063286372,87.47662302788417,25.0,25.0,2.7,4.5
175.0,125.00000000000001,71.42857143,85.0,48.571428569999995,196.19675904270912,176.42058588560278,89.34421628565049,44.44581566902163,45.388801813220816,2.6575262345073227,4.434519824432169
180.90829001430922,157.11590859555992,85.27037169308385,130.19483740405116,70.69046927353646,193.83650028724983,172.98106754653708,89.007661986191,37.14442590013072,46.25258077022873,2.7394562740741804,4.321936150863149
200.0,188.0,94.0,165.0,82.5,263.1895004493179,204.2119650367343,78.68669697259504,24.52605654326228,24.526456994091447,2.5147629391644952,4.563325123203387
209.89765902739333,132.35339131382014,64.81373151308854,156.56399165966198,81.4998705434701,188.96508334265647,165.96602506062013,89.88886206498593,8.64436713454653,8.652330324326316,2.4132006016901744,4.6985164971079625
190.0,167.0,87.89473684,135.0,71.05263158,203.78674299945675,169.23238803147683,83.86651311252781,25.0,25.0,2.8,4.3
188.0,172.0,91.4893617,138.0,73.40425532,203.3509570810469,162.65752344882983,80.34955748844374,25.0,25.0,2.8,4.3
185.0,165.0,89.18918919,135.0,72.97297297,199.8381221006286,148.5843384693919,74.03559625640105,25.0,25.0,2.8,4.3
182.0,177.0,97.25274725000001,155.0,85.16483516,192.22655810822562,179.26821947927903,94.19240506332396,25.0,25.0,2.8,4.3
200.0,150.0,75.0,165.76271927630432,79.16347720622892,216.4448239374187,181.3693090785114,84.04460945364968,27.0,27.0,2.8,4.3
200.0,180.0,90.0,162.97451336279633,84.30542882107483,218.09801587076313,189.42151729888946,87.6131716634109,27.0,27.0,2.8,4.3
190.0,184.99999999999997,97.36842105,168.82663532652228,89.56954612267748,223.81130772966688,194.18152985615288,87.719870414549,27.0,27.0,2.8,4.3
190.0,176.00000000000003,92.63157895,140.85324340058972,76.82822528251583,197.17540239210933,168.5377997266551,86.66458275998144,27.0,27.0,2.8,4.3
164.94875732515266,125.1673414801297,77.53687382554821,105.94005074608509,63.5532421498851,175.0,108.0,61.71428571,25.0764663554751,25.07646644710672,2.8,4.3
180.6320494351896,153.9669250812833,85.84391318871239,130.87151193232083,70.94163825525892,185.0,177.0,95.67567567999998,39.337841261007576,42.669794933218995,2.8,4.3
175.0,174.99999999999997,99.99999999999999,173.0,98.85714286000001,209.42106842264798,187.90267309797267,91.66639379687658,25.0,25.0,2.8,4.25
178.0,178.0,99.99999999999999,174.0,97.75280899,197.95993884340842,179.67115690777405,94.90960986662856,25.0,25.0,2.8,4.25
187.32919214602322,132.83015118197687,67.3574552707847,147.4304542425537,81.45664485422618,148.0,130.0,87.83783784,-20.0,-20.0,2.8,4.25
193.52156972636305,130.07436148582664,65.64489008722043,149.32779328583106,83.47019678029329,130.0,148.0,113.84615380000001,-20.0,-20.0,2.8,4.25
167.3826984876996,134.77560972813097,78.43587995877955,119.21038858889676,69.78345154392215,191.47,109.62000000000002,57.251788790000006,30.00000000000006,30.00000000000006,2.8,4.3
172.50169308407476,150.30131680715002,88.10122528154709,131.23909963613863,71.75643256964308,190.1,178.64,93.9715939,36.929400360785145,41.22295128387107,2.8,4.3
186.71799023182265,148.7173563874684,76.70317591700605,146.78115508980193,82.1153467279812,187.34,169.0,90.2103128,10.07180527759167,10.08005651971433,2.8,4.3
173.1552649876257,153.02957801071207,88.8998273182616,133.6932758869258,75.00904023407453,186.6,168.0,90.03215434,34.92796794454314,37.508683434468836,2.8,4.3
193.46108745275612,142.85320278908046,73.75189547127003,150.3711102589311,82.28396873819722,187.81,160.0,85.19248176,5.970147851921078,5.97708926313187,2.8,4.3
174.5,149.15185592582287,80.21802536235398,120.18890433043143,63.964504498810534,198.33605412026884,163.19627368870886,81.37558190943544,41.24964768889512,46.28955254170343,2.8,4.5
176.05999999999997,154.65927453909484,86.69948313188357,134.40047977108452,73.78469166081769,186.9583056100438,171.7040587893183,90.1583268634882,35.37863918729466,42.92228610480209,2.8,4.5
193.08721641871367,136.4587879221102,69.8077891087805,147.39084828927744,82.3409957094645,171.1124126144328,154.3896878366486,92.64545414529434,-3.8570861718612646,-3.854461073355712,2.8,4.5
180.03065811500096,153.90414100733014,86.25101699795205,132.38498060349946,72.24442884161559,182.26580543692282,172.1004861516183,93.8547086557975,36.453963008798766,40.017714972494325,2.8,4.5
186.0,138.4074044701668,71.33024052986444,150.6,80.96774194,172.5749391513822,148.9766044489613,87.99399843561697,1.039364692055204,1.0449181792363749,2.9999999999999996,4.3
186.3,177.3366551141623,92.69012206485664,160.0,85.88298443,212.91089484425115,185.5041964511436,87.69956310652631,22.681469207660054,22.685473650506374,2.9999999999999996,4.3
191.0,183.83483440337997,95.11591579460884,172.0,90.05235602,232.8574538620094,199.37319136948378,85.40399306121174,25.555760971563945,25.55565364289345,2.9999999999999996,4.3
186.5,153.23128698460272,79.81130311393953,150.0,80.42895442,201.1512841172517,163.64834991457357,80.83370473441404,12.92258186036973,12.93215516798291,2.9999999999999996,4.3
171.97115258355916,147.62437537589852,85.02723220576455,129.1906215069307,72.15908264177011,147.23,167.16892723423896,92.11898194117451,34.51646022341817,37.24480383651092,2.7,4.4
180.3016736065249,154.3621446403148,89.18754476377778,135.0125154901952,73.84974807974822,202.7,169.7300613091442,88.15203841896512,31.49240101936416,48.92226314396167,2.7,4.4
167.78700064668072,146.97313036722772,86.71299417403101,130.7129626190171,72.27804929121913,153.0,163.39439946889783,93.12854827407236,34.5808478466303,37.95755614124039,2.7,4.4
191.68328243309253,151.794754143724,77.69008292156529,123.8705734081274,64.86070783530359,189.74,176.77149387889688,86.86863367988633,46.948099628450805,48.75600629578219,2.7,4.4
202.51350689377887,162.41399890942944,79.76162932278241,126.80347464016302,66.94273902466793,216.8,187.1,86.3,48.63637799254969,49.82528677083012,2.0,4.8
222.3506968355847,167.29389828932938,75.67895632553831,179.01248483352842,83.6227898232843,234.2,205.15999999999997,87.6,19.732437375746482,19.737965347619532,2.0,4.8
220.25606843706316,175.23159165925446,79.43794042275894,176.7078213606993,83.2789761137618,237.4,216.27,91.1,22.043324666423704,22.045952579557785,2.0,4.8
216.45360830647707,185.14774053540657,86.01588282444924,174.73491250717362,83.2216073710595,249.4,232.94,93.4,22.778726205292685,22.780727560721573,2.0,4.8
175.8,159.59909850911652,92.31781168970518,142.9,81.28555176,202.6451911157393,179.65909062301927,89.23446563346455,25.0,25.0,2.7,4.3
179.3,168.16203255641895,95.55086156396193,156.7,87.39542666,201.44915576201745,184.29002941275903,91.67055759233556,25.0,25.0,2.7,4.3
182.6,170.38659639795802,93.83545292094743,165.6,90.69003286,207.71628807695615,184.32454504860218,89.60043857920826,25.0,25.0,2.7,4.3
177.0,138.95254746825432,64.39370993006898,148.5,83.89830508,201.35486533104321,149.0186458098344,74.90377064443605,25.0,25.0,2.7,4.3
184.7,154.4042965280057,83.6169760169614,141.5,76.61072009,203.42602206775226,175.55780118517265,86.99112136574942,25.0,25.0,2.7,4.4
196.5,132.78904542056952,66.41107407482816,137.7,70.07633588,197.3680949645347,144.2587520336734,72.05151535150202,25.0,25.0,2.7,4.5
193.7,153.23173483182146,76.56008947625853,138.3,71.39907073,211.96760707453313,190.19014681130898,88.92225634271348,50.0,50.0,2.7,4.3
190.5,183.75923189961193,94.9947846870259,167.40000000000003,87.87401575,241.44175757974875,200.98289005686544,84.9896654506669,25.0,25.0,2.7,4.4
202.8,139.38169027376128,65.16675649740108,167.3,82.49506903,201.737220148679,160.53065362488292,79.04399155042827,25.0,25.0,2.7,4.5
196.8,169.0075739533947,84.6324731264534,163.5,83.07926829,202.22121210623445,180.86411990557508,88.82605483330602,50.0,50.0,2.7,4.3
182.86,128.91899999999998,70.5,101.12,55.3,189.6595678093722,106.58816562994122,56.02039602380987,30.0,30.0,2.8,4.3
175.91,155.68,88.5,144.2748193722227,81.84958192512082,201.96169385704803,176.6026511005499,87.25215221544192,30.0,30.0,2.8,4.3
166.06,158.92,95.69999999999999,140.32,84.5,227.38240557826043,197.5862938667389,86.68657733048228,30.0,30.0,2.8,4.3
167.88,152.43,90.8,136.2921120410684,76.78711711185493,192.88525602324302,167.02230207721195,88.48107921737059,30.0,30.0,2.8,4.3
189.66999999999996,108.6,57.25734170000001,77.765,41.0,198.2499561320169,173.09005146766083,86.28055897009155,45.0,45.0,2.8,4.3
192.81000000000003,123.352,63.97593486,57.151,45.2,196.16845759303425,176.50499419018,89.32732807897703,45.0,45.0,2.8,4.3
193.38,161.564,83.54741959,130.726,67.6,207.06634054323732,187.3480950289396,89.38632730940193,45.0,45.0,2.8,4.3
192.44,138.77100000000002,72.11130742,102.57,53.3,200.36407451201376,168.14569727329325,83.43121690002178,45.0,45.0,2.8,4.3
195.61,131.35277400323432,74.9277061892898,105.434,53.89999999999999,191.4750714691472,115.46963732159094,60.612122103617175,25.0,25.0,2.8,4.5
190.31,136.43406195008566,75.21625253590007,126.936,66.7,194.92930044581303,127.5423996703233,65.61708610086659,25.0,25.0,2.8,4.5
186.92,139.93312290059038,66.19431887701556,146.358,78.3,201.028009882157,155.0111982628474,77.63684330564806,25.0,25.0,2.8,4.5
175.74,134.02680437566207,76.51724668951465,117.919,67.1,190.68201608589985,132.085289357882,69.34760723979363,25.0,25.0,2.8,4.5
175.46498390365684,141.70225802823845,73.27354712339826,131.66292659949784,74.87749861828244,200.2,135.84153798680043,70.4054252077912,25.0,25.0,2.7,4.3
211.9083489032451,135.85755858373952,54.37624548974882,170.1110560051016,80.69557780469516,202.1,161.06132824503734,80.10059649858427,25.0,25.0,2.7,4.3
227.07981109213392,130.26122956039572,38.69008726075987,183.00772900207005,79.23598644088521,203.2,162.76892823852947,81.17502220144146,25.0,25.0,2.7,4.3
172.84,146.74,84.9,128.96184954783845,71.87007834025196,168.72674996665378,168.39418471696962,92.30917092319108,35.146407119647535,38.639280794928546,2.7,4.3
170.86,162.83,95.3,135.37867633182697,75.58157305028189,177.14521197615647,172.21040461798228,96.90258354307765,33.016000706003034,35.2902641692194,2.7,4.3
170.53000000000003,164.57,96.5,151.37601461618772,89.54714693249092,203.50060047774198,189.43439806513695,93.32508097767477,25.00000621139536,25.000006184550376,2.7,4.3
173.87,173.7,99.9,165.64843895901157,91.52508474246352,214.7129785406147,189.87596675499438,88.49010569750438,25.000028088754007,25.000028078550574,2.7,4.3
149.0,134.11387836484025,83.92145010312464,131.2318771112067,74.399959628214,203.04019148116654,167.3161895462782,82.18637491321381,30.0,30.0,2.8,4.3
152.93,149.33398812832644,84.3755544062795,128.58248424530498,71.27315803269697,173.6156250178091,169.10416332488347,92.95833021326972,36.181660043120154,39.52109421709817,2.8,4.3
207.0,141.26827961687974,74.65498455542054,150.24263197830697,80.91573861413451,181.27737592810308,149.76506168473261,85.03379865429285,8.414464692140806,8.422303698002374,2.8,4.3
176.37,149.56557552837407,79.89719786796388,122.02770357282648,64.63137127723196,194.5464750017201,182.0761495640669,93.8324516786972,43.22269624043115,44.75192208775371,2.8,4.3
197.14,165.0,83.69686517,141.4313043440948,70.93004652007592,214.47903128822662,191.8969583695096,88.82127184684578,53.84375662523435,53.99458027602485,2.0,4.6
219.8,185.51,84.4,174.80221993567952,84.21712597668377,243.14026328482822,216.19298911509918,89.69922322113808,22.679598445714134,22.6819800558056,2.0,4.6
159.64,137.86,86.35680281,123.60715940355772,65.2052641991923,204.33489337058626,181.4948038261059,87.81727951028863,47.0743590069789,48.36988598997121,2.0,4.6
220.89000000000001,89.89999999999999,40.69899045,154.00987534395364,80.42817735728217,177.83656912702767,162.27521455320567,91.5407172435073,-2.6782207957697737,-2.675293298643827,2.0,4.8
224.99999999999997,166.44,73.97333333,177.9370003667975,83.51098283865788,235.8155535391424,211.78332225033986,90.54014935146138,21.76738296999919,21.770513314225287,2.0,4.8
203.43,153.1,75.25930295,170.34749258488193,79.98250968026537,202.42327628184563,177.45062552495273,88.30514347926497,11.73982502471753,11.745815150119448,2.0,4.8
213.3,204.65099999999998,95.94514767999999,173.7062797092404,83.71169651442821,251.7648073155862,220.142607390382,88.1975579921514,23.144827664111794,23.146320220023046,2.0,4.8
220.465,146.98,66.66817862,168.31672854011728,80.3006732137142,207.45499651792727,180.05801299446284,88.21015804776658,15.672931283454528,15.678560888313564,2.0,4.8
169.29999999999998,133.02,78.57058476,113.00793131197943,60.927937748677664,196.31947284950726,177.68501616093772,90.0946998112732,44.360367812264776,45.96891362103583,2.0,4.8
162.81843954220392,147.78500653462626,90.18405386009928,142.07029521405565,82.2562021094552,224.7,195.48899999999998,87.0,30.0,30.0,2.7,4.3
151.75891181778948,133.0032012435484,85.70057700822845,136.2614008902025,76.62902696497281,222.5,188.75,84.83146067,30.0,30.0,2.7,4.3
152.5209023131961,133.99342798269095,83.16415087952883,130.89555294311947,73.7681021626074,216.0,178.0,82.40740741,30.0,30.0,2.7,4.3
161.40816616208716,134.65065005315964,80.71995442724608,124.65693955331571,71.43216199430702,211.10000000000002,156.214,74.0,30.0,30.0,2.7,4.3
144.2359949812295,124.78344744402519,82.04978662331985,130.9253833695482,73.28823115143233,227.8,189.074,83.0,30.0,30.0,2.7,4.3
130.08841553101462,110.67621004050913,83.00802942072598,132.63541189202076,72.57839407344632,226.00000000000003,200.0,88.49557522,30.0,30.0,2.7,4.3
126.74802559370998,107.8462392351776,79.23364161286646,129.70807324202076,61.75511344254823,226.00000000000003,199.0,88.05309735,30.0,30.0,2.7,4.3
133.7946391024533,114.41166536964937,82.17816190155106,131.76737747117704,73.63079581190712,224.99999999999997,192.49999999999997,85.55555556,30.0,30.0,2.7,4.3
150.04412840165105,131.35387494726467,83.51098724133826,131.29608267186623,74.31857473105444,223.99999999999997,186.0,83.03571429,30.0,30.0,2.7,4.3
83.11531107948457,60.85635453563948,69.18195872737998,128.68331120487386,70.82721706895109,211.0,195.99999999999997,92.89099526,30.0,30.0,2.7,4.3
129.83070710227108,110.35116505139305,79.9221330320569,135.64470145375873,73.11775403398723,218.69999999999996,201.0,91.90672154,30.0,30.0,2.7,4.3
96.5335998902232,77.5506722408298,75.84671803850345,129.52248845292803,71.8275826795374,223.0,208.0,93.2735426,30.0,30.0,2.7,4.3
124.49986258991642,105.37643709587411,80.25420773594728,132.57819492575092,71.25478637790309,226.00000000000003,207.0,91.59292035,30.0,30.0,2.7,4.3
133.34629395337643,113.54940906994103,82.00909452628049,132.93807976977317,73.28963987205876,224.99999999999997,199.0,88.44444444,30.0,30.0,2.7,4.3
131.8000400885258,112.36796919879508,81.57473401480438,131.53760539466094,72.36518945660677,216.0,188.7,87.36111111,30.0,30.0,2.7,4.3
180.95234993690997,169.78878377638,94.6089837108478,153.6653558872985,87.48864100389461,206.0,194.0,94.17475728,30.0,30.0,2.7,4.3
91.53738213009544,73.92936484850557,76.6669607516015,132.2023697175205,70.36238850657398,215.2,202.99999999999997,94.33085502,30.0,30.0,2.7,4.3
83.52260494223135,64.21974905088719,72.66401888112907,130.9248165369179,71.87051716596423,217.0,200.0,92.16589862,30.0,30.0,2.7,4.3
114.00950545591364,94.39585041898056,78.29674076413487,133.5976991726899,71.09925636370374,210.0,199.0,94.76190476,30.0,30.0,2.7,4.3
139.39377456255653,119.90400179471168,82.1193535855177,131.83914299589117,72.46812397559295,208.0,188.0,90.38461538,30.0,30.0,2.7,4.3
191.5,161.3579,84.26,130.95067832758554,71.30184900836134,203.00000000000003,155.6807,76.69,25.0,55.00000000000001,2.7,4.3
204.7504959063168,185.8307931761352,89.54636610149257,167.9774886532417,83.5049678276991,295.0,189.09500000000003,64.1,25.0,25.0,2.7,4.5
200.0,172.46,86.23,132.24410453263766,72.03332841027608,204.60276999015966,175.94308517124858,86.28681718272057,25.0,55.00000000000001,2.7,4.3
195.00000000000003,180.453,92.54,132.1900047154265,71.97269638595068,209.0,181.203,86.7,25.0,55.00000000000001,2.7,4.3
155.0,139.5,90.0,131.80500539600555,71.71697482834799,197.49896251407722,166.08569784558122,84.26675601371193,25.0,55.00000000000001,2.7,4.3
204.487642052827,190.98911130010174,92.63762054477509,175.44485258902944,86.56850612060003,284.2,226.7916,79.8,25.0,25.0,2.7,4.5
194.5498063840077,148.68004824772737,76.64700166987488,150.65306572125834,78.82068523724557,210.0,168.021,80.01,10.342089986921795,10.351966498801225,2.7,4.3
210.7,179.09500000000003,85.0,158.47725981202257,82.42847065047502,205.0,184.70500000000004,90.1,21.541569934169445,21.546493341537527,2.7,4.3
198.5,115.13,58.00000000000001,143.03872451953856,74.52501675473852,199.99999999999997,137.0,68.5,25.000000001004206,25.0000000010038,2.7,4.3
70.5,36.4485,51.699999999999996,128.54581679500293,70.14587579074079,204.7484383211482,192.44572904406473,94.53101748163114,29.997851884680486,29.82576252212319,2.657141591944598,4.3
57.5,39.27825,68.31,129.52012922492966,70.54671829607194,207.45715130097872,194.3585801275036,94.23929273039633,29.963434253526028,29.31312838480033,2.69507613189671,4.3
63.0,44.73,71.0,128.5590079977369,70.6150406801958,209.21110715071617,196.42935342290227,93.47297862292541,30.000101592173323,30.086305108134564,2.700011989596975,4.3
77.5,67.8435,87.54,129.60499716306276,71.96539438068994,220.4274262678314,210.73329362662844,96.1563484276414,30.00000000003466,29.981115553934597,2.7000859281526983,4.3
192.78255728765373,162.13207358599257,86.52257407846825,149.71897330171808,82.9665402937642,205.20832838557035,168.50159234114443,82.67858616564928,15.18818265631466,15.196965632825766,2.967025932850219,4.368205604686297
182.0,159.43854999099062,87.71509417161359,130.68620737188803,70.7134271396143,198.19878591137626,171.58697715123333,86.68899221572791,30.923925590023966,50.30861944416721,2.7,4.3
196.0,139.70267100857126,72.03494955768048,150.17405165023152,81.61776927163763,180.162122819638,156.99471909752558,89.02243737395456,5.1210859113745215,5.126877781314754,2.7,4.5
203.0,128.0114812757204,64.3631023689615,149.62751121732154,81.99445894458984,164.03343997987812,152.56452763612333,96.54042243293394,-3.6353832062861446,-3.6323718580143702,2.7,4.8
207.0,150.4055397668272,75.02245534914925,132.9107725485598,68.99608885422383,212.89409426423916,190.46086083168194,89.13832513372583,51.78492817634495,52.1987785487388,2.7,5.0
149.0,125.73211325791559,81.43289228317983,108.55159625258642,67.16513328462037,182.6846379990919,122.3850966046021,67.31516665545807,25.04291476226345,25.042914381531965,2.7,4.3
179.0,156.263037706633,85.9000427961599,131.0157658036271,70.86965815197999,188.74097017506247,174.7375269154181,92.9700985500309,37.70423195787957,44.69760184985535,2.7,4.5
197.0,153.81305090691916,82.75664402884314,127.73433927601354,68.0217764060865,195.46470020589442,176.18962813191456,89.7707370396869,39.834903017864846,45.611252193554506,2.7,4.8
200.0,142.3544364912793,71.42556513429349,158.81197832634717,81.92208688184293,192.76214492969697,167.546318539868,86.628802390476,4.061756982876584,4.066366984639027,2.7,5.0
140.0,123.41595982597934,83.76626753805398,135.096599026193,75.92618150592631,224.5715554955962,189.95120341913088,84.66563692889096,30.19327208111426,29.97461849989312,2.7,4.3
146.0,118.69440484309602,78.11339550815595,99.82789452348797,66.76344534714292,180.10533662139926,116.50563124114508,64.84009658803338,25.04634034111023,25.046340137533825,2.7,4.5
182.0,142.8116634309179,74.65586187009539,114.01216701674407,59.53579683104044,200.49790060264348,177.20861446358626,87.28855446062133,45.33189570643712,46.97565721766992,2.7,4.8
186.0,149.30906613554234,79.59860511220401,122.04059789880213,64.27507451867572,198.20270452525665,176.71964914247832,88.95616502094732,44.93792972475322,47.10593279838285,2.7,5.0
120.4,111.05594143790545,73.29342883190232,85.25999999999999,70.81395349,179.46740157637655,119.62145932090522,66.96613116149794,25.0,25.0,2.8,4.3
150.0,160.03979820768504,96.67399201698424,143.38,95.58666667,202.79001173491343,189.75822726333269,93.50081374964337,25.0,25.0,2.8,4.3
161.2850082,97.9,60.70000000000001,119.00144090597112,66.63478507355325,186.6999138038155,129.55687263580666,69.30473813130597,25.0,25.0,2.8,4.3
162.83987919999998,107.80000000000001,66.2,108.08282676401188,66.78918498897237,176.67193587425052,116.88056395982964,66.17965864262395,25.0,25.0,2.8,4.3
169.03553300000002,133.2,78.8,114.57363099347043,66.36236604857405,185.99784505653903,121.54541872954537,65.30248003530586,25.0,25.0,2.8,4.3
175.2066116,169.6,96.8,163.21874535012125,93.12685686147522,202.51361850014317,184.80853120654115,91.65677066140366,25.0,25.0,2.8,4.3
172.6256983,154.5,89.5,144.48702775757167,81.62575924004813,203.2104072929166,177.78639270280703,88.1573962064038,25.0,25.0,2.8,4.3
190.0,181.64,95.6,160.3174689349875,85.82470678117657,212.83052620004622,186.8098440594582,87.46092915268731,25.0,25.0,2.7,4.3
185.0,171.68,92.8,148.0579293782825,77.98187652629578,201.8155670105055,174.24007509988374,84.75104034187262,25.0,25.0,2.7,4.3
200.0,121.59999999999998,60.8,155.34299861689428,73.70375508768723,197.64767977151809,150.01996383809487,74.7884628294897,25.0,25.0,2.7,4.3
204.8,160.5632,78.4,152.52388977597846,75.89659376251979,220.2205676986124,195.07322246782658,88.79212475760768,55.00000000000001,55.00000000000001,2.7,4.3
205.00000000000003,150.0,73.17073171,139.176087210265,71.13056424707476,214.1408776078437,192.78606363207646,89.05658537839257,55.00000000000001,55.00000000000001,2.7,4.3
220.0,166.6981762636753,81.49423213308934,149.96901823890855,73.68093918618766,208.12788656908933,190.42385979597566,87.3795445471654,55.00000000000001,55.00000000000001,2.7,4.3
258.0,136.1516425902026,0.0,232.2,90.0,197.60792954739316,176.64061462974996,90.35197692645397,22.5,22.5,2.0,4.8
274.0,137.3492086813791,0.0,191.8,70.0,199.12358081174534,173.05485354375816,87.15494157523568,22.5,22.5,2.0,4.8
250.0,150.0,60.00000000000001,197.5,79.0,217.24485734365243,190.14535465061195,86.99466252930819,20.315136022435482,20.31782814142349,2.0,4.8
260.0,160.0,61.53846154,208.0,80.0,216.62459403596165,189.82738522714013,87.45547235602768,20.556861973288306,20.559759571254396,2.0,4.8
188.9,156.1783303451835,83.57800269114807,145.34698723676553,77.45153291493115,209.11799052756237,165.4638361254125,80.06967770288493,25.0,25.0,2.8,4.5
201.80000000000004,143.89465211325583,69.04906930667052,149.34,74.0,206.20358632355465,148.43168011744226,72.94280199073782,25.0,25.0,2.8,4.5
192.6,142.19054742114216,70.68586296952265,162.39241421105623,80.19539763687824,204.11290048346737,169.2850840174736,82.75850837704769,25.0,25.0,2.8,4.5
197.0,176.08525317079494,86.0851813671467,167.49537147379561,83.3,228.9755686724108,195.76953652529255,85.99145445379753,25.0,25.0,2.8,4.5
199.7,184.2679748611842,90.88217160440173,166.58789044833634,87.2,239.9536608142638,201.97544652745614,83.89500040069177,25.0,25.0,2.8,4.5
195.9,186.9534388207689,91.72357376097987,169.12540005720706,83.7,267.02366163290594,200.5967750742506,75.19113647891012,25.0,25.0,2.8,4.5
191.39999999999998,167.6052713700373,86.19845697567386,161.4918039736841,84.3,220.36585030519927,186.77292877904094,85.49403512083,25.0,25.0,2.8,4.5
210.0,131.7841838693843,47.58955710756673,173.61647468695438,79.6872207714781,201.32539823574402,158.1445358206458,79.1604957901299,25.0,25.0,2.9999999999999996,4.3
193.99999999999997,141.00846164043062,69.2574809470261,155.04903294193832,78.43108357362148,201.12929057849573,157.6367146943148,78.82883229157153,25.0,25.0,2.9999999999999996,4.3
192.0,165.5395941425573,88.68203209884994,134.72652927267947,72.22497631081627,201.36683123652946,160.39406042025814,79.3784283690904,25.0,25.0,2.9999999999999996,4.3
123.59912015236948,104.61435717028257,79.044933719674,128.48777787543617,60.9,224.28374928668117,202.28200675874035,90.35372525169326,30.0,30.0,2.7,4.5
179.29966889414004,163.09933034874928,89.6296907476849,142.3839242598842,82.4,205.38069261580117,175.71555430685416,85.79579016500736,30.0,30.0,2.7,4.5
177.6561284123968,165.57362764110508,92.26771596613767,147.7453880105186,85.65051147381462,217.050365150142,189.83718326931285,87.2035705541412,30.0,30.0,2.7,4.5
134.19771720971448,114.83167377276396,81.33683105260205,131.76128609883668,72.4272296818024,223.8418777068641,194.51222376749627,86.98003197652805,30.0,30.0,2.7,4.5
190.72905363657526,174.85334963836166,91.87262674960749,144.40748890210256,80.6555197122725,189.26890460781564,177.5864106625128,94.77986072038819,30.0,30.0,2.7,4.5
162.74408795313173,139.44975560772838,83.23054362863164,128.11416353210467,73.20325212794684,204.0425397774871,149.59989900749832,73.73343517578874,30.0,30.0,2.7,4.5
110.25686203291758,90.5425822608486,77.17367012561415,129.12558816574625,70.7,220.5853372001155,203.3550508878858,93.09010218805128,30.0,30.0,2.7,4.5
174.34417747619906,147.9306107914937,84.55449100280644,130.6245731028633,80.0,171.2341778165585,151.84474577276222,89.0896478135399,30.0,30.0,2.7,4.5
124.36499223089423,104.90335863639027,80.22396318205217,131.07108081959018,76.0,226.49688285672357,198.54402818151252,86.90453882506871,30.0,30.0,2.7,4.5
182.5678379043566,166.79228547563045,89.38745621985093,143.04233987962454,87.2,205.33592404152785,175.82451227475937,85.81026854282266,30.0,30.0,2.7,4.5
201.21403009871437,187.31689353334082,92.73900154462521,152.73076405891746,94.8,205.99331682570997,184.3315976039982,88.64954614051172,30.0,30.0,2.7,4.5
166.09934606150682,146.91354686149853,84.98626554203902,133.35648990456787,81.7,212.95082600706488,174.15255428255293,81.40690740167152,30.0,30.0,2.7,4.5
179.66249933878265,163.47325594665736,88.19362180853737,139.558765089087,84.4,198.03794259597527,176.92737264034383,87.30407086091465,30.0,30.0,2.7,4.5
183.17804676873953,166.44297048601263,89.27531971725031,141.5423404310563,83.1,196.1708360905866,177.31634634977587,92.463422358573,30.0,30.0,2.7,4.5
164.27166073838703,135.7164270874201,80.64329804159783,122.79213514629078,72.6,194.88879591599252,130.35202888260585,67.15813378761841,30.0,30.0,2.7,4.5
120.47079242414043,100.78744188419986,75.91421049217864,128.82562546185736,70.0,216.4556469216615,198.54610868075136,91.2660004744295,30.0,30.0,2.7,4.5
163.17715543445158,139.43987487839308,83.13286320198317,128.11582946777892,73.4,198.8605527852522,152.4242246678176,76.82482538582936,30.0,30.0,2.7,4.5
173.37161701723474,138.32123080886873,77.82517632151237,118.06996651260233,71.2,202.73258024742063,130.47176844117112,63.926901784206954,30.0,30.0,2.7,4.5
190.98872552000614,145.86869997557486,75.99023231739099,149.25447214921806,80.9859737962394,188.8631568227347,161.7566122459314,86.22233171450685,6.764409887566656,6.771115598015862,2.8385500097207252,4.3214536351830395
185.91514344615754,151.8150294454937,80.25140155591303,124.14677176045699,65.61279367117025,192.88040134653406,157.8227579311487,82.66241447323587,42.69095334674075,45.68178674622113,2.8337528164485897,4.391436276908762
180.8237985373606,155.24683150301405,84.60705934833332,130.39557043795244,69.99321466642215,186.60294008845133,172.78693899231104,92.05245918646804,40.80368610328357,45.38957430668317,2.8379523138328238,4.351549798157573
172.24453197034498,128.91899999999998,70.50147654,101.12,55.29913595,189.0,126.70000000000002,67.03703704,25.16165669306657,25.161656667071554,2.9999999999999996,4.5
181.52802429283886,155.68,88.49980103,137.54417018727383,76.71811709723035,183.14056162640418,171.7516256342866,93.92165694481191,33.361393045422304,36.48723043429186,2.9999999999999996,4.5
191.73936390448637,158.92,95.70034927,140.32,84.49957847,210.9,170.9,81.03366524,12.123088170734516,12.13188517225482,2.9999999999999996,4.5
182.95811228228254,152.43,90.79699786,131.6509633665615,71.73710180124445,196.33705547177996,170.41830637945412,88.93658234699906,33.10641539378614,47.10431305720656,2.9999999999999996,4.5
182.86,108.6,57.25734170000001,77.765,41.00015817,201.2104367775019,177.3472906275449,87.09902053170548,46.66584438658952,47.530793247984725,2.6698078281935516,4.407480378766681
175.91,123.352,63.97593486,57.151,29.64109745,195.06349059757852,175.4631016246731,88.45997688620962,44.64911984655288,45.17196888916389,2.8044676020871835,4.309887696592145
166.06,161.564,83.54741959,130.726,67.60057917,182.91137760779637,172.59425059399368,91.68386688146371,38.0917142049878,42.516180437828865,2.762172162988601,4.366576781294518
167.88,138.77100000000002,72.11130742,102.57,53.29972979,197.23859631543715,176.56326993424403,88.04298959970852,46.04029787096244,47.19426905698744,2.702990071746061,4.553739114714064
189.66999999999996,128.33456358180814,68.03681218203327,105.434,53.90010736,201.6488971019854,176.8487716100085,87.0943269004366,45.562741708641035,46.667793200228985,2.533498399629071,4.419257387885369
192.81000000000003,152.54229646982398,79.5062409747239,126.936,66.6995954,207.8791867045225,182.75869525890056,87.42170911459391,48.20979744606497,48.92341245548007,1.6075098024896102,4.282833056338859
193.38,147.6827692211952,77.5685394929038,146.358,78.2998074,196.47021681398905,161.08026648700297,82.60904687241076,12.16830746116226,12.189016040262077,2.828867088487041,4.347915690525689
192.44,131.30651456737684,65.47606107213866,117.919,67.09855468,204.2157665675665,179.9177789489742,86.9184161805048,50.49518428494709,50.91529953829023,2.757198064856526,4.352259104697189
195.61,131.9775602120531,67.00302942170912,149.60474286314846,81.08085405596893,165.40357899851932,149.25965477945797,91.83659878408297,-5.112678100999353,-5.109829502215335,2.7571995301810244,4.506246627837628
190.31,155.8617529024857,86.52943500904449,132.01146353205408,72.08526683438824,191.71152810973774,169.85115228192913,88.77417837572499,35.20649958477961,45.064869539015,2.7761970934430824,4.404267507669299
186.92,136.4501616891105,70.37347371449022,149.42942920825462,81.57714069302277,166.64489523623752,154.16886609810078,97.00887084196631,-1.2380484009413348,-1.2342295275379092,2.824024489853978,4.302999656609649
175.74,158.117184707885,81.23461554712547,125.51572545956022,66.47331695919151,209.43355519577588,187.74272352322922,89.93370329665846,47.14366604815463,47.5731476519442,2.0414038947022592,4.285444904903358
