0,1,2,3,4,5,6,7,8,9
95.0,-0.4041639302405555,4.0,92.12967,101.0,0.8376300063695453,800.0,10.0,0.391744802470502,-0.5612753244903406
95.0,-0.37543263601364135,4.0,92.12967,101.0,0.8349257452561358,800.0,10.0,0.4202318012507111,-0.6979596522871259
95.0,-0.40369251216048607,4.0,92.12967,101.0,0.8369322236633449,800.0,10.0,0.4003308602683489,-0.582893497690531
95.0,-0.4272578660113105,4.0,92.12967,101.0,0.8447850147069361,800.0,10.0,0.3962831017815255,-0.6126524613852237
95.0,-0.44420159503014506,4.0,92.12967,101.0,0.8379414962120378,800.0,10.0,0.3799699463596928,-0.5230271976189299
95.0,-0.4080373944929889,4.0,92.12967,101.0,0.8261781075677719,800.0,10.0,0.4089935075847577,-0.6028575395652624
95.0,-0.4515524889181627,4.0,92.12967,101.0,0.8168357541118314,800.0,10.0,0.37765122350846536,-0.5009351750381591
95.0,-0.40143939958166425,4.0,92.12967,101.0,0.8520210595121849,700.0,10.0,0.4546409242518905,-0.57995314216602
94.0,-0.1561410527686099,4.0,91.54274,101.0,0.863416436661621,700.0,10.0,0.584944514526954,-0.33303409617232177
95.0,2.0,3.0,92.6391,101.0,0.8559420349172122,700.0,10.0,0.4273638731142103,-0.3394947301323478
94.0,2.0,3.0,92.05217,101.0,0.842936645950308,700.0,10.0,0.4135215195395677,-0.4220031568366015
95.0,-0.3118378832584182,4.0,92.12967,101.0,0.8421324346691257,700.0,20.0,0.5279506772252366,-0.3529764491635266
95.0,-0.3130855426070198,4.0,92.12967,101.0,0.8512386355367709,700.0,30.0,0.5380341825875316,-0.4119644277780649
95.0,-0.443586930539915,4.0,92.12967,101.0,0.8372913947015135,700.0,60.0,0.44451309530259797,-0.4522999178413553
95.0,-0.4337746479957356,4.0,92.12967,101.0,0.8365193101197832,700.0,10.0,0.4301712711819111,-0.4477764907174124
95.0,-0.3773407531220637,4.0,92.12967,101.0,0.8469654038215468,700.0,20.0,0.417017031568123,-0.5739329567440343
95.0,-0.41218464183549663,4.0,92.12967,101.0,0.8396280474268696,700.0,30.0,0.4804052086159593,-0.4203772623887387
95.0,-0.4548249459701255,4.0,92.12967,101.0,0.8387420921735266,700.0,60.0,0.4530967734080889,-0.3902878926768123
95.0,-0.4619969800026821,4.0,92.12967,101.0,0.8301175431733983,750.0,10.0,0.4131799203922551,-0.6256236056283357
95.0,-0.4847449271218605,4.0,92.12967,101.0,0.8337983878075937,750.0,10.0,0.3769257454959604,12.0
83.22,5.01,11.77,92.5471225,103.0,0.88020248659034,500.0,6.0,780.0,12.0
82.91,4.99,11.71,92.3188268,103.0,0.9023901200594381,500.0,6.0,780.0,12.0
83.13,4.98,11.73,92.4542442,103.0,0.8830599033328228,500.0,6.0,780.0,-0.5415874728025137
90.0,-0.3826433449950076,10.0,92.731,103.0,0.8872503503739235,730.0,10.0,0.6239428332717099,-0.7580919302796962
89.5,-0.4183638227078697,10.0,92.437535,103.0,0.8765230010877093,730.0,10.0,0.6143534900488037,-0.753249778744216
89.5,-0.3732098855464717,10.0,92.437535,103.0,0.8614483634904566,730.0,10.0,0.6394021534020932,-0.7704217335281046
89.5,-0.4596442715692402,10.0,92.437535,103.0,0.8870583114644924,730.0,10.0,0.7524541403522303,-0.6983876743235381
100.0,-0.6825402234328563,-1.222811643957345,92.707,101.0,0.8280859494966858,650.0,10.0,-0.22429139592430491,0.4514421505190685
99.0,-0.5330583523254271,-0.9282765858074524,92.12007,101.0,0.8314581007634869,770.0,10.0,0.2580764070585622,-0.224524737437632
98.5,-0.5593047887023119,-0.9128563184238742,91.826605,101.0,0.8215868651519451,790.0,10.0,0.26106170617749835,-0.2485917212875604
98.0,-0.5954428160282451,-0.997797720168238,91.53314,101.0,0.8400595933997838,810.0,10.0,0.2323654560961413,-0.18458723864663024
92.0,4.0,4.0,92.5664,103.0,0.8532463887387869,740.0,12.0,0.4625227329291634,-0.4655019551052816
91.5,4.0,3.5,91.97827,103.0,0.8401971371423319,740.0,12.0,0.4540700849500721,6.0
77.6,9.7,9.7,90.605255,105.0,0.8641824481249238,260.0,2.0,750.0,6.0
80.0,10.0,10.0,92.3555,105.0,0.8339181810530514,260.0,2.0,750.0,12.0
80.0,10.0,10.0,92.3555,105.0,0.9000842312784345,500.0,4.0,750.0,12.0
80.0,10.0,10.0,92.3555,105.0,0.8721309295471548,500.0,4.0,750.0,12.0
80.0,10.0,10.0,92.3555,105.0,0.8719862075009196,500.0,4.0,750.0,12.0
80.0,10.0,10.0,92.3555,105.0,0.8539728932782267,500.0,4.0,750.0,12.0
80.0,10.0,10.0,92.3555,105.0,0.8551917471911584,500.0,4.0,750.0,16.0
80.0,10.0,10.0,92.3555,108.0,0.9031512884883732,550.0,5.0,800.0,16.0
80.0,10.0,10.0,92.3555,108.0,0.8732575928353721,550.0,5.0,800.0,16.0
80.0,10.0,10.0,92.3555,108.0,0.877365087736837,550.0,5.0,800.0,16.0
80.0,10.0,10.0,92.3555,108.0,0.91332636325056,550.0,5.0,800.0,12.0
80.0,10.0,10.0,92.3555,0.4048631472923343,0.8692861274287724,550.0,4.0,780.0,12.0
80.0,10.0,10.0,92.3555,-0.04698048312639756,0.8819036679097811,550.0,4.0,780.0,12.0
80.0,10.0,10.0,92.3555,0.3617457207887971,0.9026148678128784,550.0,4.0,780.0,12.0
80.0,10.0,10.0,92.3555,0.3251162752622434,0.8707843332572588,550.0,4.0,780.0,12.0
80.0,10.0,10.0,92.3555,0.6211452501213663,0.8587728695526009,550.0,4.0,780.0,15.0
80.0,10.0,10.0,92.3555,110.0,0.8712545442131546,470.0,6.0,780.0,15.0
80.0,10.0,10.0,92.3555,110.0,0.8839049698571866,470.0,6.0,780.0,15.0
80.0,10.0,10.0,92.3555,110.0,0.8590187535006037,470.0,6.0,780.0,15.0
80.0,10.0,10.0,92.3555,110.0,0.8962151362046643,470.0,6.0,780.0,15.0
80.0,10.0,10.0,92.3555,110.0,0.8774418552102209,470.0,6.0,780.0,15.0
80.0,10.0,10.0,92.3555,0.5958683685941779,0.857438333814793,450.0,6.0,750.0,15.0
80.0,10.0,10.0,92.3555,0.5911237554696754,0.8708515251451405,450.0,6.0,750.0,15.0
80.0,10.0,10.0,92.3555,0.6337611546863353,0.8555845199378473,450.0,6.0,750.0,15.0
80.0,10.0,10.0,92.3555,0.5991526696537772,0.8474904356514478,450.0,6.0,750.0,15.0
80.0,10.0,10.0,92.3555,0.5900323473009189,0.8653685120525993,450.0,6.0,750.0,16.0
80.0,10.0,10.0,92.3555,105.0,0.8633397371305379,480.0,6.0,750.0,16.0
80.0,10.0,10.0,92.3555,105.0,0.8587357825427703,480.0,6.0,750.0,16.0
80.0,10.0,10.0,92.3555,105.0,0.8648037840855419,480.0,6.0,750.0,16.0
80.0,10.0,10.0,92.3555,105.0,0.8709182872412892,480.0,6.0,750.0,0.11102559217531953
90.0,-0.2531989352672743,10.0,92.731,101.0,0.9012009774780256,600.0,10.0,0.19863489960875064,-1.0713690291614577
88.0,-0.22090683633870992,10.0,91.55714,101.0,0.868557086495004,600.0,10.0,0.10117314414077726,-1.2096970055694636
86.0,-0.110965822246696,10.0,90.38328,101.0,0.8760145673244751,600.0,10.0,0.3813605043093229,-0.7954825924924418
84.0,0.11532491690301347,10.0,89.20942,101.0,0.8807688660931008,600.0,10.0,0.4088148474595198,-0.5442007009536479
88.0,-0.2678906031342158,10.0,91.55714,101.0,0.8752238181386085,720.0,10.0,0.475449077949524,-0.8292748715544915
86.0,-0.34512457662038704,10.0,90.38328,101.0,0.8745088501789905,720.0,10.0,0.7081655278625175,-0.7443861677404152
94.0,4.0,2.0,92.5616,101.0,0.8669272797426364,680.0,10.0,0.4265578603272621,-0.317550585040682
94.0,4.0,2.0,92.5616,101.0,0.8424721639114292,700.0,10.0,0.4439102519668934,-0.3525106258981457
94.0,4.0,2.0,92.5616,101.0,0.8160791075795963,730.0,10.0,0.2683210570266627,-0.21073480338075
94.0,4.0,2.0,92.5616,101.0,0.8271697434633007,750.0,10.0,0.29297373246333525,-0.289633176811458
94.0,4.0,2.0,92.5616,101.0,0.8436130425499555,780.0,10.0,0.3609822069684597,-0.410215404753945
94.0,4.0,2.0,92.5616,101.0,0.8135840760813979,680.0,10.0,0.3908107958682755,-0.2775617550235434
94.0,4.0,2.0,92.5616,101.0,0.8202983275822551,700.0,10.0,0.37962817243471664,-0.3163107253271783
94.0,4.0,2.0,92.5616,101.0,0.8502259574225628,730.0,10.0,0.40391873430599295,-0.3276525127983627
94.0,4.0,2.0,92.5616,101.0,0.8490131407860301,750.0,10.0,0.369269530968928,-0.35576633274237496
94.0,4.0,2.0,92.5616,101.0,0.8347736643724909,780.0,10.0,0.3530923391699243,-0.4394677427928148
100.0,0.0,0.0,92.708,101.0,0.8150183062305512,650.0,10.0,-0.21208289772996414,0.4846702957519296
100.0,0.0,0.0,92.708,101.0,0.8329916552976601,680.0,10.0,0.05471003787885279,0.16048181248681678
100.0,0.0,0.0,92.708,101.0,0.8111204294239741,700.0,10.0,-0.036176949160419546,0.265949310410443
100.0,0.0,0.0,92.708,101.0,0.8349981129526746,730.0,10.0,0.05231472574396201,0.14971321563906154
100.0,0.0,0.0,92.708,101.0,0.8227972979087387,750.0,10.0,0.0592319365200345,0.15723006399279107
100.0,0.0,0.0,92.708,101.0,0.8163673625557974,770.0,10.0,0.08153218243753572,0.049228196116269135
100.0,0.0,0.0,92.708,101.0,0.8322628897830491,800.0,10.0,0.13184329465147393,-0.023190403484807658
100.0,0.0,0.0,92.708,101.0,0.8278917799550423,650.0,10.0,-0.09967344749011953,0.4967012846273163
100.0,0.0,0.0,92.708,101.0,0.8333295131673254,680.0,10.0,-0.013358727759491687,0.27194658659087045
100.0,0.0,0.0,92.708,101.0,0.8396809478831968,700.0,10.0,0.021357892443317813,0.2728559745475337
100.0,0.0,0.0,92.708,101.0,0.8280263357986138,730.0,10.0,0.036134962339664164,0.17789469795310206
100.0,0.0,0.0,92.708,101.0,0.8144224182273361,750.0,10.0,0.14609706361207406,-0.07085222619142797
100.0,0.0,0.0,92.708,101.0,0.826050490565274,770.0,10.0,0.106060295273625,0.022180215781597814
100.0,0.0,0.0,92.708,101.0,0.8366807714799679,800.0,10.0,0.1452491530379205,0.010636451339290046
100.0,0.0,0.0,92.708,101.0,0.8237934673235124,650.0,10.0,-0.1913787750649791,0.37429425143636735
100.0,0.0,0.0,92.708,101.0,0.8041172792841921,680.0,10.0,-0.002416095538251107,0.2988645487219109
100.0,0.0,0.0,92.708,101.0,0.8287488909529542,700.0,10.0,0.1118803697905296,0.05594164284040061
100.0,0.0,0.0,92.708,101.0,0.8385190283520619,730.0,10.0,0.03755936476477927,0.13789917457539047
100.0,0.0,0.0,92.708,101.0,0.8214307221136669,750.0,10.0,0.1066780929231788,0.032562912345400964
100.0,0.0,0.0,92.708,101.0,0.8346195968162701,770.0,10.0,0.07473794101271199,0.06540047440256766
100.0,0.0,0.0,92.708,101.0,0.8183223336513246,800.0,10.0,0.11758588419107407,-0.015699301820075274
100.0,0.0,0.0,92.708,101.0,0.8194215548992182,650.0,10.0,-0.17015865050002424,0.5578586894082767
100.0,0.0,0.0,92.708,101.0,0.8204224689721359,680.0,10.0,-0.09160985153032346,0.4390954968651677
100.0,0.0,0.0,92.708,101.0,0.8236329421243935,700.0,10.0,-0.07036642724141137,0.3159182804140607
100.0,0.0,0.0,92.708,101.0,0.8331666434333629,730.0,10.0,-0.03331951859276768,0.2542056517299199
100.0,0.0,0.0,92.708,101.0,0.81557836927777,750.0,10.0,0.061580297143536675,0.1276544839464432
100.0,0.0,0.0,92.708,101.0,0.8111164938184183,770.0,10.0,0.08442988788606401,0.04869037404409994
100.0,0.0,0.0,92.708,101.0,0.8359911282234905,800.0,10.0,0.15385170595347106,-0.05674214299322933
100.0,0.0,0.0,92.708,101.0,0.8165675006119628,650.0,10.0,-0.31859855622030137,0.606677998103304
100.0,0.0,0.0,92.708,101.0,0.8333834579596608,680.0,10.0,-0.1687854301360642,0.4811550733581215
100.0,0.0,0.0,92.708,101.0,0.8107578920132054,700.0,10.0,-0.031457494036243316,0.224821314633412
100.0,0.0,0.0,92.708,101.0,0.8311703571777609,730.0,10.0,0.061382785674654834,0.1304372825153976
100.0,0.0,0.0,92.708,101.0,0.8502661757242651,750.0,10.0,0.1665045802800532,-0.0815404131948467
100.0,0.0,0.0,92.708,101.0,0.8519775096219355,770.0,10.0,0.08647702608089194,0.0767137190762644
100.0,0.0,0.0,92.708,101.0,0.8102628647708051,800.0,10.0,0.14231612362881074,-0.04451253277519207
80.0,10.0,10.0,92.36,102.0,0.8666292718361642,480.0,3.0,800.0,12.0
90.0,5.0,5.0,92.53,102.0,0.7557065596200773,480.0,3.0,750.0,12.0
90.0,4.0,5.0,91.98,102.0,0.8135070376253702,480.0,3.0,800.0,12.0
90.0,3.5,5.0,91.71,102.0,0.7697302402499159,480.0,3.0,750.0,12.0
90.0,3.0,5.0,91.43,102.0,0.8317104653268592,480.0,3.0,800.0,12.0
90.0,5.0,4.0,91.94,102.0,0.7827259304130842,480.0,3.0,750.0,12.0
80.0,10.0,10.0,92.36,105.0,0.9033569077419662,650.0,5.0,800.0,10.0
80.0,10.0,10.0,92.36,105.0,0.8750635601427109,650.0,5.0,800.0,10.0
80.0,10.0,10.0,92.36,105.0,0.9015999422025928,650.0,5.0,800.0,10.0
80.0,10.0,10.0,92.36,105.0,0.8718519913262391,650.0,5.0,800.0,10.0
80.0,10.0,10.0,92.36,105.0,0.8845241547537109,650.0,5.0,800.0,10.0
80.0,10.0,10.0,92.36,105.0,0.8750202080877217,650.0,5.0,800.0,10.0
80.0,10.0,10.0,92.36,105.0,0.8811855426271006,650.0,5.0,800.0,10.0
80.0,10.0,10.0,92.36,105.0,0.8996647774747415,650.0,5.0,800.0,10.0
83.0,7.0,10.0,92.46,105.0,0.8737607300246413,800.0,15.0,0.7520164277400917,-0.7108078296837312
83.0,7.0,10.0,92.46,105.0,0.8942412186622909,800.0,15.0,0.8619935262039139,-0.6524380466965097
83.0,7.0,10.0,92.46,105.0,0.8933307452996865,800.0,15.0,0.8711460237568478,-0.6481636308104674
83.0,7.0,10.0,92.46,105.0,0.8762449256970212,800.0,15.0,0.8063705590618719,-0.6702100774425795
83.0,7.0,10.0,92.46,105.0,0.8983615939166647,800.0,15.0,0.8537959827919975,-0.6272797783265845
83.0,7.0,10.0,92.46,105.0,0.8845091898109609,800.0,15.0,0.7668840099984742,-0.6947733713908051
90.0,5.0,5.0,92.53,105.0,0.8206200430034759,0.018191328707305058,-0.2279465169509796,0.6753661802862755,-0.2707184731501154
90.0,5.0,5.0,92.53,105.0,0.8085656946406926,500.0,10.0,730.0,15.0
90.0,5.0,5.0,92.53,105.0,0.7991238957639778,500.0,10.0,750.0,15.0
90.0,5.0,5.0,92.53,105.0,0.8290586196305759,500.0,10.0,770.0,15.0
90.0,5.0,5.0,92.53,105.0,0.788380794724527,500.0,10.0,730.0,15.0
90.0,5.0,5.0,92.53,105.0,0.7934503626740177,500.0,10.0,730.0,15.0
90.0,5.0,5.0,92.53,105.0,0.8020931028632863,500.0,10.0,730.0,15.0
90.0,0.0,10.0,-0.03912075374079331,1.01,0.8438491584148757,500.0,5.0,730.0,10.0
90.0,0.0,10.0,-0.03657027646704333,1.01,0.8516456773138217,500.0,5.0,730.0,10.0
90.0,0.0,10.0,-0.07594153129893619,1.01,0.8166534859929147,500.0,5.0,730.0,10.0
90.0,0.0,10.0,-0.008134977146636836,1.01,0.8319719058903104,500.0,5.0,730.0,10.0
90.0,0.0,10.0,-0.023654088452619272,1.01,0.8414477951286397,500.0,5.0,730.0,10.0
90.0,0.0,10.0,-0.0634173813446604,1.01,0.8528312224627445,500.0,5.0,730.0,10.0
90.0,0.0,10.0,-0.061693838134131374,1.01,0.8367776688440588,500.0,5.0,730.0,10.0
90.0,0.0,10.0,-0.02659351307056497,1.01,0.8361211281737845,500.0,5.0,730.0,10.0
90.0,0.0,10.0,-0.02187689043342643,1.01,0.8324240913020156,500.0,5.0,730.0,10.0
90.0,0.0,10.0,-0.08090890621687656,1.01,0.8247766876751155,500.0,5.0,730.0,10.0
90.0,0.0,10.0,-0.07427096893412778,1.01,0.7996507171533258,500.0,5.0,730.0,10.0
90.0,0.0,10.0,-0.05639932527853282,1.01,0.8295681626825048,500.0,5.0,730.0,10.0
90.0,0.0,10.0,-0.03752473361999208,1.01,0.816110707614383,500.0,5.0,730.0,10.0
90.0,5.0,5.0,-0.04551217018928297,1.01,0.8257339411505571,500.0,5.0,730.0,10.0
90.0,7.0,3.0,-0.040650648534734005,1.01,0.8313663300481146,500.0,5.0,730.0,10.0
90.0,10.0,0.0,-0.041234314766200916,1.01,0.8350465467073855,500.0,5.0,730.0,10.0
90.0,0.0,10.0,-0.09771511102024427,1.01,0.8048434628514364,500.0,5.0,730.0,10.0
90.0,0.0,10.0,-0.07098235487660272,1.01,0.8201148344350714,500.0,5.0,730.0,10.0
90.0,0.0,10.0,-0.04590677934229123,1.01,0.8127251063252938,500.0,5.0,730.0,10.0
90.0,0.0,10.0,-0.02924800304548247,1.01,0.8328014724929182,500.0,5.0,730.0,10.0
90.0,0.0,10.0,-0.03693939674570231,1.01,0.8483373775344704,500.0,5.0,730.0,10.0
90.0,0.0,10.0,-0.02463614645905921,1.01,0.8293220598642194,500.0,5.0,730.0,10.0
90.0,0.0,10.0,-0.04133317480377581,1.01,0.8330420193831277,500.0,5.0,750.0,10.0
90.0,0.0,10.0,-0.032377274883707174,1.01,0.8511363094509721,500.0,5.0,770.0,10.0
90.0,0.0,10.0,-0.05636047661555331,1.01,0.8294519632179582,500.0,5.0,790.0,10.0
90.0,0.0,10.0,-0.05466787633809045,1.01,0.8381101086847477,500.0,5.0,850.0,10.0
90.0,0.0,10.0,-0.032800006358351286,1.01,0.826241909329111,500.0,5.0,730.0,10.0
90.0,0.0,10.0,-0.04191847111416007,1.01,0.8334172001721362,500.0,5.0,750.0,10.0
90.0,0.0,10.0,-0.03703630540009193,1.01,0.8328159003753037,500.0,5.0,770.0,10.0
90.0,0.0,10.0,-0.05411828492217713,1.01,0.8328684620495275,500.0,5.0,790.0,10.0
90.0,0.0,10.0,-0.006175623666538534,1.01,0.8804836649683715,500.0,5.0,850.0,10.0
84.0,6.0,10.0,-0.05049537767956898,1.05,0.8378443218578946,500.0,5.0,760.0,15.0
84.0,6.0,10.0,-0.04951416202528909,1.05,0.8294627493127307,500.0,5.0,760.0,15.0
84.0,6.0,10.0,-0.050595050018307136,1.05,0.8321234406660625,500.0,5.0,760.0,15.0
84.0,6.0,10.0,-0.05236075954746236,1.05,0.8312632283199423,500.0,5.0,760.0,15.0
94.0,0.0,6.0,-0.019550219040271755,1.03,0.821663109519675,500.0,3.0,680.0,12.0
94.0,0.0,6.0,-0.0494779684982075,1.03,0.8192583141451499,500.0,3.0,680.0,12.0
95.0,0.0,5.0,-0.04067634002022456,1.02,0.8293991753248199,450.0,4.0,740.0,12.0
95.0,0.0,5.0,-0.04848080755650962,1.02,0.8236677901693976,450.0,4.0,740.0,12.0
95.0,0.0,5.0,-0.05043226622842397,1.02,0.822384271907926,450.0,4.0,740.0,12.0
95.0,0.0,5.0,-0.08773007399063923,1.02,0.8171091889891158,450.0,4.0,740.0,12.0
85.0,5.0,10.0,-0.06610124021700113,0.5014952451340303,0.8807392465892343,-0.14484726799083214,-0.2330709447199804,760.0,6.0
85.0,5.0,10.0,-0.06721494423180788,0.5081900580225561,0.880587403695935,-0.21472142547650544,-0.2392358080218073,760.0,6.0
85.0,5.0,10.0,-0.03260835411057754,0.5606883423944647,0.8653458153421931,-0.5536291096205583,-0.2281589158066848,760.0,6.0
85.0,5.0,10.0,-0.05723258066004894,0.495542512879117,0.8815618356153683,0.011089572065589285,-0.22446063114855228,760.0,6.0
85.0,5.0,10.0,-0.0011507087824702176,0.5261311262447871,0.9229141752792228,-0.05799999603262994,-0.18023578664998136,760.0,6.0
85.0,5.0,10.0,0.02932127987069745,0.5220030287818377,0.9176421870700554,-0.3798994175251365,-0.14780650600248593,760.0,6.0
100.0,0.0,0.0,-0.05261145947376187,-1.7718909735823527,0.8216056562568386,500.0,12.0,700.0,6.0
100.0,0.0,0.0,-0.05316705892118751,1.01,0.8242761829389755,500.0,12.0,700.0,6.0
100.0,0.0,0.0,-0.05774089935798424,1.01,0.8137516837753341,500.0,12.0,700.0,6.0
100.0,0.0,0.0,-0.027874384936557767,1.01,0.8438573328385892,500.0,12.0,700.0,6.0
100.0,0.0,0.0,-0.042755747660998614,1.01,0.8121803115417029,500.0,12.0,700.0,6.0
50.0,20.0,30.0,-0.01348447057028115,1.05,0.925271953941732,0.4029309654253571,-0.13582168508417447,900.0,12.0
50.0,20.0,30.0,0.06108274148000069,1.05,0.9379276724084992,0.3886442110590789,-0.09030540094254864,900.0,12.0
80.0,10.0,10.0,-0.04510774803101604,1.05,0.8453914732649991,450.0,5.0,800.0,15.0
80.0,10.0,10.0,-0.06821551302640656,1.05,0.8110096024067883,450.0,5.0,800.0,15.0
80.0,10.0,10.0,-0.03486705944139425,1.05,0.8425418657158382,450.0,5.0,800.0,15.0
80.0,20.0,0.0,-0.03869513162350785,1.1,0.8325436316497694,550.0,5.0,780.0,15.0
80.0,20.0,0.0,-0.024011311371468537,1.1,0.8362289074180401,550.0,5.0,780.0,15.0
80.0,20.0,0.0,-0.06024718693859098,1.1,0.8376081262968703,550.0,5.0,780.0,15.0
80.0,20.0,0.0,-0.05550629067350401,1.1,0.8387760556529692,550.0,5.0,780.0,15.0
80.0,20.0,0.0,-0.02751494290367055,1.1,0.8313935533126584,550.0,5.0,780.0,15.0
80.0,20.0,0.0,-0.06999624841429826,1.1,0.8244885326630899,550.0,5.0,780.0,15.0
100.0,0.0,0.0,-0.046456462741152664,1.03,0.8090479008851689,480.0,10.0,700.0,16.0
100.0,0.0,0.0,-0.062191349100766076,1.03,0.8170518877153341,480.0,10.0,700.0,16.0
100.0,0.0,0.0,-0.07017191675573,1.03,0.8344044022897893,480.0,10.0,700.0,16.0
100.0,0.0,0.0,-0.06585730404934775,1.03,0.8253362709702282,480.0,10.0,700.0,16.0
100.0,0.0,0.0,-0.05842418543760599,1.03,0.7998221131233126,480.0,10.0,700.0,16.0
100.0,0.0,0.0,-0.06487540558009786,1.03,0.8250613661931168,480.0,10.0,700.0,16.0
90.0,5.0,5.0,-0.06507446520289617,1.01,0.8216547883956653,-0.3070699754492065,-0.2547499020345557,750.0,28.0
90.0,5.0,5.0,-0.08869615762499268,1.01,0.8304904287090404,-0.3231027897237953,-0.2790997488674461,750.0,28.0
90.0,5.0,5.0,-0.06913182108899316,1.01,0.8285545419998787,-0.3159130913761653,-0.25914387225300634,750.0,28.0
90.0,5.0,5.0,-0.03717798380718212,1.01,0.8036189549457048,-0.3206146751004681,-0.2304052794002904,750.0,28.0
90.0,5.0,5.0,-0.04030125855619394,1.01,0.7795301461851747,-0.3125241033551133,-0.21148125665274253,750.0,28.0
90.0,5.0,5.0,-0.027620741923497703,1.01,0.7832267849290245,-0.3090828421307189,-0.20503783050871632,750.0,28.0
90.0,5.0,5.0,-0.03150421200352878,1.01,0.7788397237502463,-0.31452262303429834,-0.20921721431056287,750.0,28.0
90.0,5.0,5.0,-0.07978896533832028,1.01,0.8181441732514628,-0.307810226356363,-0.2728056601458007,750.0,28.0
90.0,5.0,5.0,-0.04243819078080453,1.01,0.8131678417133338,-0.311373949217623,-0.2278074555469853,750.0,28.0
90.0,5.0,5.0,-0.04416058887182737,1.01,0.7875269126200934,-0.3244506313992425,-0.21870524915549144,750.0,28.0
90.0,5.0,5.0,-0.02509107293574826,1.01,0.7837376367738993,-0.3219090308413749,-0.2046033325419928,750.0,28.0
90.0,5.0,5.0,-0.037211572181828884,1.01,0.7922768854459535,-0.3150599739481662,-0.21148439360520066,750.0,28.0
90.0,5.0,5.0,-0.0422808391045492,1.01,0.8145490973879017,-0.31121629034555925,-0.2260256684832209,750.0,28.0
80.0,15.0,5.0,-0.05204555033638216,1.05,0.8569348501246418,550.0,5.0,750.0,12.0
80.0,15.0,5.0,-0.046838078043438966,1.05,0.8226120366387205,550.0,5.0,750.0,12.0
80.0,15.0,5.0,-0.04854584545037986,1.05,0.8286719441755781,550.0,5.0,750.0,12.0
80.0,15.0,5.0,-0.05148923161178208,1.05,0.8648460370560536,550.0,5.0,750.0,12.0
100.0,0.0,0.0,-0.03989612294987388,-1.7264841363394827,0.8354942650267632,450.0,3.0,700.0,3.0
100.0,0.0,0.0,-0.06584803365242922,-1.7635315367804645,0.8224318102262014,450.0,3.0,700.0,3.0
80.0,10.0,10.0,-0.03637714217072356,1.05,0.8603779843732411,-0.3038772473220652,-0.23747176428589634,800.0,16.0
80.0,10.0,10.0,-0.02749121136153692,1.05,0.8513207486458041,-0.4147977714907169,-0.2586971046267414,800.0,16.0
80.0,10.0,10.0,-0.04947374273758602,1.05,0.8388795374641952,-0.3898405953940659,-0.2594571573038542,800.0,16.0
80.0,10.0,10.0,-0.04493723672540687,1.05,0.8451247635987397,-0.2568984078094169,-0.2313584095984604,800.0,16.0
80.0,10.0,10.0,-0.03546969507549242,1.05,0.8594936610682619,-0.32019547022733275,-0.23803467542534945,800.0,16.0
80.0,10.0,10.0,-0.047772775924098614,1.05,0.8422285425658345,-0.3832037242190472,-0.2524907760381745,800.0,16.0
80.0,10.0,10.0,-0.04914342810043041,1.0,0.8412178177690184,500.0,5.0,800.0,15.0
80.0,10.0,10.0,-0.037907073820523315,1.0,0.8296423840427534,500.0,5.0,800.0,15.0
80.0,10.0,10.0,-0.026003168004217123,1.0,0.8647024587549611,500.0,5.0,800.0,15.0
80.0,10.0,10.0,-0.058367480991968874,1.0,0.8287765144663205,500.0,5.0,800.0,15.0
92.0,4.0,4.0,92.5684,100.0,0.8523382170139631,780.0,10.0,0.4403783609472244,-0.5232971363738554
92.0,4.0,4.0,92.5684,100.0,0.8645213534723406,780.0,10.0,0.4525465599865946,-0.7777131020510243
92.0,4.0,4.0,92.5684,100.0,0.8616390811235747,780.0,10.0,0.43365601655383135,-0.6624018992389495
92.0,4.0,4.0,92.5684,100.0,0.8765929293369529,780.0,10.0,0.4807304911174655,-0.89154893160236
92.0,4.0,4.0,92.5684,100.0,0.8721180996770046,780.0,10.0,0.4413353902055302,-0.6609197681861619
90.0,5.0,5.0,92.53325,105.0,0.9009554240268536,450.0,5.0,850.0,12.0
90.0,5.0,5.0,92.53325,105.0,0.8748460152489698,450.0,5.0,850.0,12.0
90.0,5.0,5.0,92.53325,105.0,0.8879500539898197,450.0,5.0,850.0,12.0
90.0,5.0,5.0,92.53325,105.0,0.8982740954897278,450.0,5.0,850.0,12.0
92.0,6.0,2.0,92.4885,105.0,0.8112209368106735,480.0,5.0,730.0,15.0
92.0,6.0,2.0,92.4885,105.0,0.8094573665866289,480.0,5.0,730.0,15.0
92.0,6.0,2.0,92.4885,105.0,0.7838830368839889,480.0,5.0,730.0,15.0
92.0,6.0,2.0,92.4885,105.0,0.7934814602467882,480.0,5.0,730.0,15.0
90.0,10.0,0.0,92.3335,103.0,0.8346734165613465,730.0,12.0,0.3990958829192855,-0.36462789672009216
90.0,10.0,0.0,92.3335,103.0,0.8170486720675958,730.0,12.0,0.4000077514472643,-0.3213337908493861
90.0,10.0,0.0,92.3335,103.0,0.8471916877312217,730.0,12.0,0.4051407558873511,-0.3499251008117793
90.0,10.0,0.0,92.3335,103.0,0.8390747748745543,730.0,12.0,0.4014569251006577,-0.3228291868328371
15.0,50.0,15.0,79.1289,116.0,1.076749102039513,900.0,8.0,2.5840333064158894,-0.0005578316159774426
15.0,50.0,15.0,79.1289,116.0,1.1302656605778312,900.0,8.0,2.570707339915467,0.06863653817225403
15.0,50.0,15.0,79.1289,116.0,1.1134946696914223,900.0,8.0,2.634321229110212,0.10209319126499496
15.0,50.0,15.0,79.1289,116.0,1.0452943944722346,900.0,8.0,2.619312600407296,0.012475756047712632
80.0,15.0,5.0,92.15775,106.0,0.8224742963082825,480.0,5.0,800.0,15.0
80.0,15.0,5.0,92.15775,106.0,0.8665656886247219,480.0,5.0,800.0,15.0
80.0,15.0,5.0,92.15775,106.0,0.921314991904947,480.0,5.0,800.0,15.0
80.0,15.0,5.0,92.15775,106.0,0.9495663236268532,480.0,5.0,800.0,15.0
80.0,15.0,5.0,92.15775,106.0,0.9471689635402576,480.0,5.0,800.0,15.0
80.0,15.0,5.0,92.15775,106.0,0.8481473415059072,480.0,5.0,800.0,15.0
80.0,15.0,5.0,92.15775,106.0,0.9228019677303576,480.0,5.0,800.0,15.0
80.0,15.0,5.0,92.15775,106.0,0.928345001429076,480.0,5.0,800.0,15.0
80.0,15.0,5.0,92.15775,106.0,0.8819557666452404,480.0,5.0,800.0,15.0
80.0,15.0,5.0,92.15775,106.0,0.8233789663157023,480.0,5.0,800.0,15.0
92.0,4.0,4.0,92.5684,104.0,0.8471097475935605,745.0,15.0,0.4435806214570076,-0.916711802212276
92.0,4.0,4.0,92.5684,104.0,0.8428734439659163,745.0,15.0,0.4556135465660308,-0.5413024193040036
92.0,4.0,4.0,92.5684,104.0,0.8655925188760769,745.0,15.0,0.4630770620544414,-0.9094364669578406
92.0,4.0,4.0,92.5684,104.0,0.8442302916051887,745.0,15.0,0.4392662880945663,-0.5039799079693013
92.0,4.0,4.0,92.5684,104.0,0.8518803353414456,745.0,15.0,0.4494020790921418,-0.6969294027783873
92.0,4.0,4.0,92.5684,104.0,0.8751825141290288,745.0,15.0,0.4626704973823266,-0.7821587648893359
92.0,4.0,4.0,92.5684,104.0,0.84259149078862,745.0,15.0,0.4671590701583671,-0.7149377472267374
92.0,4.0,4.0,92.5684,104.0,0.8644481399121405,745.0,15.0,0.4739031007149527,-0.950949219813462
92.0,4.0,4.0,92.5684,104.0,0.8500958372314736,745.0,15.0,0.4690173320856965,-0.8206105282664058
92.0,4.0,4.0,92.5684,104.0,0.8629254357630203,745.0,15.0,0.5321326022470447,-0.6175959543975003
92.0,4.0,4.0,92.5684,104.0,0.8483947515227493,745.0,15.0,0.4724503747801805,-1.0486113250835185
92.0,4.0,4.0,92.5684,104.0,0.8468953991475545,745.0,15.0,0.4999930509227419,-0.6684814164323827
95.0,5.0,0.0,92.52125,105.0,0.8160688070597141,490.0,5.0,680.0,12.0
95.0,0.0,0.0,89.77435,105.0,0.8286345834982536,490.0,5.0,680.0,12.0
95.0,0.0,5.0,92.721,105.0,0.7620104122886835,490.0,5.0,680.0,12.0
83.0,6.0,11.0,92.5101,105.0,0.8558396844179418,500.0,5.0,750.0,15.0
83.0,6.0,11.0,92.5101,105.0,0.8638157937490053,500.0,5.0,750.0,15.0
83.0,6.0,11.0,92.5101,105.0,0.860567294775188,500.0,5.0,750.0,15.0
83.0,6.0,11.0,92.5101,105.0,0.865586296142822,500.0,5.0,750.0,15.0
95.0,0.0,0.0,89.77435,105.0,0.8019065557399528,500.0,5.0,750.0,18.0
95.0,0.0,0.0,89.77435,105.0,0.8446480189339679,500.0,5.0,750.0,18.0
95.0,0.0,0.0,89.77435,105.0,0.8130264185169698,500.0,5.0,750.0,18.0
95.0,0.0,0.0,89.77435,105.0,0.8398089312472234,500.0,5.0,750.0,18.0
54.0,13.0,13.0,80.51345,120.0,1.0667963625367387,450.0,5.0,900.0,12.0
54.0,13.0,13.0,80.51345,120.0,0.9983326805640168,450.0,5.0,900.0,12.0
54.0,13.0,13.0,80.51345,120.0,0.983967830878348,450.0,5.0,900.0,12.0
20.0,60.0,0.0,78.7174,120.0,1.1129629200097246,450.0,5.0,900.0,15.0
20.0,60.0,0.0,78.7174,120.0,1.1450774717430583,450.0,5.0,900.0,15.0
20.0,60.0,0.0,78.7174,120.0,1.079566411651756,450.0,5.0,900.0,15.0
20.0,60.0,0.0,78.7174,120.0,1.0911322298912425,450.0,5.0,900.0,15.0
20.0,60.0,0.0,78.7174,120.0,1.0980138450270032,450.0,5.0,900.0,15.0
20.0,60.0,0.0,78.7174,120.0,1.0722706800241293,450.0,5.0,900.0,15.0
95.0,2.0,3.0,75.89,101.0,0.8317467865961634,680.0,10.0,0.3480604144464558,-0.277480599392624
95.0,2.0,3.0,75.89,101.0,0.8361821850433643,700.0,10.0,0.3407859597891437,-0.3124777647929301
95.0,2.0,3.0,75.89,101.0,0.8399916548891175,730.0,10.0,0.4075409119969233,-0.4970645070168368
95.0,2.0,3.0,75.89,101.0,0.8421827558457995,750.0,10.0,0.3653632017433972,-0.3378802106619012
95.0,2.0,3.0,75.89,101.0,0.8469885827003737,700.0,10.0,0.3420522097550921,-0.2748950295934982
95.0,2.0,3.0,75.89,101.0,0.8513624504632243,730.0,10.0,0.33481987580009714,-0.3620809977463159
95.0,2.0,3.0,75.89,101.0,0.8191812916334412,750.0,10.0,0.3224977634808786,-0.3893756664515969
95.0,2.0,3.0,75.89,101.0,0.8240208780070979,770.0,10.0,0.3481542216902741,-0.4396383477388782
95.0,2.0,3.0,75.89,101.0,0.8289045911312118,790.0,10.0,0.3104108822436833,-0.3145450455870744
95.0,2.0,3.0,75.89,101.0,0.8482996129988809,700.0,10.0,0.34912034815667137,-0.3462447195845195
95.0,2.0,3.0,75.89,101.0,0.8485618964961702,730.0,10.0,0.3951085984647701,-0.4146599868637261
95.0,2.0,3.0,75.89,101.0,0.8364415819992091,750.0,10.0,0.22641662042678198,-0.19445674092023965
95.0,2.0,3.0,75.89,101.0,0.8151703418911842,770.0,10.0,0.220040525513206,-0.19623920129088704
95.0,2.0,3.0,75.89,101.0,0.8343610991963193,790.0,10.0,0.30383631402156336,-0.28086323937489704
95.0,2.0,3.0,75.89,101.0,0.834379198046724,810.0,10.0,0.35127677134105634,-0.4209543344759761
95.0,2.0,3.0,75.89,101.0,0.8458838951771679,750.0,10.0,0.21997706342930645,-0.2052250725626187
95.0,2.0,3.0,75.89,101.0,0.8477263163491533,770.0,10.0,0.3910364905983332,-0.4920637916514484
95.0,2.0,3.0,75.89,101.0,0.8351087009766021,790.0,10.0,0.3957856793532864,-0.4838395804081474
95.0,2.0,3.0,75.89,101.0,0.8500464906737896,810.0,10.0,0.3400203732473615,-0.3978312688806521
95.0,2.0,3.0,75.89,101.0,0.8345701445186137,830.0,10.0,0.3259385956324923,-0.3943901873574956
85.0,10.0,5.0,73.75,105.0,0.865107187961915,580.0,5.0,800.0,12.0
85.0,10.0,5.0,73.75,105.0,0.8593543938409067,580.0,5.0,800.0,12.0
85.0,10.0,5.0,73.75,105.0,0.8851130011498614,580.0,5.0,800.0,12.0
85.0,10.0,5.0,73.75,105.0,0.8653888600745753,580.0,5.0,800.0,12.0
80.0,10.0,10.0,76.34,105.0,0.8838892829215379,750.0,20.0,0.7686593679739757,-0.6710639102194433
80.0,10.0,10.0,76.34,105.0,0.8833582890471149,750.0,20.0,0.7886828407147953,-0.6648659985438087
80.0,10.0,10.0,76.34,105.0,0.8916401415475433,750.0,20.0,0.7919754963452558,-0.6557197592656089
80.0,10.0,10.0,76.34,105.0,0.8879990862465637,750.0,20.0,0.6774923611572546,-0.6937334057326743
80.0,10.0,10.0,76.34,105.0,0.8840812392732503,750.0,20.0,0.8519549710320836,-0.6408652906672175
80.0,10.0,10.0,76.34,105.0,0.8832939647220484,750.0,20.0,0.8904749294202409,-0.6403518518802302
60.0,10.0,30.0,74.7,-0.6321050080226814,0.9205033547919018,700.0,24.0,2.1494826999340764,-0.3873952996848445
60.0,10.0,30.0,74.7,-0.4264354272646895,0.9338201790350148,700.0,24.0,2.0018791258945536,-0.3731044945057591
60.0,10.0,30.0,74.7,-0.8134007083911942,1.0065380569314006,700.0,24.0,2.273777427991611,-0.2742035481905728
60.0,10.0,30.0,74.7,-0.2861301116494658,0.92980541841405,700.0,24.0,1.884870801688044,-0.4322490879102559
90.0,3.0,7.0,74.71,105.0,0.8610513557696896,750.0,15.0,0.5860728429374107,-0.7370701503478551
90.0,3.0,7.0,74.71,105.0,0.864773859557843,750.0,15.0,0.5360997959547628,-0.7348605396394902
94.0,1.5,4.5,75.64,103.0,0.8366690623957846,680.0,24.0,0.4689242035010467,-0.40129244115248797
94.0,1.5,4.5,75.64,103.0,0.8517987619238391,680.0,24.0,0.5726467371909754,-0.3874800526073872
94.0,1.5,4.5,75.64,103.0,0.8484537911315825,680.0,24.0,0.4320100107801216,-0.3961157623662901
88.0,3.0,9.0,74.52,110.0,0.8656203012288258,790.0,12.0,0.5904200478112521,-0.7395562590259889
88.0,3.0,9.0,74.52,110.0,0.8813650825784128,790.0,12.0,0.6381325562583193,-0.742371977148602
88.0,3.0,9.0,74.52,110.0,0.8694736010123616,790.0,12.0,0.6305037229367684,-0.7234916950631863
88.0,3.0,9.0,74.52,110.0,0.8764144573964572,790.0,12.0,0.6434845453932035,-0.7304467484645738
80.0,10.0,10.0,76.34,55.0,0.8545368054722742,600.0,6.0,800.0,12.0
80.0,10.0,10.0,76.34,55.0,0.8824509458311778,600.0,6.0,800.0,12.0
80.0,10.0,10.0,76.34,55.0,0.8659458905186396,600.0,6.0,800.0,12.0
80.0,10.0,10.0,76.34,55.0,0.8436179232552636,600.0,6.0,800.0,12.0
100.0,-0.722540899316097,-1.1956215010771625,58.69,0.5009407910548795,0.8418482051657532,750.0,15.0,0.055240458404990825,0.08973210655484609
100.0,-0.6279101173101743,-1.0866701545021946,58.69,0.5051625343059531,0.8376927938246422,750.0,15.0,0.14423376792342787,-0.0038192840604306813
100.0,-0.5148776235808674,-0.9370130552078548,58.69,0.497722582210128,0.8351562895746091,750.0,15.0,0.2998649356182094,-0.2261115535920354
100.0,-0.6454801395571932,-1.0534719298551132,58.69,0.4940554547614223,0.7952152726325427,750.0,15.0,0.17405795217981312,-0.1147897486862463
100.0,-0.6018344526362166,-0.9699734834247956,58.69,0.492483437984562,0.8391391623940008,750.0,15.0,0.2153905494110824,-0.1509224577837298
100.0,-0.6397693344694944,-1.0925221473146225,58.69,0.5069155141778948,0.8489038353653328,750.0,15.0,0.16168724058805362,-0.06124424744006254
100.0,-0.540947168157874,-1.0081145745884883,58.69,0.4961213594644132,0.8443886412444902,750.0,15.0,0.2201449378464258,-0.0848613221421746
100.0,-0.5953671550245712,-1.0179651946294859,58.69,0.5101388898124477,0.8387525126496522,750.0,15.0,0.1832950625009563,-0.04829868937633735
100.0,-0.5582184526482262,-0.9320004391845778,58.69,0.4969856167569643,0.8263012276333519,750.0,15.0,0.2520733816357804,-0.20796447257797107
100.0,-0.5499993525680678,-0.9501255491444394,58.69,0.4948153851622347,0.8394794383127272,750.0,15.0,0.23880693868855346,-0.15221853516668055
100.0,-0.5902544046891117,-1.0439103211331413,58.69,0.4940823588538511,0.8291913929445524,750.0,15.0,0.20998034704890187,-0.11659376158889527
100.0,-0.5425354255864614,-0.884992134571027,58.69,0.4999650232404855,0.8374975262643971,750.0,15.0,0.282387456789616,-0.24307090069821555
100.0,-0.6476638207869589,-1.057225361516828,58.69,0.4865583050931144,0.8295119130210641,750.0,15.0,0.14141973767230315,-0.0028518353207012607
80.0,10.0,10.0,76.34,105.0,0.8858799260256287,750.0,12.0,0.7649085498650992,-0.6629157619548549
80.0,10.0,10.0,76.34,105.0,0.8790544722967851,750.0,12.0,0.7305845797783449,-0.6783906307348628
80.0,10.0,10.0,76.34,105.0,0.8551841503020585,480.0,8.0,720.0,12.0
80.0,10.0,10.0,76.34,105.0,0.8724051374901921,450.0,12.0,-0.12552330496212044,0.05045305256425507
80.0,10.0,10.0,76.34,105.0,0.8576129122769718,450.0,12.0,-0.20365084185278595,-0.4885811733141417
80.0,10.0,10.0,76.34,105.0,0.8746989238016258,450.0,12.0,-0.13358572272159952,0.0959377862069008
80.0,10.0,10.0,76.34,105.0,0.9223922002713985,450.0,12.0,-0.03420589463036086,-0.480529120766925
95.0,-0.4741470422820411,3.0,58.02,105.0,0.7780118461647029,500.0,6.0,700.0,12.0
95.0,-0.4099555966774156,3.0,58.02,105.0,0.7848817433877819,500.0,6.0,700.0,12.0
100.0,-0.4400710260554931,-0.8240819974658316,76.34,105.0,0.8001606972457345,500.0,6.0,700.0,12.0
95.0,-0.4975390507096921,3.0,58.02,105.0,0.7916670037596587,500.0,6.0,700.0,12.0
95.0,-0.33928051021967265,3.0,58.02,105.0,0.7753520264951502,500.0,6.0,700.0,12.0
100.0,-0.4565368278022476,-0.8973624386444824,76.34,105.0,0.8182710176758738,500.0,6.0,700.0,12.0
94.0,4.0,2.0,57.39,0.5371399521155565,0.8467957317856025,750.0,-0.1946414346797139,0.3701971545420257,-0.3041829501591158
94.0,4.0,2.0,57.39,0.5062262283251846,0.842626849571049,750.0,-0.21424891221327907,0.3698893740515603,-0.35674812946486506
94.0,4.0,2.0,57.39,0.5325286751408322,0.8191294241909101,750.0,-0.1971189410244806,0.3039925872615521,-0.3202324465460166
94.0,4.0,2.0,57.39,0.5410429658482336,0.8102215753405154,750.0,-0.1965215327035452,0.3660693425242623,-0.34097791460480864
80.0,5.0,15.0,59.52,103.0,0.9116266641335522,750.0,10.0,1.1956746344975877,-0.5214540163030636
80.0,5.0,15.0,59.52,103.0,0.8913068432870209,750.0,10.0,0.9951753872978336,-0.6329497670568286
60.0,20.0,20.0,57099029.0,103.0,900.0,16.0,600.0,0.6862045927594289,4.0
60.0,20.0,20.0,4.538699477216676,103.0,900.0,16.0,600.0,0.7495316304195349,4.0
60.0,20.0,20.0,4.842206702290367,103.0,900.0,16.0,600.0,0.8664456127456583,4.0
13.0,54.0,13.0,0.4541017124211068,120.0,850.0,12.0,0.127728005220671,2.504342443706979,-0.12214601730573416
13.0,54.0,13.0,0.28539531240085697,120.0,850.0,12.0,0.046607024766517915,2.5452766442793853,-0.05517609543956259
83.0,5.0,12.0,2.9685719263684214,105.0,400.0,4.0,750.0,0.512989588434238,10.0
83.0,5.0,12.0,4.506653180001199,105.0,400.0,4.0,770.0,0.6408219196445185,10.0
83.0,5.0,12.0,3.631055720733491,105.0,400.0,4.0,790.0,0.557626370085773,10.0
83.0,5.0,12.0,2.031744781086348,105.0,400.0,4.0,770.0,0.5093848431018554,10.0
83.0,5.0,12.0,1.283879864484205,105.0,400.0,4.0,770.0,0.4317244967430484,10.0
83.0,5.0,12.0,2.4074965276995224,105.0,400.0,4.0,770.0,0.4846281536263518,10.0
83.0,5.0,12.0,1.7233076404903374,105.0,400.0,4.0,770.0,0.4972910257797054,10.0
82.0,0.0,18.0,-0.055558515772378164,103.0,0.9158555555734642,0.7758323868562331,-0.1788067607547952,1.2130746317539105,-0.5634516995027371
82.0,0.0,15.0,-0.05556015571927926,103.0,0.8875151043718824,0.8410047300042424,-0.208346771320356,0.981465749357928,-0.6123359510149378
82.0,0.0,15.0,-0.05556082980315865,103.0,0.8986358712444817,0.7986288333158396,-0.2139358605963227,1.020093265154271,-0.6167931018680524
80.0,10.0,10.0,92.3555,0.5499399508777082,0.9431749378900448,-0.17172236397231005,-0.1915529723207589,1.1580388534796895,-0.19605233374024664
80.0,10.0,10.0,92.3555,0.6444493027245144,0.9762931157421396,-0.2541739799524547,-0.20128408628263475,1.360113170852227,-0.2548652814589518
80.0,10.0,10.0,92.3555,0.6102902170501916,0.9102300122348072,-0.1947926663942164,-0.2501619218050193,1.0549484277397796,0.010919744398415622
80.0,10.0,10.0,92.3555,0.6711804137341639,0.9532337854438476,-0.3978687323918596,-0.2408184656112921,1.883033089359438,-0.2423198895167463
80.0,10.0,10.0,92.3555,0.5923308238601713,0.8603979540126514,-0.8105427454397163,-0.2321691510279237,-0.26138509281838834,-0.6659287892405196
80.0,10.0,10.0,92.3555,0.6098229928906567,0.8673293271448008,-0.30522193650126145,-0.25766952335818843,0.4749127110694039,0.10325340989065253
80.0,10.0,10.0,92.3555,0.5525665993355483,0.8590228315752713,-0.3194013367776399,-0.2416590853711013,0.2593175025900396,-0.10629922104484292
80.0,10.0,10.0,92.3555,0.4296115584936859,0.9067879451713188,-0.05508642231751664,-0.2537496102932835,1.1001839056059397,-0.2893338230549383
80.0,10.0,10.0,92.3555,0.22444220251703173,0.8585464338342805,0.06672609709102455,-0.24484426663666745,0.6876483191886078,-0.3715064645729725
80.0,10.0,10.0,92.3555,0.572736404385792,0.8679528885299665,-0.3685486162681783,-0.2544662682731427,0.08949305353288313,-0.0017981456422175093
80.0,10.0,10.0,92.3555,0.7334042149830938,0.9528113225123256,-0.4206957692964923,-0.24208801438055064,2.039024058115432,-0.2348698727407907
80.0,10.0,10.0,92.3555,0.43367810959639136,0.9198495433155436,0.01588631266980183,-0.2404513691287953,1.0198846789646043,-0.3201118591076148
80.0,10.0,10.0,92.3555,-0.019436195123771552,0.8708198882199876,0.056161021897364834,-0.264166320151831,0.6144862330743635,-0.2556244982123003
80.0,10.0,10.0,92.3555,0.4969569304399522,0.8988543351536986,-0.07976066223135125,-0.25026487981536305,1.359727733691867,-0.33392185397598084
80.0,10.0,10.0,92.3555,0.5936908096992889,0.8642471471054187,-0.7121605123382715,-0.24146233006469506,-0.26269650366862873,-0.14332774807433613
80.0,10.0,10.0,92.3555,0.5674125960401809,0.917159801642316,-0.17939095643680492,-0.23787719730957224,1.5025120573018975,-0.2235527443921207
80.0,10.0,10.0,92.3555,0.3937852087899881,0.8899213976255029,-0.13222642273286336,-0.25946917414083376,0.8070892557398136,-0.0936971842019477
80.0,10.0,10.0,92.3555,0.6056027097096304,0.9092128640797894,-0.2596482910325183,-0.2447768795241184,1.6259898056509283,-0.18201314162658586
80.0,10.0,10.0,92.3555,0.483417300044838,0.9741414141781028,-0.09828702041635776,-0.19370910933499266,1.1471308608548485,-0.26946296022105976
30.0,10.0,10.0,92.3555,105.0,1.0136701984097125,-0.3987443093737862,-0.1654980985265594,2.3592129114557623,-0.1988089376013677
80.0,10.0,10.0,92.35555,105.0,0.913056908514265,-0.23999642411817546,-0.2349081831304641,1.410089134598045,-0.20104406007344452
80.0,10.0,10.0,92.3555,0.582797503585874,550.0,4.0,780.0,0.3632841302750917,12.0
80.0,10.0,10.0,92.3555,0.5910911321514036,550.0,4.0,780.0,0.4138539904058583,12.0
80.0,10.0,10.0,92.3555,0.5916112478255083,550.0,4.0,780.0,0.40150971373139344,12.0
80.0,10.0,10.0,92.3555,0.5870739001530932,550.0,4.0,780.0,0.4318794021730279,12.0
92.0,4.0,4.0,92.5684,104.0,745.0,15.0,1.5129531594740149,0.13199265288085396,-0.3415408304678998
92.0,4.0,4.0,92.5684,104.0,745.0,15.0,1.0197729864546476,0.10848099933502818,-0.3437603825467583
92.0,4.0,4.0,92.5684,104.0,745.0,15.0,0.7772161698351995,0.039397983443622435,-0.3990060630325145
92.0,4.0,4.0,92.5684,104.0,745.0,15.0,1.2190593335869022,0.12166524576736147,-0.3455094712084512
92.0,4.0,4.0,92.5684,104.0,745.0,15.0,1.943689313558944,0.1978587803818672,-0.4091114771472648
92.0,4.0,4.0,92.5684,104.0,745.0,15.0,1.4246701521031182,0.17036432753611871,-0.3738789615826569
92.0,4.0,4.0,92.5684,104.0,745.0,15.0,1.1404767483981102,0.09100027592368172,-0.3698730348503022
92.0,4.0,4.0,92.5684,104.0,745.0,15.0,0.9534245545259958,0.036051599731091497,-0.3338531166745615
92.0,4.0,4.0,92.5684,104.0,745.0,15.0,0.8631240304715201,0.07276375583119014,-0.3414305159470967
92.0,4.0,4.0,92.5684,104.0,745.0,15.0,1.1073573375095371,0.11055776795601067,-0.3629508312365125
92.0,4.0,4.0,92.5684,104.0,745.0,15.0,1.5889048553534777,0.15791043015611794,-0.3703311115282113
92.0,4.0,4.0,92.5684,104.0,745.0,15.0,1.8053005496463743,0.14129172011199378,-0.3608610728356528
85.0,10.0,5.0,73.75,105.0,580.0,5.0,800.0,0.3195230685807046,12.0
85.0,10.0,5.0,73.75,105.0,580.0,5.0,800.0,0.3319683980098479,12.0
85.0,10.0,5.0,73.75,105.0,580.0,5.0,800.0,0.3324174447624427,12.0
85.0,10.0,5.0,73.75,105.0,580.0,5.0,800.0,0.30185737434909754,12.0
