0,1,2,3,4,5,6,7,8,9,10,11,12,13,14,15,16,17,18,19,20,21
95.0,0.0,5.0,92.719,101.0,1.0,13.0,26.981999999999996,13.0,1.61,1.0,577.5,41.8,118.0,53.0,3.0,506.9031798061346,6.1018241192013125,800.0,10.0,1.406946121314526,2.0
95.0,0.0,5.0,92.719,101.0,1.0,22.0,47.867,22.0,1.54,5.0,658.8,7.6,147.0,74.0,3.0,478.92716338331076,4.670467797556639,800.0,10.0,1.6789985950800093,2.0
95.0,0.0,5.0,92.719,101.0,1.0,73.0,180.94788,73.0,1.5,2.0,761.0,31.0,146.0,72.0,5.0,500.0053573174662,5.003875688814448,800.0,10.0,1.3739307192032937,2.0
95.0,0.0,5.0,92.719,101.0,1.0,51.0,121.76,51.0,2.05,2.0,834.0,103.2,140.0,76.0,5.0,499.42995734816753,8.322757212622195,800.0,10.0,1.354534486815042,2.0
95.0,0.0,5.0,92.719,101.0,1.0,41.0,92.90638,41.0,1.6,1.0,652.1,87.99999999999999,146.0,72.0,5.0,507.6402882710204,8.029421432115386,800.0,10.0,1.3816094419309004,2.0
95.0,0.0,5.0,92.719,101.0,1.0,74.0,183.84,74.0,2.36,5.0,770.0,78.6,139.0,66.0,6.0,502.2113862741352,4.046991547917098,800.0,10.0,1.3657545477269235,2.0
95.0,0.0,5.0,92.719,101.0,1.0,42.0,95.95000000000002,42.0,2.16,7.0,684.3,72.1,139.0,69.0,6.0,500.03208358410245,4.9222515859519795,800.0,10.0,1.47610569959242,2.0
95.0,0.0,5.0,92.719,101.0,1.0,13.0,26.981999999999996,13.0,1.61,1.0,577.5,41.8,118.0,53.0,3.0,500.31319985071184,6.552390365069921,700.0,10.0,1.3954736345364682,2.0
95.0,0.0,5.0,92.719,101.0,1.2508095389576792,46.73763021293044,110.99632077355834,46.73763021228503,1.9723645837517256,7.0671185840426745,765.8355511027399,117.27832583856038,144.97357877042677,138.22511147473264,5.5201654338726,492.21284044898647,4.069847032935955,700.0,10.0,1.4872389117739324,2.0
95.0,2.0,3.0,92.6391,101.0,1.1926908179902085,13.003575560296705,26.985548735139858,13.003575560280446,1.6098664880729576,1.1131956930899287,579.2662251771478,41.364008712707296,118.20899992893612,53.1824277788609,2.9891420555099395,503.92403804683073,7.916430113977361,700.0,10.0,1.4200306276108579,2.0
95.0,2.0,3.0,92.6391,101.0,1.0,42.0,95.95000000000002,42.0,2.16,7.0,684.3,72.1,139.0,69.0,6.0,481.0859832917663,4.7819722020262745,700.0,10.0,1.5144132721341241,2.0
95.0,0.0,5.0,92.719,101.0,1.0,13.0,26.981999999999996,13.0,1.61,1.0,577.5,41.8,118.0,53.0,3.0,509.09766469745284,7.4101463978089,700.0,20.0,1.4082991412205732,2.0
95.0,0.0,5.0,92.719,101.0,1.0,13.0,26.981999999999996,13.0,1.61,1.0,577.5,41.8,118.0,53.0,3.0,491.93110837367755,7.562609002798739,700.0,30.0,1.4116194910026791,2.0
95.0,0.0,5.0,92.719,101.0,1.0,13.0,26.981999999999996,13.0,1.61,1.0,577.5,41.8,118.0,53.0,3.0,495.15848958672956,7.993819295850359,700.0,60.0,1.4245233255004097,2.0
95.0,0.0,5.0,92.719,101.0,1.0,42.0,95.95000000000002,42.0,2.16,7.0,684.3,72.1,139.0,69.0,6.0,497.7166741284618,4.750875684190084,700.0,10.0,1.4783356138481356,2.0
95.0,0.0,5.0,92.719,101.0,1.0,42.0,95.95000000000002,42.0,2.16,7.0,684.3,72.1,139.0,69.0,6.0,494.2907222010207,4.619418430531826,700.0,20.0,1.484687950110443,2.0
95.0,0.0,5.0,92.719,101.0,1.0,42.0,95.95000000000002,42.0,2.16,7.0,684.3,72.1,139.0,69.0,6.0,514.2059350649852,4.701472784699171,700.0,30.0,1.4297972191876154,2.0
95.0,0.0,5.0,92.719,101.0,1.0,42.0,95.95000000000002,42.0,2.16,7.0,684.3,72.1,139.0,69.0,6.0,478.41312518850947,4.692507966364503,700.0,60.0,1.5126751925313302,2.0
95.0,0.0,5.0,92.719,101.0,1.0,13.0,26.981999999999996,13.0,1.61,1.0,577.5,41.8,118.0,53.0,3.0,496.39286639943674,6.4629720061895455,750.0,10.0,1.4123196649563659,2.0
95.0,0.0,5.0,92.719,101.0,1.0,42.0,95.95000000000002,42.0,2.16,7.0,684.3,72.1,139.0,69.0,6.0,501.37236657063625,4.886531853678142,750.0,10.0,1.4880138902044329,2.0
83.22,5.01,11.77,92.5471225,103.0,1.8624249256243064,40.11959499393949,92.10629732423206,40.11959499289535,1.3241538270543134,4.461479933961543,636.2995824393588,39.32121056883436,166.36323647219115,88.55102399193566,3.8156698946877547,500.0,6.0,780.0,12.0,1.4706767135912293,3.0
82.91,4.99,11.71,92.3188268,103.0,0.39,13.0,26.981999999999996,13.0,1.61,1.0,577.5,41.8,118.0,53.0,3.0,500.0,6.0,780.0,12.0,1.4200766432401137,3.0
83.13,4.98,11.73,92.4542442,103.0,1.7793586690666205,50.650599715678695,120.89108414852664,50.65059970958939,1.5829374127761195,6.215245897236958,678.7373093222058,62.307003158530186,169.32866716587932,113.8264189672386,4.330244419213967,500.0,6.0,780.0,12.0,1.451900948547781,3.0
90.0,0.0,10.0,92.73100000000001,103.0,1.9157753587409976,12.999999478645167,26.982000602487382,12.99999947864518,1.6100000000324046,0.9999999532536974,577.4999999993065,41.80000020991139,117.99999182715395,52.99999342002418,2.99999780767584,479.36303599893824,5.497404740977057,730.0,10.0,1.4625133293734986,2.369292568641754
90.0,0.0,10.0,92.73100000000001,103.0,0.5,42.0,95.95000000000002,42.0,2.16,7.0,684.3,72.1,139.0,69.0,6.0,482.76376238749504,4.609360079232917,730.0,10.0,1.5050991593183314,2.1581755306952175
90.0,0.0,10.0,92.73100000000001,103.0,0.5,5.0,10.81,5.0,2.04,2.0,800.6,26.7,87.0,27.0,3.0,560.2782222089055,4.624810854012112,730.0,10.0,1.4531654904128413,2.995503857071185
90.0,0.0,10.0,92.73100000000001,103.0,1.1942128407596138,48.317484600588315,114.7279764427461,48.317484599495714,1.939529658555577,7.034740928738058,757.6211583132592,110.02881864829467,148.46539236183807,131.46802354455306,5.4290079926507895,469.7993190156413,4.329389986911096,730.0,10.0,1.4662925755273368,2.7522376398222326
100.0,0.0,0.0,92.70700000000001,101.0,3.338431842388747,22.736751873725016,50.39280071350105,22.736751873957587,2.8634432216370174,1.5895846238042077,1160.2839861726384,232.61392736303065,104.67943364673685,126.11123851444088,3.5891110594350435,490.9822252727003,5.389185718376193,650.0,10.0,1.421198294542097,2.3046274416916184
100.0,0.0,0.0,92.70700000000001,101.0,1.0,74.0,183.84,74.0,2.36,5.0,770.0,78.6,139.0,66.0,6.0,499.25449063713654,3.992264665558949,770.0,10.0,1.3856337308081752,2.7284058241858706
100.0,0.0,0.0,92.70700000000001,101.0,1.5,74.0,183.84,74.0,2.36,5.0,770.0,78.6,139.0,66.0,6.0,502.69165752921924,4.044189470253894,790.0,10.0,1.3815293396365549,2.2018240580851605
100.0,0.0,0.0,92.70700000000001,101.0,2.0,74.0,183.84,74.0,2.36,5.0,770.0,78.6,139.0,66.0,6.0,500.84499339594447,3.998344153475306,810.0,10.0,1.388211249185097,2.5683251204780606
77.6,9.7,9.7,90.605255,105.0,0.03,22.0,47.867,22.0,1.54,5.0,658.8,7.6,147.0,74.0,3.0,260.0,2.0,750.0,6.0,1.6776388026039997,3.0
80.0,10.0,10.0,92.3555,105.0,1.2880349384696257,21.8196251913216,47.47019605428068,21.819625185702268,1.5397310815386815,4.901472634294735,659.0004730283906,7.608388596760271,146.94546712011734,73.83430290735859,2.983288410113824,260.0,2.0,750.0,6.0,1.6765922646099747,3.0
80.0,10.0,10.0,92.3555,105.0,1.6126332501756966,43.30832784118921,100.83242561713188,43.308327842731735,1.443334696223607,5.384976601670259,638.5410255530103,42.025261216847696,164.98670678164908,88.61294299963572,4.088669989317295,500.0,4.0,750.0,12.0,1.4617859064383532,3.1760305121189325
80.0,10.0,10.0,92.3555,105.0,0.25,74.0,183.84,74.0,2.36,5.0,770.0,78.6,139.0,66.0,6.0,500.0,4.0,750.0,12.0,1.3798539934347605,2.8567950400978317
80.0,10.0,10.0,92.3555,105.0,0.5,74.0,183.84,74.0,2.36,5.0,770.0,78.6,139.0,66.0,6.0,500.0,4.0,750.0,12.0,1.3768531931190904,2.7822640246808628
80.0,10.0,10.0,92.3555,105.0,1.0,74.0,183.84,74.0,2.36,5.0,770.0,78.6,139.0,66.0,6.0,500.0,4.0,750.0,12.0,1.3793670941328757,2.754344522853474
80.0,10.0,10.0,92.3555,105.0,2.0,74.0,183.84,74.0,2.36,5.0,770.0,78.6,139.0,66.0,6.0,500.0,4.0,750.0,12.0,1.3663112305214582,2.750119960666817
80.0,10.0,10.0,92.3555,108.0,2.380785941092444,34.36404828528713,77.91618839728767,34.36404828480901,1.3414994565213285,1.6449228176074113,606.6604656988252,42.492836141907404,174.56506573136167,88.08683771557541,3.5932093653994963,550.0,5.0,800.0,16.0,1.4345750608170589,4.4621005709107555
80.0,10.0,10.0,92.3555,108.0,5.0,19.0,39.098,19.0,0.82,3.0,418.8,48.4,243.0,138.0,1.0,550.0,5.0,800.0,16.0,1.484452026382447,4.706295157850312
80.0,10.0,10.0,92.3555,108.0,5.0,22.0,47.867,22.0,1.54,5.0,658.8,7.6,147.0,74.0,3.0,550.0,5.0,800.0,16.0,1.7199838329988293,2.8101667583897463
80.0,10.0,10.0,92.3555,108.0,7.406459425894291,18.05300522057742,39.27066063114686,18.053005221195093,1.073198836612313,1.5342529675773726,539.7617837935684,40.545645125264706,189.8034890307344,103.9294238135802,1.7050840529126534,550.0,5.0,800.0,16.0,1.4501344549546784,4.779083865668817
80.0,10.0,10.0,92.3555,100.0,2.633366783794175,20.02335625961791,43.33402550786769,20.023356260343327,1.5195483147298843,4.469930554912423,662.0224027639058,7.374635488621574,146.89611400332404,73.93949273601956,2.803902458899745,550.0,4.0,780.0,12.0,1.7105916288436194,2.840147365201446
80.0,10.0,10.0,92.3555,100.0,0.01,12.0,24.304999999999996,12.0,1.31,3.0,737.7,0.0,145.0,72.0,2.0,550.0,4.0,780.0,12.0,1.8696041416698668,2.844236428328423
80.0,10.0,10.0,92.3555,100.0,0.03,12.0,24.304999999999996,12.0,1.31,3.0,737.7,0.0,145.0,72.0,2.0,550.0,4.0,780.0,12.0,1.8556740127966298,2.818873588431863
80.0,10.0,10.0,92.3555,100.0,0.05,12.0,24.304999999999996,12.0,1.31,3.0,737.7,0.0,145.0,72.0,2.0,550.0,4.0,780.0,12.0,1.8643879737724114,2.8934305315225832
80.0,10.0,10.0,92.3555,100.0,0.06,12.0,24.304999999999996,12.0,1.31,3.0,737.7,0.0,145.0,72.0,2.0,550.0,4.0,780.0,12.0,1.8599384014937828,2.810153123321619
80.0,10.0,10.0,92.3555,110.0,1.1615315516358566,59.16468879038372,143.52356948263287,59.16468878664713,1.2372098585342934,6.14811250335292,614.2234955215802,19.732815007941902,198.85064868842906,102.42746529917657,3.3071586480962183,470.00000000000006,6.0,780.0,15.0,1.3989102356605074,3.545734996270871
80.0,10.0,10.0,92.3555,110.0,1.0,38.99999999999999,88.90585,38.99999999999999,1.22,1.0,600.0,29.6,212.0,90.0,3.0,470.00000000000006,6.0,780.0,15.0,1.4378913579563495,4.233661726797251
80.0,10.0,10.0,92.3555,110.0,2.0,38.99999999999999,88.90585,38.99999999999999,1.22,1.0,600.0,29.6,212.0,90.0,3.0,470.00000000000006,6.0,780.0,15.0,1.4403469128265234,4.4548408729462325
80.0,10.0,10.0,92.3555,110.0,3.0,38.99999999999999,88.90585,38.99999999999999,1.22,1.0,600.0,29.6,212.0,90.0,3.0,470.00000000000006,6.0,780.0,15.0,1.4521414308191396,4.273298806606134
80.0,10.0,10.0,92.3555,110.0,4.0,38.99999999999999,88.90585,38.99999999999999,1.22,1.0,600.0,29.6,212.0,90.0,3.0,470.00000000000006,6.0,780.0,15.0,1.4337705545658765,4.299985362923456
80.0,10.0,10.0,92.3555,105.0,1.3297445482169077,55.29288287523507,133.3385299763403,55.2928828718618,1.1894336363351385,4.462711939598902,596.2528260695194,27.23542509707546,193.1930395809133,100.73908842332263,3.1683182527118685,480.0,6.0,750.0,16.0,1.3936639996281843,4.151410327425783
80.0,10.0,10.0,92.3555,105.0,9.241592134012459,16.02911225236383,34.316189166308156,16.029112252453903,0.996083397226153,1.4632538653505405,503.6135629832126,45.49004777172004,191.13232146386108,106.03677648071641,1.5273428570538647,480.0,6.0,750.0,16.0,1.467960647001244,4.752927614018742
80.0,10.0,10.0,92.3555,105.0,5.113665290144974,25.14095827202332,55.63060154864429,25.140958270840265,1.1431220121851833,1.7920449067170183,544.7708907152586,32.53257566062462,187.31904863427795,101.84649792027513,2.4391537477557597,480.0,6.0,750.0,16.0,1.45704742666565,4.612028644924203
80.0,10.0,10.0,92.3555,105.0,3.310689766255588,31.454468540505065,70.96416997582695,31.454468540222738,1.283596003861572,1.7470069786976556,605.6394003520842,33.286184200086915,186.8748680456617,93.55507539908048,2.9733389482653014,480.0,6.0,750.0,16.0,1.450314683221104,4.419791536656048
90.0,0.0,10.0,92.73100000000001,101.0,2.4554322532365767,7.91429869187548,15.803038650626085,7.914298708141004,1.8750312308280315,1.5795538425528517,701.0518887037184,27.19333327749222,100.33651733260021,37.34094306943668,2.998341636875316,547.7151553918588,5.162675469082339,600.0,10.0,1.470665848095136,2.0
90.0,0.0,10.0,92.73100000000001,101.0,2.0,13.0,26.981999999999996,13.0,1.61,1.0,577.5,41.8,118.0,53.0,3.0,589.4661206436236,5.31882604313843,600.0,10.0,1.4705161723724736,2.0
90.0,0.0,10.0,92.73100000000001,101.0,4.0,13.0,26.981999999999996,13.0,1.61,1.0,577.5,41.8,118.0,53.0,3.0,502.0780176699346,5.502550036475476,600.0,10.0,1.529668228675665,2.0
90.0,0.0,10.0,92.73100000000001,101.0,6.0,13.0,26.981999999999996,13.0,1.61,1.0,577.5,41.8,118.0,53.0,3.0,499.778714057558,5.621254310536333,600.0,10.0,1.4661198294654734,2.0
90.0,0.0,10.0,92.73100000000001,101.0,2.0,13.0,26.981999999999996,13.0,1.61,1.0,577.5,41.8,118.0,53.0,3.0,486.46860932718533,5.474897604758343,720.0,10.0,1.4629649942864626,2.0
90.0,0.0,10.0,92.73100000000001,101.0,4.0,13.0,26.981999999999996,13.0,1.61,1.0,577.5,41.8,118.0,53.0,3.0,504.03302629797105,5.435498959657864,720.0,10.0,1.4619200195398043,2.0
94.0,4.0,2.0,92.5616,101.0,2.8286144682611036,23.32982021891539,52.01638210925023,23.329820219641086,2.825626864223272,1.5884596403379927,1151.9510215623682,219.4780338807829,107.23893316745944,115.82450245503506,3.188196274683509,488.40056616833556,4.970188890580769,680.0,10.0,1.4288314091127479,2.4353344549591913
94.0,4.0,2.0,92.5616,101.0,3.8796857419288693,22.938966395147705,51.24577740355956,22.938966395539893,3.005078578225158,1.7506240914002047,1214.979238539621,265.86687519483826,104.48382960271923,142.00379377740046,4.022135984220397,471.3153207947372,5.2340437726885325,700.0,10.0,1.3875166724758659,2.137142215629037
94.0,4.0,2.0,92.5616,101.0,0.9414568276744177,13.761041177114633,28.29458586900463,13.76104117436006,1.3805501220321146,3.127188787121012,744.530736363476,2.60270555546234,141.64442106729288,69.89767083608908,2.127675159847959,486.1958021290365,4.444932669621473,730.0,10.0,1.8635221804793822,2.5440123809426263
94.0,4.0,2.0,92.5616,101.0,1.0282946789418117,39.05636846060876,88.87729865731008,39.0563684610999,1.7489589562382575,1.2751653343370104,703.8031246853969,93.4609491511568,139.15576978178208,77.2946902867471,4.620262283753213,497.4588533159422,6.750585431912186,750.0,10.0,1.3809231615059674,3.029158940389895
94.0,4.0,2.0,92.5616,101.0,4.628321715450883,19.25938076934327,41.39355961996596,19.25938076952104,3.1338984182408294,1.9554316805752092,1251.1355174862617,301.3966830190927,99.23625353760107,159.16279417263695,4.880674338500664,450.92612756739993,5.006457252969675,780.0,10.0,1.4044238309588486,2.0102628426786637
94.0,4.0,2.0,92.5616,101.0,1.0,73.0,180.94788,73.0,1.5,2.0,761.0,31.0,146.0,72.0,5.0,503.5692608530278,5.029281610224019,680.0,10.0,1.3715837873157868,2.964424791384705
94.0,4.0,2.0,92.5616,101.0,1.0,73.0,180.94788,73.0,1.5,2.0,761.0,31.0,146.0,72.0,5.0,495.0358688698663,5.091664446321712,700.0,10.0,1.380093583997555,2.9627308173913782
94.0,4.0,2.0,92.5616,101.0,1.0,73.0,180.94788,73.0,1.5,2.0,761.0,31.0,146.0,72.0,5.0,492.3390304614014,5.043961869087203,730.0,10.0,1.4097150660818454,2.816511046742529
94.0,4.0,2.0,92.5616,101.0,1.0,73.0,180.94788,73.0,1.5,2.0,761.0,31.0,146.0,72.0,5.0,501.31117473903487,5.015659621416694,750.0,10.0,1.4062619159519758,2.912981064827775
94.0,4.0,2.0,92.5616,101.0,1.0,73.0,180.94788,73.0,1.5,2.0,761.0,31.0,146.0,72.0,5.0,498.0133905168996,5.008940832565856,780.0,10.0,1.39222546240844,2.8824566398098996
100.0,0.0,0.0,92.70700000000001,101.0,1.048203713344025,33.56512583298482,75.78363008748778,33.56512583332566,1.883576312022152,1.4921148042148666,734.4821217710469,109.48255213513198,140.23520241282972,77.69853646532617,3.6331638639431714,499.5869031585012,5.437532693856834,650.0,10.0,1.403725394255714,3.1225922689447487
100.0,0.0,0.0,92.70700000000001,101.0,3.5610153136221614,17.10857824216883,37.606224169203166,17.10857824251201,3.2856764422237257,1.38270927496614,1354.3601268207585,261.7420720048438,88.22474295550225,127.92134422173916,2.6035278428821313,499.06350441162544,5.983307715128784,680.0,10.0,1.4227679817664758,2.205115183510484
100.0,0.0,0.0,92.70700000000001,101.0,1.9128267782222155,29.24887440460002,65.62517573806836,29.248874404602436,2.190693116980895,1.6689331635650806,871.8513693960155,147.97422988811888,127.95520168729344,90.18890237087288,3.288231322471044,473.7560932605194,4.496061538912647,700.0,10.0,1.411845573110317,2.5447985245851634
100.0,0.0,0.0,92.70700000000001,101.0,2.5045868068667905,25.457310478687297,57.027736294108344,25.457310478532307,2.5952090462802087,1.6054972528275353,1046.731659393748,193.08230956643033,114.22484810844286,109.63071402478798,3.4045880643349324,491.96394534156445,4.928539853463121,730.0,10.0,1.4064384791418019,2.536586612011942
100.0,0.0,0.0,92.70700000000001,101.0,3.5426040599976414,15.50508291360112,33.83321593516868,15.50508291383547,3.4269383235771658,1.2688875787676996,1422.913592673581,276.62413084319957,83.33534968415549,128.8363983603768,2.2565681878882797,507.2019977476318,6.088499051756612,750.0,10.0,1.3904155126682438,2.192647927902429
100.0,0.0,0.0,92.70700000000001,101.0,3.8160734032518846,20.01745503110278,43.848005454449876,20.017455031528268,3.07474808097019,1.4993906097300829,1250.0189360567074,251.59513722975277,94.79831802313278,133.52249107042405,3.7202296623442344,474.22888731862474,5.34589309588754,770.0,10.0,1.3897779603829417,2.1423194915521346
100.0,0.0,0.0,92.70700000000001,101.0,2.455525310086341,26.33181591888129,58.61288938406516,26.331815919608232,2.4059199807391742,1.6287353372765767,963.175862303077,165.61956659167157,116.44293120278594,101.26890204702035,3.376954921896782,490.6392499734446,4.9412137338256095,800.0,10.0,1.4361986776938374,2.4775140436192973
100.0,0.0,0.0,92.70700000000001,101.0,0.5,13.0,26.981999999999996,13.0,1.61,1.0,577.5,41.8,118.0,53.0,3.0,510.10975921286575,9.046470986303515,650.0,10.0,1.4421862045520148,2.3637405182724267
100.0,0.0,0.0,92.70700000000001,101.0,0.5,13.0,26.981999999999996,13.0,1.61,1.0,577.5,41.8,118.0,53.0,3.0,563.8923760667609,8.482969408019496,680.0,10.0,1.3542244599303446,2.8534343883064386
100.0,0.0,0.0,92.70700000000001,101.0,0.5,13.0,26.981999999999996,13.0,1.61,1.0,577.5,41.8,118.0,53.0,3.0,509.65092337254174,7.352989914103375,700.0,10.0,1.4685648341965194,2.0727042221177565
100.0,0.0,0.0,92.70700000000001,101.0,0.5,13.0,26.981999999999996,13.0,1.61,1.0,577.5,41.8,118.0,53.0,3.0,509.9773277727424,8.674430292268125,730.0,10.0,1.442423235366533,2.293365217639585
100.0,0.0,0.0,92.70700000000001,101.0,0.5,13.0,26.981999999999996,13.0,1.61,1.0,577.5,41.8,118.0,53.0,3.0,501.886847295636,7.561223151410775,750.0,10.0,1.447088569680247,2.1587736180087718
100.0,0.0,0.0,92.70700000000001,101.0,0.5,13.0,26.981999999999996,13.0,1.61,1.0,577.5,41.8,118.0,53.0,3.0,506.6872740285746,7.154399303604626,770.0,10.0,1.4552481325570212,2.2630704417356147
100.0,0.0,0.0,92.70700000000001,101.0,0.5,13.0,26.981999999999996,13.0,1.61,1.0,577.5,41.8,118.0,53.0,3.0,500.7643057814198,7.242057784086946,800.0,10.0,1.4458779938844206,2.121180629441514
100.0,0.0,0.0,92.70700000000001,101.0,0.5,41.0,92.90638,41.0,1.6,1.0,652.1,87.99999999999999,146.0,72.0,5.0,500.4570887309154,8.318108784591166,650.0,10.0,1.3412301143137153,2.9207697925574037
100.0,0.0,0.0,92.70700000000001,101.0,0.5,41.0,92.90638,41.0,1.6,1.0,652.1,87.99999999999999,146.0,72.0,5.0,504.0275849385689,7.176696170584306,680.0,10.0,1.3652438133246356,2.9204074390134354
100.0,0.0,0.0,92.70700000000001,101.0,0.5,41.0,92.90638,41.0,1.6,1.0,652.1,87.99999999999999,146.0,72.0,5.0,495.0999443818962,7.857673639759449,700.0,10.0,1.367746025909355,2.9506837904179157
100.0,0.0,0.0,92.70700000000001,101.0,0.5,41.0,92.90638,41.0,1.6,1.0,652.1,87.99999999999999,146.0,72.0,5.0,508.7952815814613,7.958353266081539,730.0,10.0,1.3439333039705248,2.7109369722798045
100.0,0.0,0.0,92.70700000000001,101.0,0.5,41.0,92.90638,41.0,1.6,1.0,652.1,87.99999999999999,146.0,72.0,5.0,476.9481870229253,8.123233547234697,750.0,10.0,1.3651821046612653,2.9234496736819073
100.0,0.0,0.0,92.70700000000001,101.0,0.5,41.0,92.90638,41.0,1.6,1.0,652.1,87.99999999999999,146.0,72.0,5.0,510.19501867868496,7.324746180844093,770.0,10.0,1.3924172300443065,2.9174776310747266
100.0,0.0,0.0,92.70700000000001,101.0,0.5,41.0,92.90638,41.0,1.6,1.0,652.1,87.99999999999999,146.0,72.0,5.0,497.12280480658904,7.633034231860127,800.0,10.0,1.3566288876472785,2.568547697409418
100.0,0.0,0.0,92.70700000000001,101.0,0.5,73.0,180.94788,73.0,1.5,2.0,761.0,31.0,146.0,72.0,5.0,520.1938537076375,4.86153450430559,650.0,10.0,1.3879775175499487,2.9855769108344066
100.0,0.0,0.0,92.70700000000001,101.0,0.5,73.0,180.94788,73.0,1.5,2.0,761.0,31.0,146.0,72.0,5.0,497.12107276154785,5.031707276534481,680.0,10.0,1.3700059168120966,3.039922653955231
100.0,0.0,0.0,92.70700000000001,101.0,0.5,73.0,180.94788,73.0,1.5,2.0,761.0,31.0,146.0,72.0,5.0,524.3224637044193,4.858996136616051,700.0,10.0,1.3793816539723536,2.7988347005668817
100.0,0.0,0.0,92.70700000000001,101.0,0.5,73.0,180.94788,73.0,1.5,2.0,761.0,31.0,146.0,72.0,5.0,488.1117604697412,5.2760237843188875,730.0,10.0,1.3008071522268596,2.672161964553786
100.0,0.0,0.0,92.70700000000001,101.0,0.5,73.0,180.94788,73.0,1.5,2.0,761.0,31.0,146.0,72.0,5.0,499.1835464994374,5.021605500020369,750.0,10.0,1.3709687744879815,2.746629516532493
100.0,0.0,0.0,92.70700000000001,101.0,0.5,73.0,180.94788,73.0,1.5,2.0,761.0,31.0,146.0,72.0,5.0,492.53658070280994,5.036451053045267,770.0,10.0,1.3627859055092193,2.7710667804817275
100.0,0.0,0.0,92.70700000000001,101.0,0.5,73.0,180.94788,73.0,1.5,2.0,761.0,31.0,146.0,72.0,5.0,518.3972969611733,4.810959660861411,800.0,10.0,1.3863056184017426,2.9540325621567693
100.0,0.0,0.0,92.70700000000001,101.0,0.5,42.0,95.95000000000002,42.0,2.16,7.0,684.3,72.1,139.0,69.0,6.0,499.42195734873764,4.574477428742383,650.0,10.0,1.4860574123340868,2.008849749613292
100.0,0.0,0.0,92.70700000000001,101.0,0.5,42.0,95.95000000000002,42.0,2.16,7.0,684.3,72.1,139.0,69.0,6.0,462.08036427740905,4.306170059264337,680.0,10.0,1.4805381679458303,2.5364762798140217
100.0,0.0,0.0,92.70700000000001,101.0,0.5,42.0,95.95000000000002,42.0,2.16,7.0,684.3,72.1,139.0,69.0,6.0,468.58511313910924,4.289006201363265,700.0,10.0,1.4762029791016849,2.477457291017027
100.0,0.0,0.0,92.70700000000001,101.0,0.5,42.0,95.95000000000002,42.0,2.16,7.0,684.3,72.1,139.0,69.0,6.0,489.2444382526257,4.644042071500739,730.0,10.0,1.4800983848439053,2.3485275473609395
100.0,0.0,0.0,92.70700000000001,101.0,0.5,42.0,95.95000000000002,42.0,2.16,7.0,684.3,72.1,139.0,69.0,6.0,481.7747291198666,4.777463901983577,750.0,10.0,1.5113570784212358,2.150805250547888
100.0,0.0,0.0,92.70700000000001,101.0,0.5,42.0,95.95000000000002,42.0,2.16,7.0,684.3,72.1,139.0,69.0,6.0,496.1768311981008,4.832880974313657,770.0,10.0,1.478230873947714,2.0222598012559665
100.0,0.0,0.0,92.70700000000001,101.0,0.5,42.0,95.95000000000002,42.0,2.16,7.0,684.3,72.1,139.0,69.0,6.0,498.5202339849337,4.709437699227097,800.0,10.0,1.4814955030808985,2.0337588800630773
80.0,10.0,10.0,92.3555,102.0,0.9059634265298276,12.000021464370395,24.30840538098447,12.000021458836196,1.352451256564139,3.000000027682383,725.3431339784212,3.682065114997754,148.18793742117123,74.55493121462875,2.0000047521190725,480.0,3.0,800.0,12.0,2.0,2.5523214897456903
90.0,5.0,5.0,92.53125,102.0,0.6772215329006798,12.14644897805235,24.578256421258786,12.146448982761607,1.3073132656101207,3.0235331831783343,737.6930649235483,-0.19114152253148028,145.06300468383037,72.0006125014399,2.008830638089373,480.0,3.0,750.0,12.0,2.0,2.418415012437509
90.0,5.0,5.0,92.53125,102.0,1.1218804315644688,12.0,24.304999999999996,12.0,1.31,3.0,737.7,0.0,145.0,72.0,2.0,480.0,3.0,800.0,12.0,2.0,2.5599224293824543
90.0,5.0,5.0,92.53125,102.0,0.9105743698405929,12.0,24.304999999999996,12.0,1.31,3.0,737.7,0.0,145.0,72.0,2.0,480.0,3.0,750.0,12.0,2.0,2.5078875073601687
90.0,5.0,5.0,92.53125,102.0,1.3921868656757346,12.0,24.304999999999996,12.0,1.31,3.0,737.7,0.0,145.0,72.0,2.0,480.0,3.0,800.0,12.0,2.0,2.6170855091844176
90.0,5.0,5.0,92.53125,102.0,0.7318716735787533,12.0,24.304999999999996,12.0,1.31,3.0,737.7,0.0,145.0,72.0,2.0,480.0,3.0,750.0,12.0,2.0,2.5297449939472267
80.0,10.0,10.0,92.3555,105.0,0.1,5.0,10.81,5.0,2.04,2.0,800.6,26.7,87.0,27.0,3.0,650.0,5.0,800.0,10.0,1.5,3.77459715652771
80.0,10.0,10.0,92.3555,105.0,0.2,5.0,10.81,5.0,2.04,2.0,800.6,26.7,87.0,27.0,3.0,650.0,5.0,800.0,10.0,1.5,3.741965958253477
80.0,10.0,10.0,92.3555,105.0,0.3,5.0,10.81,5.0,2.04,2.0,800.6,26.7,87.0,27.0,3.0,650.0,5.0,800.0,10.0,1.5,3.8374715065257465
80.0,10.0,10.0,92.3555,105.0,2.6220898359688944,41.218387388358174,95.42014336984744,41.218387388640615,1.3717705985246649,4.994079498601653,640.9691376902705,42.60638046266321,161.82128744645763,87.20959570447562,4.016216525617095,650.0,5.0,800.0,10.0,1.5,3.25469657251308
80.0,10.0,10.0,92.3555,105.0,0.1,5.0,10.81,5.0,2.04,2.0,800.6,26.7,87.0,27.0,3.0,650.0,5.0,800.0,10.0,1.5,3.722081601499898
80.0,10.0,10.0,92.3555,105.0,0.2,5.0,10.81,5.0,2.04,2.0,800.6,26.7,87.0,27.0,3.0,650.0,5.0,800.0,10.0,1.5,3.7548027225631424
80.0,10.0,10.0,92.3555,105.0,0.3,5.0,10.81,5.0,2.04,2.0,800.6,26.7,87.0,27.0,3.0,650.0,5.0,800.0,10.0,1.5,3.27099444318176
80.0,10.0,10.0,92.3555,105.0,4.770120697417828,20.599112069921254,45.07735570473514,20.59911206966774,1.2952813608347509,1.4804001252415777,606.5049218361361,39.85749557034891,179.57801983327627,97.23242872755812,2.167126722525284,650.0,5.0,800.0,10.0,1.5,4.3959824378571515
83.0,7.0,10.0,92.46815,105.0,1.013208717284754,43.55352231514486,101.0552019901523,43.55352231531272,1.9854312558004041,6.662547040525439,746.2292304461478,86.04703135202557,143.41334152099373,94.31589776490223,5.430160366013396,473.6285606822079,4.551561517002843,800.0,15.0,1.4813393272828081,2.354160410254968
83.0,7.0,10.0,92.46815,105.0,1.7806942944927018,48.30942787160683,114.76505979432262,48.30942786802639,1.2840473395832719,4.129939164060344,607.044321465135,35.38143878245178,181.66111734489087,97.60518083151801,3.2856964816278436,486.5645974810595,5.147520667105953,800.0,15.0,1.3951963972700896,4.410004493148078
83.0,7.0,10.0,92.46815,105.0,2.358771754177218,39.922620938908956,92.40966943339183,39.922620937331885,1.255977297463444,3.450575293216824,594.6858801439851,29.482549621391147,181.5589463666356,97.30779620685804,3.3053927641986873,496.1810331530189,5.019278519457015,800.0,15.0,1.4435260847455464,3.8707104291145473
83.0,7.0,10.0,92.46815,105.0,2.4072435542119095,19.308037364870188,41.49157872986868,19.308037364997205,1.5253355080060493,1.3406067907719723,611.2700669199,37.3550945879656,143.3605172856999,73.91609759980919,3.3999540109083606,520.1807718583802,7.288200968134287,800.0,15.0,1.4101883624009648,3.8064218346643153
83.0,7.0,10.0,92.46815,105.0,0.6,74.0,183.84,74.0,2.36,5.0,770.0,78.6,139.0,66.0,6.0,498.764263939786,4.011209815729425,800.0,15.0,1.3540091441738216,2.7583034688474046
83.0,7.0,10.0,92.46815,105.0,0.6,5.0,10.81,5.0,2.04,2.0,800.6,26.7,87.0,27.0,3.0,631.2531283405254,5.088525968164904,800.0,15.0,1.4953093084140463,3.791700104882926
90.0,5.0,5.0,92.53125,105.0,0.5588734970486013,31.43685198681528,70.70985488193429,31.436851987009266,1.8069846785845183,1.8852199364489945,601.1241167232531,46.07774432455701,138.28727171055365,65.69729467245178,3.423643981845469,489.51939494005416,6.145680551457471,690.9814091511986,19.986999467634647,1.406965273171698,3.2877096379177635
90.0,5.0,5.0,92.53125,105.0,0.921646914835653,43.241494187228135,98.90481681604366,43.241494187990675,1.7241221024852902,1.2180269412944544,703.8308341627277,95.88971869921525,142.44495424158953,74.66441736483085,5.000522607996174,500.0,10.0,730.0,15.0,1.3395371295261915,2.5970184674727363
90.0,5.0,5.0,92.53125,105.0,2.09667004688817,15.624866524751505,32.8865541463898,15.624866523944823,1.5011535262691114,2.0571723519467824,646.1240449145079,28.475435468685674,134.06204696182192,67.49864493921822,3.067509591494067,500.0,10.0,750.0,15.0,1.4187107658103095,3.0523043202255815
90.0,5.0,5.0,92.53125,105.0,2.109126205015256,11.706585449358634,23.45768457070577,11.706585450314849,1.2996394751577929,2.4735572259296035,735.147315714997,5.589517308516319,143.91427153682702,72.20125266807065,2.4422657392856846,500.0,10.0,770.0,15.0,1.5547616076539987,2.693635805156933
90.0,5.0,5.0,92.53125,105.0,1.9256456773568682,15.633741180548174,33.00088136356082,15.633741179378111,1.5078353873263637,2.00216017625142,639.8228135458976,30.307170404324776,132.60120152015804,66.35903872358986,3.034558804915337,500.0,10.0,730.0,15.0,1.4044581721886122,3.0695553398358317
90.0,5.0,5.0,92.53125,105.0,1.2478119842143607,18.018787270247746,39.260746235239885,18.018787272836995,1.57622734869848,1.7137791527821082,632.7238856055214,27.151851306014912,130.8786353604663,62.91908551385822,2.899293037408335,500.0,10.0,730.0,15.0,1.4247036041332648,2.7156002879967933
90.0,5.0,5.0,92.53125,105.0,2.84829084886917,12.061986101386685,24.419541650776093,12.061986101032732,1.346521016154951,2.5634863046751053,715.0028176505627,9.382459366302617,141.42298344203576,70.18404222478273,2.5310110026033623,500.0,10.0,730.0,15.0,1.5557114665923755,2.6562469636558466
90.0,0.0,10.0,92.73100000000001,101.0,3.389067584596815,24.1358584655473,53.31660819398947,24.135858462908335,1.5533553326965026,1.5579631413669812,659.137718003325,54.31637945138297,155.78232893503755,86.68848309702797,3.2673114874390827,500.0,5.0,730.0,10.0,1.445392343835842,3.8813531720591534
90.0,0.0,10.0,92.73100000000001,101.0,1.0,13.0,26.981999999999996,13.0,1.61,1.0,577.5,41.8,118.0,53.0,3.0,500.0,5.0,730.0,10.0,1.3971322503635597,2.9697556114674923
90.0,0.0,10.0,92.73100000000001,101.0,1.0,12.0,24.304999999999996,12.0,1.31,3.0,737.7,0.0,145.0,72.0,2.0,500.0,5.0,730.0,10.0,1.8575427272662977,2.7408232188549526
90.0,0.0,10.0,92.73100000000001,101.0,1.0,22.0,47.867,22.0,1.54,5.0,658.8,7.6,147.0,74.0,3.0,500.0,5.0,730.0,10.0,1.6787171553714586,2.4038305036227676
90.0,0.0,10.0,92.73100000000001,101.0,1.0,73.0,180.94788,73.0,1.5,2.0,761.0,31.0,146.0,72.0,5.0,500.0,5.0,730.0,10.0,1.3743080718588367,3.9043473776490933
90.0,0.0,10.0,92.73100000000001,101.0,1.0,42.0,95.95000000000002,42.0,2.16,7.0,684.3,72.1,139.0,69.0,6.0,500.0,5.0,730.0,10.0,1.471888364730981,2.4290854917211395
90.0,0.0,10.0,92.73100000000001,101.0,2.500761740506114,38.16682005993823,87.7564143258663,38.166820059652316,1.2373111563547572,2.881146686530112,600.6362827821765,29.736346985815143,191.6249048790179,96.05632700649684,3.114906635565071,500.0,5.0,730.0,10.0,1.434306119371707,4.086506481197604
90.0,0.0,10.0,92.73100000000001,101.0,1.0,13.0,26.981999999999996,13.0,1.61,1.0,577.5,41.8,118.0,53.0,3.0,500.0,5.0,730.0,10.0,1.46087999578647,3.4819443850427954
90.0,0.0,10.0,92.73100000000001,101.0,1.0,12.0,24.304999999999996,12.0,1.31,3.0,737.7,0.0,145.0,72.0,2.0,500.0,5.0,730.0,10.0,1.8205646265354476,2.7295176987747394
90.0,0.0,10.0,92.73100000000001,101.0,1.0,22.0,47.867,22.0,1.54,5.0,658.8,7.6,147.0,74.0,3.0,500.0,5.0,730.0,10.0,1.6815615821215215,2.549052451469646
90.0,0.0,10.0,92.73100000000001,101.0,1.0,73.0,180.94788,73.0,1.5,2.0,761.0,31.0,146.0,72.0,5.0,500.0,5.0,730.0,10.0,1.3741818382673834,3.785410957666203
90.0,0.0,10.0,92.73100000000001,101.0,1.0,42.0,95.95000000000002,42.0,2.16,7.0,684.3,72.1,139.0,69.0,6.0,500.0,5.0,730.0,10.0,1.4648304747026872,2.3777396787853573
90.0,7.0,3.0,92.45135,101.0,1.0,73.0,180.94788,73.0,1.5,2.0,761.0,31.0,146.0,72.0,5.0,500.0,5.0,730.0,10.0,1.3879321538299736,2.8941808068018244
90.0,10.0,0.0,92.3315,101.0,1.0,73.0,180.94788,73.0,1.5,2.0,761.0,31.0,146.0,72.0,5.0,500.0,5.0,730.0,10.0,1.4112964344755912,2.871986570750597
90.0,0.0,10.0,92.73100000000001,101.0,1.0,13.0,26.981999999999996,13.0,1.61,1.0,577.5,41.8,118.0,53.0,3.0,500.0,5.0,730.0,10.0,1.5001627002999585,3.2244627966371313
90.0,0.0,10.0,92.73100000000001,101.0,1.0,13.0,26.981999999999996,13.0,1.61,1.0,577.5,41.8,118.0,53.0,3.0,500.0,5.0,750.0,10.0,1.500635978658085,2.991287015731101
90.0,0.0,10.0,92.73100000000001,101.0,1.0,13.0,26.981999999999996,13.0,1.61,1.0,577.5,41.8,118.0,53.0,3.0,500.0,5.0,770.0,10.0,1.4475188607096672,2.73943302123474
90.0,0.0,10.0,92.73100000000001,101.0,1.0,13.0,26.981999999999996,13.0,1.61,1.0,577.5,41.8,118.0,53.0,3.0,500.0,5.0,790.0,10.0,1.4004362971118984,3.2731500331427217
90.0,0.0,10.0,92.73100000000001,101.0,1.0,13.0,26.981999999999996,13.0,1.61,1.0,577.5,41.8,118.0,53.0,3.0,500.0,5.0,850.0,10.0,1.440038914058922,3.0370298196877417
90.0,0.0,10.0,92.73100000000001,101.0,1.0,73.0,180.94788,73.0,1.5,2.0,761.0,31.0,146.0,72.0,5.0,500.0,5.0,730.0,10.0,1.3804484076418866,4.005630518756633
90.0,0.0,10.0,92.73100000000001,101.0,1.0,73.0,180.94788,73.0,1.5,2.0,761.0,31.0,146.0,72.0,5.0,500.0,5.0,750.0,10.0,1.3836077241407383,3.9299296803839177
90.0,0.0,10.0,92.73100000000001,101.0,1.0,73.0,180.94788,73.0,1.5,2.0,761.0,31.0,146.0,72.0,5.0,500.0,5.0,770.0,10.0,1.3888434241429515,4.164683638133111
90.0,0.0,10.0,92.73100000000001,101.0,1.0,73.0,180.94788,73.0,1.5,2.0,761.0,31.0,146.0,72.0,5.0,500.0,5.0,790.0,10.0,1.3555670130049247,3.598625968000105
90.0,0.0,10.0,92.73100000000001,101.0,1.0,73.0,180.94788,73.0,1.5,2.0,761.0,31.0,146.0,72.0,5.0,500.0,5.0,850.0,10.0,1.384176162263085,4.290192388625802
84.0,6.0,10.0,92.5057,105.0,2.4317748159815364,38.27074639077697,88.25000013338003,38.2707463893692,1.2741280616114987,3.2669470859636656,605.8414181679544,32.7153379339087,183.93353256617704,94.6584621426586,3.3103712246876276,500.0,5.0,760.0,15.0,1.4327070764911511,4.170754540112308
84.0,6.0,10.0,92.5057,105.0,0.5,23.0,50.941500000000005,23.0,1.63,1.0,650.9,50.6,134.0,79.0,5.0,500.0,5.0,760.0,15.0,1.3838670022230648,3.8472361819729657
84.0,6.0,10.0,92.5057,105.0,1.0,23.0,50.941500000000005,23.0,1.63,1.0,650.9,50.6,134.0,79.0,5.0,500.0,5.0,760.0,15.0,1.3831796104837408,3.9027485536474367
84.0,6.0,10.0,92.5057,105.0,2.0,23.0,50.941500000000005,23.0,1.63,1.0,650.9,50.6,134.0,79.0,5.0,500.0,5.0,760.0,15.0,1.4055442401053655,3.979571524374697
94.0,0.0,6.0,92.7214,103.0,1.0365081097236348,48.09323877636999,116.1535299143648,48.09323877560095,1.9733049085017322,7.323868733521468,781.5409981806386,138.49052415950965,145.06373804306912,161.2088155160545,5.611882260073614,500.0,3.0,680.0,12.0,1.4901450844162878,2.398308202948018
94.0,0.0,6.0,92.7214,103.0,2.0,13.0,26.981999999999996,13.0,1.61,1.0,577.5,41.8,118.0,53.0,3.0,500.0,3.0,680.0,12.0,1.4476019926996693,3.0934876251402827
95.0,0.0,5.0,92.719,102.0,1.3159442896261577,22.270411741885663,48.35986121135003,22.270411742790728,1.5822812141875704,4.717759412380538,679.1037587757515,9.164408418623179,143.29731487462965,71.30127617984758,2.9722936041468597,450.0,4.0,740.0,12.0,1.6732985643835947,2.561243923731787
95.0,0.0,5.0,92.719,102.0,1.0,52.0,127.6,52.0,2.1,8.0,869.3,190.2,140.0,221.0,6.0,450.0,4.0,740.0,12.0,1.4787504096867223,2.496981299493695
95.0,0.0,5.0,92.719,102.0,3.545604137847145,18.67245062323824,41.302954748428164,18.67245062337995,3.20495598357211,1.4465624505762396,1323.6285377589616,257.60924813267496,93.21176930776987,126.3408968770606,2.632318443232369,450.0,4.0,740.0,12.0,1.3929151182036992,2.2196980191146394
95.0,0.0,5.0,92.719,102.0,1.0,52.0,127.6,52.0,2.1,8.0,869.3,190.2,140.0,221.0,6.0,450.0,4.0,740.0,12.0,1.4670205823923779,2.7720096061575106
85.0,5.0,10.0,92.54325,105.0,1.4329042667883487,21.37380017398445,46.443858897824846,21.373800165987955,1.5469778201787696,4.7514504303657645,660.0682026026415,7.661841448442442,146.58283864350992,74.00401233483198,2.9336954626677287,400.1600616192218,3.806326447388018,760.0,6.0,1.6738211047964915,2.6454283791827256
85.0,5.0,10.0,92.54325,105.0,1.0,74.0,183.84,74.0,2.36,5.0,770.0,78.6,139.0,66.0,6.0,499.26113401517455,4.025869035118276,760.0,6.0,1.3757824454441103,2.6319693867023206
85.0,5.0,10.0,92.54325,105.0,0.26845669826578317,5.147178131665382,10.922046883597147,5.147178131656202,2.0305026255892855,1.9700039838470114,793.4748163753208,26.700163759278244,88.28825933362621,27.837281192716656,2.9999999997577955,637.4688512656301,5.032611985871216,760.0,6.0,1.4973639304030841,3.84979471106755
85.0,5.0,10.0,92.54325,105.0,1.0,74.0,183.84,74.0,2.36,5.0,770.0,78.6,139.0,66.0,6.0,498.89406578669525,4.045864994032562,760.0,6.0,1.3635025570795918,2.5803830235536953
85.0,5.0,10.0,92.54325,105.0,3.1024377930352434,54.93857252865049,131.44299098446783,54.938572511892936,1.3112745490289357,6.29418898573022,572.4119898789484,29.202921713474872,176.41043566709055,103.97806874916067,3.6487820733728045,484.0992437287335,5.2731491805669855,760.0,6.0,1.4278226746036624,3.092642324393654
85.0,5.0,10.0,92.54325,105.0,1.0,74.0,183.84,74.0,2.36,5.0,770.0,78.6,139.0,66.0,6.0,499.9594881303269,4.000970737480532,760.0,6.0,1.3845262790896835,2.7865753431107265
100.0,0.0,0.0,92.70700000000001,105.0,1.0,12.0,24.304999999999996,12.0,1.31,3.0,737.7,0.0,145.0,72.0,2.0,500.0,12.0,700.0,6.0,1.6085256515022275,2.632308856315169
100.0,0.0,0.0,92.70700000000001,101.0,1.7,12.0,24.304999999999996,12.0,1.31,3.0,737.7,0.0,145.0,72.0,2.0,500.0,12.0,700.0,6.0,1.4520301620451102,2.78359873823333
100.0,0.0,0.0,92.70700000000001,101.0,3.0,12.0,24.304999999999996,12.0,1.31,3.0,737.7,0.0,145.0,72.0,2.0,500.0,12.0,700.0,6.0,1.4527772687835832,2.379811047662272
100.0,0.0,0.0,92.70700000000001,101.0,5.0,12.0,24.304999999999996,12.0,1.31,3.0,737.7,0.0,145.0,72.0,2.0,500.0,12.0,700.0,6.0,1.548547648366769,2.9628776220144815
100.0,0.0,0.0,92.70700000000001,101.0,1.9469051390311825,13.960186396618282,29.094053898657265,13.96018639740497,1.4335796467990722,2.389271008242397,677.1143158223184,15.91606030769543,135.6475133033406,65.53878448650505,2.4180838053347173,500.0,12.0,700.0,6.0,1.443492974612545,2.705559799427215
50.0,20.0,30.0,92.02799999999999,105.0,1.4233445714984674,16.235853976725195,34.63228498287981,16.235853976765394,1.64559109779147,1.4388298995278648,615.1236334883781,48.87209736657689,122.21655858130477,64.35184619767527,3.475654949146252,529.5527529511104,7.235196449922741,900.0,12.0,1.1895388467795305,4.850239794613134
50.0,20.0,30.0,92.02799999999999,105.0,0.01,13.0,26.981999999999996,13.0,1.61,1.0,577.5,41.8,118.0,53.0,3.0,508.631792509939,6.6555051244434384,900.0,12.0,1.2710276953003437,4.388164969190801
80.0,10.0,10.0,92.3555,105.0,3.0249198218979414,43.790122494609946,102.34076207049473,43.79012249365573,1.3531524041367986,5.20494366589182,637.7184368610198,39.81548191052985,165.68976587486947,87.81897380637723,3.919354337451897,450.0,5.0,800.0,15.0,1.4592595268282356,3.302181456739728
80.0,10.0,10.0,92.3555,105.0,1.8347113404173008,45.09343137971347,105.87378589468244,45.09343137809365,1.3721103918705697,5.151457664804275,640.1744821130427,39.16959634959366,168.20825728975598,89.01693514720333,3.820918988840251,450.0,5.0,800.0,15.0,1.4633221804567642,3.271862732190434
80.0,10.0,10.0,92.3555,105.0,2.463352661911978,46.11147938839158,108.41119968968961,46.11147938551833,1.298377342471801,4.577865494693074,615.6265423717098,34.435561915456105,177.48044726543256,95.44026522466608,3.495736677446816,450.0,5.0,800.0,15.0,1.4234659361996613,4.187762404301467
80.0,20.0,0.0,91.956,110.0,1.3765167590966734,38.66074638631457,87.51908386911424,38.660746386406196,1.6315097651479193,1.249189961511496,659.7132759379436,86.6191619445763,144.98334217020624,74.45648636254349,4.760106465341401,550.0,5.0,780.0,15.0,1.3297698926261488,5.0
80.0,20.0,0.0,91.956,110.0,0.5,41.0,92.90638,41.0,1.6,1.0,652.1,87.99999999999999,146.0,72.0,5.0,550.0,5.0,780.0,15.0,1.3591955067975938,5.0
80.0,20.0,0.0,91.956,110.0,1.0,41.0,92.90638,41.0,1.6,1.0,652.1,87.99999999999999,146.0,72.0,5.0,550.0,5.0,780.0,15.0,1.3585401060175626,5.0
80.0,20.0,0.0,91.956,110.0,1.5,41.0,92.90638,41.0,1.6,1.0,652.1,87.99999999999999,146.0,72.0,5.0,550.0,5.0,780.0,15.0,1.3304260812931572,5.0
80.0,20.0,0.0,91.956,110.0,1.1304427812212576,37.80699786469617,85.35332356750905,37.80699786493405,1.6487074480456023,1.178705016249182,663.2377727568836,79.79778608878287,144.56048352527904,75.36023999953892,4.743982174663877,550.0,5.0,780.0,15.0,1.3448795551444839,5.0
80.0,20.0,0.0,91.956,110.0,1.0,41.0,92.90638,41.0,1.6,1.0,652.1,87.99999999999999,146.0,72.0,5.0,550.0,5.0,780.0,15.0,1.3502677253085025,5.0
100.0,0.0,0.0,92.70700000000001,103.0,0.9965499249055134,42.582694981547974,96.20908601917209,42.58269496018299,1.6510469520773876,1.1893834750687198,676.8357471454225,93.75199917414747,143.0167022909593,75.30978349219292,5.2056296981741115,480.0,10.0,700.0,16.0,1.3744313114142725,2.842214964317944
100.0,0.0,0.0,92.70700000000001,103.0,1.0,41.0,92.90638,41.0,1.6,1.0,652.1,87.99999999999999,146.0,72.0,5.0,480.0,10.0,700.0,16.0,1.348401488611054,3.133166371316271
100.0,0.0,0.0,92.70700000000001,103.0,0.5614800200998261,41.02847030597559,93.19351927124642,41.028470306024246,1.595802752650136,0.9898850912820835,650.3515746177793,87.60991710834224,146.2600972607778,71.62636335467978,4.996043043092998,480.0,10.0,700.0,16.0,1.324356743479395,2.89671307586511
100.0,0.0,0.0,92.70700000000001,103.0,1.0,41.0,92.90638,41.0,1.6,1.0,652.1,87.99999999999999,146.0,72.0,5.0,480.0,10.0,700.0,16.0,1.3719376482334171,2.862428661998007
100.0,0.0,0.0,92.70700000000001,103.0,1.2102510385794298,40.98523205723511,92.89701630485844,40.985232056616994,1.5998436938668772,0.9980150151613418,652.062472260392,87.69154976339873,146.30026527788715,71.66218493612607,4.917118973175382,480.0,10.0,700.0,16.0,1.3457309929258514,3.1413992328352074
100.0,0.0,0.0,92.70700000000001,103.0,1.0,41.0,92.90638,41.0,1.6,1.0,652.1,87.99999999999999,146.0,72.0,5.0,480.0,10.0,700.0,16.0,1.3787738893981112,2.885885753215451
90.0,5.0,5.0,92.53125,101.0,3.5332668606909743,13.000000037252388,26.982000023911073,13.000000037252388,1.6099999999999624,1.0000000298446716,577.5000000000143,41.79999940596124,118.0000000132267,53.0000000000091,3.0000000009724754,499.1558773809692,7.3694597618582165,750.0,28.0,1.3995186559554853,2.486443598058908
90.0,5.0,5.0,92.53125,101.0,1.4097627795406966,42.05074040545978,96.90116060446321,42.05074041249322,2.0556542529546076,6.69306509790086,741.6493979978885,75.82136331534124,142.89410727806532,77.59982840075499,5.721146777248492,489.76040239917177,4.837950805587062,750.0,28.0,1.481522566036042,2.2524778245462302
90.0,5.0,5.0,92.53125,101.0,1.2893659803870083,42.04574485754274,97.00909799995763,42.04574486562077,2.057230267339068,6.74080325734755,734.1981732621325,75.41229341339015,143.86899981905282,78.89873274787762,5.702348750272966,486.35142746098916,4.777483139668469,750.0,28.0,1.4946919826672522,2.2362111554388027
90.0,5.0,5.0,92.53125,101.0,0.5,13.0,26.981999999999996,13.0,1.61,1.0,577.5,41.8,118.0,53.0,3.0,502.65750801732094,7.796026035046354,750.0,28.0,1.4195013940686747,2.365791913395278
90.0,5.0,5.0,92.53125,101.0,0.5,13.0,26.981999999999996,13.0,1.61,1.0,577.5,41.8,118.0,53.0,3.0,500.8380280948357,8.320053881492331,750.0,28.0,1.3708363813255149,2.3650149348316236
90.0,5.0,5.0,92.53125,101.0,1.0,13.0,26.981999999999996,13.0,1.61,1.0,577.5,41.8,118.0,53.0,3.0,498.70274821729913,7.885153485801548,750.0,28.0,1.4208654502516642,2.191908806201864
90.0,5.0,5.0,92.53125,101.0,1.0,13.0,26.981999999999996,13.0,1.61,1.0,577.5,41.8,118.0,53.0,3.0,496.28991440128635,8.02191870183579,750.0,28.0,1.4068509304826655,2.0996808786300263
90.0,5.0,5.0,92.53125,101.0,2.0,13.0,26.981999999999996,13.0,1.61,1.0,577.5,41.8,118.0,53.0,3.0,504.89016498250453,7.384655488929143,750.0,28.0,1.4448824955676935,2.277044032657468
90.0,5.0,5.0,92.53125,101.0,2.0,13.0,26.981999999999996,13.0,1.61,1.0,577.5,41.8,118.0,53.0,3.0,493.17430085840465,7.7154950942747345,750.0,28.0,1.421067146225524,2.336673303839689
90.0,5.0,5.0,92.53125,101.0,3.0,13.0,26.981999999999996,13.0,1.61,1.0,577.5,41.8,118.0,53.0,3.0,498.2672704326557,7.364318370372059,750.0,28.0,1.4319986002453269,2.469565481427361
90.0,5.0,5.0,92.53125,101.0,3.0,13.0,26.981999999999996,13.0,1.61,1.0,577.5,41.8,118.0,53.0,3.0,496.3708073875194,7.310453064645753,750.0,28.0,1.4162835940659795,2.327446326394705
90.0,5.0,5.0,92.53125,101.0,5.0,13.0,26.981999999999996,13.0,1.61,1.0,577.5,41.8,118.0,53.0,3.0,504.39603039450736,7.148531609077233,750.0,28.0,1.415017675738027,2.450729735619772
90.0,5.0,5.0,92.53125,101.0,5.0,13.0,26.981999999999996,13.0,1.61,1.0,577.5,41.8,118.0,53.0,3.0,499.86317017507207,7.229080019537775,750.0,28.0,1.4077008679326453,2.4026550344282382
100.0,0.0,0.0,92.70700000000001,101.0,2.0218933116524425,28.690518516446588,63.852208344822394,28.690518516532872,2.158854858634327,1.8223650529342619,856.7128738364045,144.64412529181223,125.0849489911626,86.98143704309513,2.8507327960290425,450.0,3.0,700.0,3.0,1.408346233700093,2.6655476284770026
100.0,0.0,0.0,92.70700000000001,101.0,2.0,29.0,63.54600000000001,29.0,1.9,2.0,745.5,119.0,128.0,73.0,2.0,450.0,3.0,700.0,3.0,1.386879190513873,3.066317144303377
80.0,10.0,10.0,92.3555,105.0,1.7231867594246362,48.24462194725186,114.3978209702675,48.24462194403488,1.3425916392902997,5.113700024939892,632.9908262635103,31.655397833569534,177.97615864030666,97.46914333425983,3.290660224384918,499.1061036621724,4.965281269970053,800.0,16.0,1.3757555542709274,5.0
80.0,10.0,10.0,92.3555,105.0,0.5,73.0,180.94788,73.0,1.5,2.0,761.0,31.0,146.0,72.0,5.0,496.15140185012126,5.020605544218009,800.0,16.0,1.3759323126144878,5.0
80.0,10.0,10.0,92.3555,105.0,0.7,73.0,180.94788,73.0,1.5,2.0,761.0,31.0,146.0,72.0,5.0,490.74393045938797,5.004129128019097,800.0,16.0,1.3750816030856108,5.0
80.0,10.0,10.0,92.3555,105.0,1.3,73.0,180.94788,73.0,1.5,2.0,761.0,31.0,146.0,72.0,5.0,499.9472437789717,4.999249262852714,800.0,16.0,1.374040633789217,5.0
80.0,10.0,10.0,92.3555,105.0,0.5,73.0,180.94788,73.0,1.5,2.0,761.0,31.0,146.0,72.0,5.0,495.5389911618826,5.022581001534902,800.0,16.0,1.3769618062116606,5.0
80.0,10.0,10.0,92.3555,105.0,0.7,73.0,180.94788,73.0,1.5,2.0,761.0,31.0,146.0,72.0,5.0,504.4256168034237,4.989994015789775,800.0,16.0,1.361384130586587,5.0
80.0,10.0,10.0,92.3555,100.0,0.7520652912012047,62.782256360043135,152.55040251263614,62.78225635656276,1.1418589854124728,6.489737947984926,606.5837563612197,5.830760458792335,209.3025263429558,101.68578133111312,3.1501284083342265,500.0,5.0,800.0,15.0,1.3886158129385984,3.4848622614804303
80.0,10.0,10.0,92.3555,100.0,5.0,11.0,22.99,11.0,0.93,1.0,495.8,52.8,186.0,102.0,1.0,500.0,5.0,800.0,15.0,1.530454667678426,4.370746126441201
80.0,10.0,10.0,92.3555,100.0,10.0,11.0,22.99,11.0,0.93,1.0,495.8,52.8,186.0,102.0,1.0,500.0,5.0,800.0,15.0,1.451537813610632,4.6802268070689514
80.0,10.0,10.0,92.3555,100.0,15.0,11.0,22.99,11.0,0.93,1.0,495.8,52.8,186.0,102.0,1.0,500.0,5.0,800.0,15.0,1.5976488516488683,4.430700674974562
88.0,4.0,8.0,92.57600000000001,103.0,2.5572479211046995,35.47271514666681,80.9604053540218,35.47271514576571,1.279498355977834,1.996609224653096,610.1948596616131,33.75583631852384,186.28162575887248,92.36293276251956,3.2836049502504263,500.0,5.0,750.0,12.0,1.4303512499470046,5.0
88.0,4.0,8.0,92.57600000000001,103.0,0.5,13.0,26.981999999999996,13.0,1.61,1.0,577.5,41.8,118.0,53.0,3.0,500.0,5.0,751.0,13.0,1.3823944126403895,5.0
88.0,4.0,8.0,92.57600000000001,103.0,0.5,11.0,22.99,11.0,0.93,1.0,495.8,52.8,186.0,102.0,1.0,500.0,5.0,752.0,14.0,1.5342895785946962,5.0
88.0,4.0,8.0,92.57600000000001,103.0,2.0217048683853887,49.53766005644365,118.07388220951445,49.537660053624656,1.2880650107783684,4.134531035981501,618.9282114048879,33.22713240421505,182.1457410242735,96.79344203824147,3.279822844431086,500.0,5.0,753.0,15.0,1.4317924450006458,5.0
94.0,0.0,6.0,92.7214,105.0,1.39925919097512,13.716422905682588,28.40009459728786,13.716422905758058,1.4717183629230814,2.4157528307235925,659.1916620905539,20.026210023665,132.95201551249883,64.14715956527962,2.695631768017801,640.0,15.0,680.0,15.0,1.4338618442114883,2.7925788412933006
94.0,0.0,6.0,92.7214,105.0,0.02,12.0,24.304999999999996,12.0,1.31,3.0,737.7,0.0,145.0,72.0,2.0,640.0,15.0,680.0,15.0,1.433237830721515,2.876144331217204
76.0,14.0,10.0,92.2053,105.0,1.5960443099012318,15.36354138419657,32.02026276801154,15.363541382744453,1.5655637101690871,1.7999497002389409,604.4540769714525,36.15392010498348,128.28473869516276,62.87992339062461,3.4142802543233564,500.0,10.0,750.0,20.0,1.3813921309443564,3.4469493094435153
76.0,14.0,10.0,92.2053,105.0,1.0,13.0,26.981999999999996,13.0,1.61,1.0,577.5,41.8,118.0,53.0,3.0,500.0,10.0,750.0,20.0,1.399442501290211,3.4511771519110863
70.0,15.0,15.0,92.17975,103.0,1.4736220231358332,15.987960411306076,34.273862572980114,15.987960410480166,1.5699694463990628,1.3755332237426998,629.1663676300465,43.16725579876021,125.45679897169676,62.08408155412744,3.3287148933833084,501.911179571768,7.058978032279901,820.0,12.0,1.351432463944191,3.7791757728813247
70.0,15.0,15.0,92.17975,103.0,1.6,13.0,26.981999999999996,13.0,1.61,1.0,577.5,41.8,118.0,53.0,3.0,517.4424889996151,6.810796200802988,820.0,12.0,1.2633718570630517,4.259789528034466
92.0,3.6,4.4,92.58238,101.0,1.759609797877365,30.462761384896346,68.56498755897881,30.462761385584844,2.1012256550300603,1.6361611206933766,830.1145276069024,129.22013212696163,130.7247878954326,88.35925111119946,3.5807173810064836,480.65814722217914,5.063684944368292,750.0,10.0,1.4030944308504691,2.0
92.0,3.6,4.4,92.58238,101.0,1.0,13.0,26.981999999999996,13.0,1.61,1.0,577.5,41.8,118.0,53.0,3.0,527.8236934261785,6.2886392915319025,750.0,10.0,1.4635315609959043,2.0
92.0,3.6,4.4,92.58238,101.0,1.0,41.0,92.90638,41.0,1.6,1.0,652.1,87.99999999999999,146.0,72.0,5.0,498.83967577778316,7.8045670918464625,770.0,10.0,1.300084689623268,2.0
92.0,3.6,4.4,92.58238,101.0,3.1562425043028735,15.449455653902488,33.91673540098854,15.449455654059976,3.4518048429169186,1.3443648370029035,1433.4074678298844,279.1174180643209,83.5492822936315,127.53398762224188,2.2516322394380657,519.9311548211961,6.13550478039988,770.0,10.0,1.404853836168784,2.0
85.0,5.0,10.0,92.54325,102.0,2.122404597664463,20.578245102808875,44.64997495150133,20.578245101765006,1.5235784597544686,4.55599574532602,663.2165621650965,7.655811273378573,147.164217101341,74.23941300070666,2.861576511701496,452.94920986771666,4.082001265216603,760.0,6.0,1.683608243346679,2.894694255985134
85.0,5.0,10.0,92.54325,102.0,5.0,60.0,144.24,60.0,1.14,7.0,533.1,0.0,181.0,98.0,3.0,483.69365624259785,5.272929060003755,760.0,6.0,1.4309079112136014,3.174508903404203
85.0,5.0,10.0,92.54325,102.0,5.0,38.99999999999999,88.90585,38.99999999999999,1.22,1.0,600.0,29.6,212.0,90.0,3.0,491.10708085369237,5.428504326615511,760.0,6.0,1.424843980583623,4.4928604622942805
90.0,10.0,0.0,92.3315,105.0,1.1939921273599177,41.035263573462395,92.99307009515178,41.03526357342254,1.600515380495514,1.003841796744219,652.3831849294693,88.32459137618534,146.00279872658476,72.00162026751428,4.986459165900908,534.5726615791252,7.284276911595274,770.0,20.0,1.3493152964885882,3.7846619085828435
90.0,10.0,0.0,92.3315,105.0,0.5,41.0,92.90638,41.0,1.6,1.0,652.1,87.99999999999999,146.0,72.0,5.0,520.1905683865112,8.217108893069105,770.0,20.0,1.3464726858515677,3.1735842156976424
90.0,10.0,0.0,92.3315,105.0,1.0,41.0,92.90638,41.0,1.6,1.0,652.1,87.99999999999999,146.0,72.0,5.0,519.9047150124273,7.133409314967966,770.0,20.0,1.3517896769776216,3.8369287147965685
90.0,10.0,0.0,92.3315,105.0,2.0,41.0,92.90638,41.0,1.6,1.0,652.1,87.99999999999999,146.0,72.0,5.0,492.51813010696804,8.255386867759782,770.0,20.0,1.3668472485176466,3.266777254796441
80.0,10.0,10.0,92.3555,105.0,1.7190815753395814,53.765537483648835,129.40497899271566,53.765537478865724,1.45302213636283,6.114299302969527,646.3197163486233,43.7226430411341,179.6323755085128,108.74942109296339,3.8408667004649386,450.0,5.0,775.0,15.0,1.4295024656077442,2.0
80.0,10.0,10.0,92.3555,105.0,5.0,35.0,79.904,35.0,2.96,2.0,1139.9,324.6,120.0,196.0,7.0,450.0,5.0,775.0,15.0,1.3917585849956866,2.0
80.0,10.0,10.0,92.3555,105.0,5.0,17.0,35.453,17.0,3.16,2.0,1251.2,348.7,99.0,181.0,7.0,450.0,5.0,775.0,15.0,1.3979419914411642,2.0
80.0,10.0,10.0,92.3555,105.0,5.0,9.0,18.998,9.0,3.98,1.0,1681.0,328.0,64.0,133.0,1.0,450.0,5.0,775.0,15.0,1.4344637802170375,2.0
92.5,3.0,4.5,92.60515,105.0,2.3584101016981838,29.161509861225685,64.93363195782162,29.16150985047362,1.8192954098741436,1.5500064677025267,731.1995954843356,85.03587546690521,142.4394876346352,84.33747546205755,3.7570206144336082,488.47136978400346,5.278516433263047,750.0,15.0,1.4157509054841837,3.2000689678017884
92.5,3.0,4.5,92.60515,105.0,0.4,41.0,92.90638,41.0,1.6,1.0,652.1,87.99999999999999,146.0,72.0,5.0,480.44893828220734,8.058085516201357,750.0,15.0,1.367937081584787,3.0658387767298723
92.5,3.0,4.5,92.60515,105.0,2.0,9.0,18.998,9.0,3.98,1.0,1681.0,328.0,64.0,133.0,1.0,532.0683674199553,6.1776087344269754,750.0,15.0,1.4291276273886129,2.5128908302411457
92.5,3.0,4.5,92.60515,105.0,1.2758312893797394,11.956872756955812,24.080713407584177,11.956873359349185,1.296485056427503,3.0174973876662685,737.6451442164868,-0.11591640025231645,145.11034991783063,72.00805524386924,1.9883695317657302,480.6570157847893,4.0966202482390655,750.0,15.0,1.904394190762154,2.6425008596871873
83.0,5.0,12.0,92.54805,101.0,2.468206372564811,52.30111758523258,124.24783769080062,52.30111757824419,1.324974513009994,5.897105408680728,626.2250747843048,31.621783614539886,182.1532522393821,103.94171081045215,3.670425614061246,486.98875149370195,5.6769229531705845,760.0,12.0,1.4199486644259005,3.237156173545827
83.0,5.0,12.0,92.54805,101.0,0.5,40.0,91.22399999999999,40.0,1.33,5.0,640.1,41.1,160.0,86.0,4.0,477.3723730652931,4.858975917793948,760.0,12.0,1.4632101292728938,3.1483599248468015
83.0,5.0,12.0,92.54805,101.0,1.0,40.0,91.22399999999999,40.0,1.33,5.0,640.1,41.1,160.0,86.0,4.0,497.0377485878614,5.637064307635636,760.0,12.0,1.4751711135572128,3.007574903167635
83.0,5.0,12.0,92.54805,101.0,5.0,40.0,91.22399999999999,40.0,1.33,5.0,640.1,41.1,160.0,86.0,4.0,488.5409984310679,5.0762677393691975,760.0,12.0,1.4592024254341893,3.384587918926509
80.0,10.0,10.0,92.3555,105.0,3.5898670726826656,36.763483887389754,84.08230905457596,36.76348387960832,1.1071415772647417,2.5167747923738406,575.8305707028479,19.612895314707234,207.74883891509114,108.22729247424073,2.6266807468851368,486.03567491164233,5.513885882493887,600.0,5.0,1.429435829479785,4.423154007077857
80.0,10.0,10.0,92.3555,105.0,3.0,38.0,87.62,38.0,0.95,4.0,549.5,5.03,219.0,132.0,2.0,490.0478591714722,5.3693082845571585,600.0,5.0,1.422915761824229,4.264750726495415
80.0,10.0,10.0,92.3555,105.0,3.7232811163046144,36.80352922131928,84.12823153979741,36.8035292164398,1.1501363291168611,2.664353954588667,589.1962799822588,23.33485281012006,206.55637698730288,106.92966399952125,2.651358614580124,485.72148966804923,5.55832261672433,600.0,5.0,1.4243224375414842,4.464795322709525
80.0,10.0,10.0,92.3555,105.0,3.0,38.0,87.62,38.0,0.95,4.0,549.5,5.03,219.0,132.0,2.0,489.4923630364001,5.435579035459215,600.0,5.0,1.4258670203989716,4.364419920605976
80.0,10.0,10.0,92.3555,105.0,2.264259697226991,38.796315153809445,89.08887630593055,38.79631515275642,1.2264583074705318,2.1416004105403195,600.0010789358679,30.518915561457085,198.83618527423442,91.35180650625361,3.1510159885146267,480.0,6.0,750.0,15.0,1.4361890409635223,4.2005132742720095
80.0,10.0,10.0,92.3555,105.0,0.5,41.0,92.90638,41.0,1.6,1.0,652.1,87.99999999999999,146.0,72.0,5.0,480.0,6.0,750.0,15.0,1.3581985526896365,3.5120446222925406
80.0,10.0,10.0,92.3555,105.0,1.0,41.0,92.90638,41.0,1.6,1.0,652.1,87.99999999999999,146.0,72.0,5.0,480.0,6.0,750.0,15.0,1.367718546544406,3.628610969381553
80.0,10.0,10.0,92.3555,105.0,3.0,41.0,92.90638,41.0,1.6,1.0,652.1,87.99999999999999,146.0,72.0,5.0,480.0,6.0,750.0,15.0,1.3757300603493134,3.563498449537303
83.0,6.0,11.0,92.5081,105.0,2.7915463115681365,21.113383593901364,45.750076251453216,21.11338359637639,1.522333523972645,4.828277739242335,658.7888424735667,6.922219163769924,146.9373509103647,74.05166753503282,2.9012384876724817,500.0,4.0,750.0,12.0,1.6831525728495327,3.0
83.0,6.0,11.0,92.5081,105.0,0.5,42.0,95.95000000000002,42.0,2.16,7.0,684.3,72.1,139.0,69.0,6.0,500.0,4.0,750.0,12.0,1.476057868259178,3.0
83.0,6.0,11.0,92.5081,105.0,0.5,9.0,18.998,9.0,3.98,1.0,1681.0,328.0,64.0,133.0,1.0,500.0,4.0,750.0,12.0,1.3871961454287902,3.0
83.0,6.0,11.0,92.5081,105.0,1.1528856243137775,48.41589379678436,115.56740196764284,48.41589379562657,1.9345228842236881,6.987210409193722,804.8042180130067,111.9995404339581,146.57764555283606,135.53976296570835,5.354644721588347,500.0,4.0,750.0,12.0,1.4686489068264934,3.0
88.0,9.5,2.5,92.356275,105.0,1.3719003035135964,43.49411668058794,102.27762477412135,43.4941166950046,2.0023178318912365,6.482191883756308,742.876478699797,97.93442146114963,141.49781525623516,120.28295585698817,5.171293816857463,472.25983430046114,4.6550405994230735,760.0,16.0,1.4824091755076398,2.275822106138032
88.0,9.5,2.5,92.356275,105.0,1.0,13.0,26.981999999999996,13.0,1.61,1.0,577.5,41.8,118.0,53.0,3.0,511.2833992964687,6.292743643767107,760.0,16.0,1.4383788177307653,2.577508662257677
88.0,9.5,2.5,92.356275,105.0,2.0,13.0,26.981999999999996,13.0,1.61,1.0,577.5,41.8,118.0,53.0,3.0,505.05629096703115,7.4924130967390745,760.0,16.0,1.4611307944542313,2.309150635969032
88.0,9.5,2.5,92.356275,105.0,3.0,13.0,26.981999999999996,13.0,1.61,1.0,577.5,41.8,118.0,53.0,3.0,500.0256994072572,6.314198005805005,760.0,16.0,1.450839032553831,2.187954948118816
80.0,10.0,10.0,92.3555,105.0,8.244786420883187,15.957791549090386,34.281282756246085,15.957791549023938,1.0093005989780548,1.6326462682979093,518.0325821526698,44.17030180295597,197.871738931282,107.51894715082011,1.393228709199159,500.0,6.0,850.0,12.0,1.459852163297311,5.0
80.0,10.0,10.0,92.3555,105.0,4.744561100351361,20.205108043267188,43.678298478618,20.205108043002117,1.0488376801935098,1.5450737077469379,512.592850234708,44.230706317417095,186.07798706555155,102.9956771099838,2.1487633986095105,500.0,6.0,850.0,12.0,1.4675996539833271,5.0
80.0,10.0,10.0,92.3555,105.0,3.279281042302287,32.47450175129579,73.45715002345491,32.47450175116866,1.2531253947565903,1.6240491391730596,585.0042747177416,33.392324236128474,191.73333617406047,93.31762502981199,2.947757123067513,450.0,6.0,750.0,15.0,1.4255791788079037,4.475866322708498
80.0,10.0,10.0,92.3555,105.0,5.346844882710342,23.394395454795077,51.37201771120595,23.394395454345034,1.1042113473610236,1.8058859610914157,535.7818746120948,34.61496067144424,190.08686013770688,103.58567011902736,2.24126974816245,450.0,6.0,750.0,15.0,1.4569012568628188,4.578830080596032
80.0,10.0,10.0,92.3555,105.0,2.079703808648039,29.10636469492232,65.1267348600962,29.106364697860815,1.624277354914301,1.4142417612751204,695.1834042810995,58.879478061608324,151.9611027889893,82.57887038269625,4.038603210613505,450.0,6.0,750.0,15.0,1.4063696973164002,3.8587141824424593
80.0,10.0,10.0,92.3555,105.0,7.969863955341111,18.952000226225156,41.29940099030523,18.95200022622071,1.0621601808878933,1.56105164868475,527.9757709381406,40.79993305824563,188.49205025537375,102.94773526154519,1.8356457326837738,450.0,6.0,750.0,15.0,1.4599293306436238,4.6616375982344
92.0,4.0,4.0,92.5664,100.0,0.8498443054212418,47.08460275949856,113.53924040555461,47.08460276129458,2.034464024897264,7.291356639638902,776.2218513922784,139.31817994860154,142.48227372285487,164.17941313723526,5.656707296403798,482.6288104558528,4.434314719247486,780.0,10.0,1.4751401287643535,2.508313350686617
92.0,4.0,4.0,92.5664,100.0,1.0,74.0,183.84,74.0,2.36,5.0,770.0,78.6,139.0,66.0,6.0,500.5209960195366,4.035135350683888,780.0,10.0,1.381344086156922,2.660010875064534
92.0,4.0,4.0,92.5664,100.0,2.0,74.0,183.84,74.0,2.36,5.0,770.0,78.6,139.0,66.0,6.0,500.2453770832118,4.010441727012301,780.0,10.0,1.3682285889153556,2.755912861602474
92.0,4.0,4.0,92.5664,100.0,0.5,74.0,183.84,74.0,2.36,5.0,770.0,78.6,139.0,66.0,6.0,499.9608722197689,4.0449106639911605,780.0,10.0,1.3642705205946528,2.6452867470097132
92.0,4.0,4.0,92.5664,100.0,0.25,74.0,183.84,74.0,2.36,5.0,770.0,78.6,139.0,66.0,6.0,497.7642174371749,4.047529078772686,780.0,10.0,1.375563368408366,2.4195244804093763
90.0,5.0,5.0,92.53125,105.0,4.061764760080138,22.179676396373196,48.77423513122308,22.179676396517525,3.080208006845228,1.6293881850615952,1241.3855931901035,291.6102006880545,100.48912661062887,157.16575218117788,5.1913359821821015,450.0,5.0,850.0,12.0,1.4188641629693781,2.189496009472299
90.0,5.0,5.0,92.53125,105.0,1.0,12.0,24.304999999999996,12.0,1.31,3.0,737.7,0.0,145.0,72.0,2.0,450.0,5.0,850.0,12.0,1.794114773986854,2.6816413031594193
90.0,5.0,5.0,92.53125,105.0,3.0,12.0,24.304999999999996,12.0,1.31,3.0,737.7,0.0,145.0,72.0,2.0,450.0,5.0,850.0,12.0,1.7283517865331721,2.625817562081203
90.0,5.0,5.0,92.53125,105.0,5.0,12.0,24.304999999999996,12.0,1.31,3.0,737.7,0.0,145.0,72.0,2.0,450.0,5.0,850.0,12.0,1.702842827043996,2.9676736069855907
92.0,6.0,2.0,92.4865,105.0,1.0,12.0,24.304999999999996,12.0,1.31,3.0,737.7,0.0,145.0,72.0,2.0,480.0,5.0,730.0,15.0,1.8523062901710725,2.0
92.0,6.0,2.0,92.4865,105.0,1.5776236695133856,41.16806856678555,95.7354104697119,41.16806857531748,1.8281494880508595,6.250082963047755,716.9298295661581,74.61693782303368,149.65684828335662,99.70539100179182,4.994719621356984,480.0,5.0,730.0,15.0,1.491673543383978,2.0
92.0,6.0,2.0,92.4865,105.0,1.77971527166202,31.49751910715413,70.9189070186958,31.49751910519723,1.9681333088150836,1.4985965947874962,784.3173739830353,117.1129529925569,137.4182938690315,85.56643351076845,3.797989663331621,480.0,5.0,730.0,15.0,1.402433517703488,2.0
92.0,6.0,2.0,92.4865,105.0,3.1822988706939466,19.31307353436742,43.110512156999434,19.313073534274437,3.205865355858618,1.515711774084855,1334.0581216651606,255.0902789517742,95.50237468439822,118.26295935096063,2.439442596308791,480.0,5.0,730.0,15.0,1.4061056140062465,2.0
90.0,10.0,0.0,92.3315,103.0,1.4305753026475183,35.84368105522128,80.74873118285585,35.8436810557278,1.6936705610617564,1.370099823937051,678.301448837986,79.89609212607591,144.3149219867016,77.45155490008214,4.345898582009132,510.77923531027085,5.119984370796129,730.0,12.0,1.3664133832822025,4.188839675154009
90.0,10.0,0.0,92.3315,103.0,1.0,12.0,24.304999999999996,12.0,1.31,3.0,737.7,0.0,145.0,72.0,2.0,483.3690782043077,4.845189912330872,730.0,12.0,1.8734502843369272,2.5045368900605327
90.0,10.0,0.0,92.3315,103.0,1.0,26.0,55.845000000000006,26.0,1.83,4.0,762.5,15.7,126.0,64.0,3.0,490.18738988064524,4.723327437651745,730.0,12.0,1.7063435197758174,2.5511106874687246
90.0,10.0,0.0,92.3315,103.0,3.9984711060527602,20.58489802919043,45.32059738149645,20.584898029485174,3.092483733116089,1.6955596631791234,1254.0463966095595,267.8213893316193,99.21798926771854,141.93580756040717,4.012763746843576,475.1449644047919,5.331439261324109,730.0,12.0,1.4247694742165546,2.052646137234547
18.75,62.5,18.75,90.405125,116.0,2.5,13.0,26.981999999999996,13.0,1.61,1.0,577.5,41.8,118.0,53.0,3.0,521.1180597223081,6.920598589554994,900.0,8.0,0.9837226654587586,6.318005016079944
18.75,62.5,18.75,90.405125,116.0,1.528488188250374,19.493448130560893,42.34230912956255,19.49344813049072,1.7376410638199846,2.0909792161070713,676.0318064817965,60.17050710331079,123.25448070077783,79.14220026862297,3.78543419713054,506.3734642546827,6.580219057572623,900.0,8.0,0.8490820480450345,7.099342549632267
18.75,62.5,18.75,90.405125,116.0,1.1230631715008441,21.460531541556925,47.08522746618387,21.460531541451918,1.6925344067362649,2.1196937017827127,670.3843573188301,62.17030285144899,129.7619858717839,84.85340238839333,4.2770266219346915,499.1985324969061,6.322311843489393,900.0,8.0,0.6910862931220842,8.158870329286156
18.75,62.5,18.75,90.405125,116.0,1.6419504828300635,18.387607622614112,39.62775468078054,18.387607622396757,1.7201394799968786,2.083579503269951,656.9630707846901,56.76445288403248,122.76894436187597,73.62347494345242,3.759730253516769,536.3793914473162,7.347808717628694,900.0,8.0,0.9576772572728869,6.3882504210981415
80.0,15.0,5.0,92.15575,106.0,1.4498643729571865,33.98481240820456,76.60879934036798,33.98481240844199,1.693311573624575,1.398648867013444,675.8150859517367,77.48844241115499,144.29539709624842,76.63873825238146,4.184875516104768,480.0,5.0,800.0,15.0,1.3662278565560242,3.8670781733994772
80.0,15.0,5.0,92.15575,106.0,1.0,12.0,24.304999999999996,12.0,1.31,3.0,737.7,0.0,145.0,72.0,2.0,480.0,5.0,800.0,15.0,1.854281091546095,2.8522495660764773
80.0,15.0,5.0,92.15575,106.0,2.0,12.0,24.304999999999996,12.0,1.31,3.0,737.7,0.0,145.0,72.0,2.0,480.0,5.0,800.0,15.0,1.8143277012806986,2.878023358934943
80.0,15.0,5.0,92.15575,106.0,3.0,12.0,24.304999999999996,12.0,1.31,3.0,737.7,0.0,145.0,72.0,2.0,480.0,5.0,800.0,15.0,1.802595728307171,2.8811068338044055
80.0,15.0,5.0,92.15575,106.0,1.191829649425121,27.60774276518011,61.48956856782338,27.60774276468333,1.6132981208730228,1.0648800988819367,650.0673285637787,56.775221692415364,138.88836916219512,78.73658989887035,4.742854072560945,480.0,5.0,800.0,15.0,1.4034300937285131,3.9445374442476138
80.0,15.0,5.0,92.15575,106.0,1.4075178228195524,33.60123864499712,75.62412957270982,33.60123864651084,1.6824257248218302,1.4074620811649414,679.2747042427479,69.95829503869147,148.93586863355398,78.41878808990654,4.18815851020714,480.0,5.0,800.0,15.0,1.3798564244975653,3.822322142256773
80.0,15.0,5.0,92.15575,106.0,2.0865728245041475,31.372035359430036,70.38603294978809,31.372035361432964,1.681719152239288,1.562129094884254,688.1934375832825,74.52632423220743,150.51354217984408,83.15039062156539,3.8443879181517717,480.0,5.0,800.0,15.0,1.4079974718431205,3.6379881429797023
80.0,15.0,5.0,92.15575,106.0,2.0,12.0,24.304999999999996,12.0,1.31,3.0,737.7,0.0,145.0,72.0,2.0,480.0,5.0,800.0,15.0,1.836929101819167,2.868069299214837
80.0,15.0,5.0,92.15575,106.0,2.0,12.0,24.304999999999996,12.0,1.31,3.0,737.7,0.0,145.0,72.0,2.0,480.0,5.0,800.0,15.0,1.8143533298859102,2.863742436683014
80.0,15.0,5.0,92.15575,106.0,2.0,12.0,24.304999999999996,12.0,1.31,3.0,737.7,0.0,145.0,72.0,2.0,480.0,5.0,800.0,15.0,1.810041117869561,2.881296073846553
92.0,4.0,4.0,92.5664,104.0,0.7612959194863733,40.88269207451731,93.91032185792179,40.88269207790596,1.581801735786658,5.632298945146947,649.052827798486,51.20825975045518,157.71015030057768,84.57695768580585,4.589709106304128,498.13070348472036,4.710564471679172,745.0,15.0,1.4694083739510213,2.8782535236724267
92.0,4.0,4.0,92.5664,104.0,0.1,73.0,180.94788,73.0,1.5,2.0,761.0,31.0,146.0,72.0,5.0,494.92759061713855,5.071566789657978,745.0,15.0,1.3892778018603755,3.3453920935125403
92.0,4.0,4.0,92.5664,104.0,0.2,73.0,180.94788,73.0,1.5,2.0,761.0,31.0,146.0,72.0,5.0,505.0119117049023,5.028877606373073,745.0,15.0,1.382711343054062,3.4265340717033648
92.0,4.0,4.0,92.5664,104.0,0.3,73.0,180.94788,73.0,1.5,2.0,761.0,31.0,146.0,72.0,5.0,493.9602739156701,5.058463222770967,745.0,15.0,1.3900593581034046,3.2872765965888915
92.0,4.0,4.0,92.5664,104.0,3.6389056361584724,15.567744224379526,33.70512690350409,15.567744224226942,3.398346687503219,1.202133613377363,1404.3607933662242,278.4363682740519,82.34151351547479,133.07695896892895,2.715875293759066,546.065575905054,6.40701373747161,745.0,15.0,1.423149804644328,2.239786003150347
92.0,4.0,4.0,92.5664,104.0,0.1,73.0,180.94788,73.0,1.5,2.0,761.0,31.0,146.0,72.0,5.0,497.6970007059723,5.059314087692542,745.0,15.0,1.38839589048002,3.2912852973741775
92.0,4.0,4.0,92.5664,104.0,0.2,73.0,180.94788,73.0,1.5,2.0,761.0,31.0,146.0,72.0,5.0,499.2986079973416,5.032494107466562,745.0,15.0,1.369458063503482,3.0999624767002256
92.0,4.0,4.0,92.5664,104.0,0.3,73.0,180.94788,73.0,1.5,2.0,761.0,31.0,146.0,72.0,5.0,492.93445497954264,5.082482075741663,745.0,15.0,1.3931365521866605,3.3810511902350155
92.0,4.0,4.0,92.5664,104.0,4.431206482711493,23.46979953246951,51.81872395604829,23.469799532640543,3.014901466889321,1.8430669493435416,1195.7723389769758,303.68330688489505,107.03258903870798,165.7078846619216,5.602715361606905,455.6568832082608,5.036804864175883,745.0,15.0,1.40476179349153,2.1011452980085648
92.0,4.0,4.0,92.5664,104.0,0.1,73.0,180.94788,73.0,1.5,2.0,761.0,31.0,146.0,72.0,5.0,497.02030444243354,5.00050293654859,745.0,15.0,1.342546495890109,3.8070732410103645
92.0,4.0,4.0,92.5664,104.0,0.2,73.0,180.94788,73.0,1.5,2.0,761.0,31.0,146.0,72.0,5.0,499.70229337317414,5.015857676640733,745.0,15.0,1.3707259013536175,3.1777560478610942
92.0,4.0,4.0,92.5664,104.0,0.3,73.0,180.94788,73.0,1.5,2.0,761.0,31.0,146.0,72.0,5.0,504.49042407850936,5.034261515312292,745.0,15.0,1.3703443372885,3.31958374721915
95.0,5.0,0.0,92.51925,105.0,2.57282642708577,25.082480812254406,56.25373418263766,25.082480812776595,2.6440385639177864,1.6475296899511467,1068.951041750665,197.59182751881306,112.89359706689905,110.21269534896254,3.322333469938822,489.99999999999994,5.0,680.0,12.0,1.4091542160882673,2.5153378657163303
100.0,0.0,0.0,92.70700000000001,105.0,0.05,12.0,24.304999999999996,12.0,1.31,3.0,737.7,0.0,145.0,72.0,2.0,489.99999999999994,5.0,680.0,12.0,1.8182538967105493,2.596628736493876
95.0,0.0,5.0,92.719,105.0,3.5354087361282236,17.046805981582157,37.656107493664805,17.046805981733513,3.360174183184883,1.4242933510604534,1395.6858800715113,273.1162153675409,88.34459426853337,132.32031469527888,2.371350490372902,489.99999999999994,5.0,680.0,12.0,1.3993255945390308,2.175400589259576
83.0,6.0,11.0,92.5081,105.0,3.3219668925336667,32.916021382274806,74.76982559050315,32.91602138236122,1.204460513299396,2.4613769080720056,567.0830089276104,28.441567808836112,190.75554580818581,102.2631488328707,2.8046674655684365,500.0,5.0,750.0,15.0,1.4534281606607908,4.367527024430947
83.0,6.0,11.0,92.5081,105.0,4.459896106155402,28.211835208923034,62.99839263760976,28.211835205807798,1.1847721092961958,2.060046290030989,589.2166255585802,30.416577640984947,192.76604524183497,102.77770211885598,2.5023973067332137,500.0,5.0,750.0,15.0,1.4480666891659857,4.4037591904992786
83.0,6.0,11.0,92.5081,105.0,0.5,22.0,47.867,22.0,1.54,5.0,658.8,7.6,147.0,74.0,3.0,500.0,5.0,750.0,15.0,1.6774160104412073,2.6817745506161765
83.0,6.0,11.0,92.5081,105.0,2.655054743721625,39.899476662518055,91.85457224036077,39.89947666132202,1.3115183890740916,3.773219469763516,637.329839345129,37.90354217329246,175.02536421817845,91.50484152097819,3.573287792185377,500.0,5.0,750.0,15.0,1.4711151765203565,3.5366785585914897
100.0,0.0,0.0,92.70700000000001,105.0,2.0736743994746303,28.960435162307668,64.75906572131794,28.96043516309745,2.2217092163152157,1.5874401992454596,884.6501082020678,147.94412162543873,123.85903337351729,93.02480873969444,3.441203149293458,500.0,5.0,750.0,18.0,1.3725590243731896,2.5902306315226937
100.0,0.0,0.0,92.70700000000001,105.0,5.0,22.0,47.867,22.0,1.54,5.0,658.8,7.6,147.0,74.0,3.0,500.0,5.0,750.0,18.0,1.696544625545899,2.5582632308408204
100.0,0.0,0.0,92.70700000000001,105.0,2.067084139287105,28.633455669814275,64.15693616321126,28.63345567046437,2.275546014279863,1.6173790351085477,907.9770415777781,157.34937070387477,123.61970975847107,94.88894453567852,3.433967102263548,500.0,5.0,750.0,18.0,1.424462784848137,2.5682536209852254
100.0,0.0,0.0,92.70700000000001,105.0,5.0,13.0,26.981999999999996,13.0,1.61,1.0,577.5,41.8,118.0,53.0,3.0,500.0,5.0,750.0,18.0,1.4383076265614534,2.134793067168272
67.5,16.25,16.25,92.1358125,120.0,1.2585423121210089,15.095825577255914,31.86978393173598,15.095825577394246,1.557737933902968,1.1093668748740317,596.0852028926541,38.40471154851232,126.56252307844099,60.55169277649851,3.175948494987779,450.0,5.0,900.0,12.0,1.3205069015121553,4.052318118586855
67.5,16.25,16.25,92.1358125,120.0,0.003,70.0,173.04,70.0,1.1,7.0,603.4,0.0,222.0,102.0,3.0,450.0,5.0,900.0,12.0,1.345710705469638,3.8292554486867147
67.5,16.25,16.25,92.1358125,120.0,0.05,70.0,173.04,70.0,1.1,7.0,603.4,0.0,222.0,102.0,3.0,450.0,5.0,900.0,12.0,1.296905404112396,3.9929526909134476
25.0,75.0,0.0,89.89075,120.0,0.3605928193702802,24.648788566260283,54.135850856640396,24.648788566343583,2.141974040350244,3.826704173668819,876.4951447296424,111.19940489752143,121.59908518301187,128.27195649454708,4.645861429536909,450.0,5.0,900.0,15.0,0.7936457632455728,7.553503153354638
25.0,75.0,0.0,89.89075,120.0,0.03,16.0,32.065,16.0,2.58,4.0,999.6,200.4,104.0,184.0,6.0,450.0,5.0,900.0,15.0,0.7832001345478804,7.6932005849974905
25.0,75.0,0.0,89.89075,120.0,0.03,48.0,112.41,48.0,1.69,8.0,867.7999999999998,0.0,161.0,95.0,2.0,450.0,5.0,900.0,15.0,1.0178515206700471,6.161874033120601
25.0,75.0,0.0,89.89075,120.0,0.7169543157342589,29.396885320384765,66.20697243341368,29.39688532034908,1.9136109787326967,4.406914318603741,818.0501710053394,75.91954503942304,133.77676776432622,111.24165289705847,3.8873775785142572,450.0,5.0,900.0,15.0,0.8470354837103485,7.205516195252129
25.0,75.0,0.0,89.89075,120.0,0.8946997615068786,25.037807934671214,55.45342526747387,25.03780793450051,1.9117094440640385,3.460913106053092,779.3338414028925,87.39080448112013,127.51108136840602,109.34576261242447,4.235691932584609,450.0,5.0,900.0,15.0,0.7939606504187748,7.49261908561923
25.0,75.0,0.0,89.89075,120.0,0.26088800617577057,29.05176422792,65.28778026232753,29.051764227826347,1.9235163171511398,3.9170985983878865,830.0500581453356,84.41721643601545,135.05132625183833,113.36881067504049,4.147861250937567,450.0,5.0,900.0,15.0,0.8107079694490488,7.492093823266304
95.0,2.0,3.0,92.6391,101.0,1.0,13.0,26.981999999999996,13.0,1.61,1.0,577.5,41.8,118.0,53.0,3.0,527.4319361264426,8.174775196823484,680.0,10.0,1.4711870954799506,2.3915399996346567
95.0,2.0,3.0,92.6391,101.0,1.0,13.0,26.981999999999996,13.0,1.61,1.0,577.5,41.8,118.0,53.0,3.0,501.5856913522087,7.370202340973793,700.0,10.0,1.442957282507194,2.3154500508966938
95.0,2.0,3.0,92.6391,101.0,1.0,13.0,26.981999999999996,13.0,1.61,1.0,577.5,41.8,118.0,53.0,3.0,506.03374253364694,7.437635100993074,730.0,10.0,1.4575238873450633,2.236284968628934
95.0,2.0,3.0,92.6391,101.0,1.0,13.0,26.981999999999996,13.0,1.61,1.0,577.5,41.8,118.0,53.0,3.0,509.07388278698284,6.07714183373914,750.0,10.0,1.3877526088466838,2.6982376518585287
95.0,2.0,3.0,92.6391,101.0,0.6330671270905792,40.01372287712203,91.44670610094892,40.01372287749846,1.6818648520534982,1.1451898850439173,678.6824496371511,90.63106526188629,145.68408316980813,72.01580363879869,4.772206824756365,493.2264819085417,7.361134052410704,700.0,10.0,1.3695944637477457,2.9371211074771897
95.0,2.0,3.0,92.6391,101.0,1.9165908289869524,29.63154346300396,65.9407803889269,29.631543463183124,2.0775983927767276,1.814684373806174,824.4366159209482,132.10056406806584,129.32041078214323,86.24397588521737,3.3623177884747384,456.4315546330156,4.53776669922247,730.0,10.0,1.395351921147939,2.7276662124751283
95.0,2.0,3.0,92.6391,101.0,3.6983560883805118,15.599773656130505,33.72573176203731,15.599773655885398,3.3808642386534817,1.202911411343231,1392.2900764720434,276.6701745269556,82.28945214570747,133.98702338426867,3.240520024266614,562.3773328567687,6.925168106520657,750.0,10.0,1.3778092127439803,2.239275165982941
95.0,2.0,3.0,92.6391,101.0,3.093577781680828,20.885681559076154,45.736038500802884,20.885681559183833,2.8715236597331293,1.403654243871144,1166.875289211503,219.02570829465333,99.32822040462108,119.55384988439727,3.058390003077667,478.38171357226446,4.821271473805409,770.0,10.0,1.4173077010025632,2.2322757900976598
95.0,2.0,3.0,92.6391,101.0,3.228795784054877,20.712009472887654,45.37673659856644,20.712009472941798,2.921704680898161,1.418099178725684,1189.4563965327336,227.1517526802219,98.64867958681384,122.49583630319873,3.1517324647551197,482.71693274952764,5.058780030603144,790.0,10.0,1.3919977441195326,2.132414533987511
95.0,2.0,3.0,92.6391,101.0,1.9838432091099938,29.101955983107867,64.56942966030154,29.10195598340597,2.128596646704027,1.7960714178987587,843.2549242073484,137.09135064916677,126.84490055745816,86.83801876854024,3.138020075334946,454.2597996969612,4.03517192856752,700.0,10.0,1.392824914769915,2.834425088926335
95.0,2.0,3.0,92.6391,101.0,1.272076002669019,35.95307470723886,81.60559700197201,35.95307470799522,1.8309972241889167,1.3887570867997716,728.7562747982931,99.85305961942973,139.04193224208436,80.37625125360722,4.180712238054804,491.13148502296417,6.244948972444676,730.0,10.0,1.3837635645558788,2.864058914948824
95.0,2.0,3.0,92.6391,101.0,3.1099422417270963,20.665394995503163,45.32215730135042,20.66539499564853,2.9061039675522826,1.4023432692593698,1184.0380465514288,222.23176242016197,98.76496424680343,119.35892936821237,2.9853910959944923,478.53744285001034,4.862816804354434,750.0,10.0,1.3955691907847059,2.264144256806448
95.0,2.0,3.0,92.6391,101.0,3.961602759655907,18.95574702702806,41.80389631772325,18.955747027242705,3.227983325585751,1.5696492082553957,1323.8011113499758,275.00895023318674,94.28216020842449,138.12130683223566,3.2491602084128526,478.35057168107977,5.277870809383534,770.0,10.0,1.3936784432815594,2.168202648100344
95.0,2.0,3.0,92.6391,101.0,1.9481293013661056,29.410870223852296,65.19832490714401,29.410870224161602,2.0208244963223305,1.8205734653018582,799.5679991023619,127.39698484495618,128.59673473061662,82.36921010229453,2.992459649202636,460.4702548959069,4.0004459827618675,790.0,10.0,1.409058643945284,2.9071414038646894
95.0,2.0,3.0,92.6391,101.0,2.22943808792311,27.545179703192556,61.576199606297735,27.545179703451637,2.347092036124643,1.6438085750925922,939.6294167516874,158.00581725721497,120.61370101816865,97.39542465298592,3.3672481516719523,482.8385018039922,4.8552166198345725,810.0,10.0,1.4304195928949475,2.5383011375347952
95.0,2.0,3.0,92.6391,101.0,4.174559545054721,27.99667186399858,63.04960709153011,27.996671864245187,2.9105557755703875,1.7941800994897246,1153.718163825369,260.83361455328424,110.02987575780939,147.41047103605126,4.600966015413869,473.1227258187664,5.299539118490085,750.0,10.0,1.4290107314024556,2.0756138209347084
95.0,2.0,3.0,92.6391,101.0,4.54886278103837,24.993914571475656,55.59156269630601,24.993914571570247,3.0608668743078375,1.854924198696778,1216.1255713966825,289.86178350473955,105.29150465997104,161.79624840309899,5.05903802976857,475.0006898510283,5.442922487342176,770.0,10.0,1.3949879429490617,2.026649027645325
95.0,2.0,3.0,92.6391,101.0,3.3470932230900763,20.61448988810975,45.185075115418805,20.61448988800199,2.9813880925640968,1.4164125044239007,1211.9197601825722,243.56165085241065,98.09555753967842,128.01233881794195,3.536779972876892,482.79107128459555,5.1410984705653355,790.0,10.0,1.4200169745322455,2.1724085977918723
95.0,2.0,3.0,92.6391,101.0,0.6728877424569109,42.609725173670235,98.88474480215903,42.609725173014986,2.082202580460745,6.8277692841825,690.4679104579575,85.46400508877595,140.59006508584852,108.99880614889582,5.688536751444527,494.67555627551855,4.581047604673868,810.0,10.0,1.4768713437565268,2.2524543411110876
95.0,2.0,3.0,92.6391,101.0,3.3152517795140333,20.17995691355788,44.32832831033659,20.17995691327151,2.9623470297178693,1.4406610598451217,1206.4799333805197,227.02721359099297,97.24248875893771,121.58167820415404,3.073619138572662,473.69619012465586,4.894705189567803,830.0,10.0,1.3980549122511159,2.2322864576446824
80.0,10.0,10.0,92.3555,105.0,3.2271765890463615,30.366531525199512,68.37586694778447,30.36653152502256,1.2891492393885782,1.696326663035092,600.5662771396065,32.70681481486727,180.3153636881327,92.05777574464662,3.1048797430421424,495.32417693557403,5.764812685962256,750.0,20.0,1.4431209855277265,4.420500322615216
80.0,10.0,10.0,92.3555,105.0,1.1423045869012605,38.38321069795452,86.82432900851632,38.38321069777484,1.5809428830109384,1.1189111520355417,651.6713400329282,78.13638270793709,150.2011903240709,74.33982118690473,4.726550828878641,482.235375199267,5.891237653279726,750.0,20.0,1.3624357477445224,3.7408703663642964
80.0,10.0,10.0,92.3555,105.0,0.25,41.0,92.90638,41.0,1.6,1.0,652.1,87.99999999999999,146.0,72.0,5.0,492.309076274381,6.991796037044419,750.0,20.0,1.3553276678910662,3.3009344787916777
80.0,10.0,10.0,92.3555,105.0,0.5,41.0,92.90638,41.0,1.6,1.0,652.1,87.99999999999999,146.0,72.0,5.0,492.40464670988536,7.323243102755111,750.0,20.0,1.3524241958751888,3.206958666781124
80.0,10.0,10.0,92.3555,105.0,1.0,41.0,92.90638,41.0,1.6,1.0,652.1,87.99999999999999,146.0,72.0,5.0,497.9385213968298,6.3314405171894075,750.0,20.0,1.382354707528187,3.5706701557014404
80.0,10.0,10.0,92.3555,105.0,0.5,41.0,92.90638,41.0,1.6,1.0,652.1,87.99999999999999,146.0,72.0,5.0,485.9798305249898,7.1678596704088955,750.0,20.0,1.3458438593256994,3.2983832801602904
94.0,1.5,4.5,92.661475,103.0,0.1,31.0,69.723,31.0,1.81,2.0,578.8,28.899999999999995,136.0,62.0,3.0,494.555702603137,6.984939345769403,680.0,24.0,1.4247618682220757,2.997180702024923
94.0,1.5,4.5,92.661475,103.0,0.25,31.0,69.723,31.0,1.81,2.0,578.8,28.899999999999995,136.0,62.0,3.0,491.5346766171471,6.148551501022407,680.0,24.0,1.4102919446865758,3.265367200001844
94.0,1.5,4.5,92.661475,103.0,0.6386024841029507,13.024632974600266,27.021522130052833,13.024632974189702,1.6100083180350426,1.0061190746971167,577.4706008599616,41.65804264698616,117.99322984476552,52.99238838993679,2.9993276102942747,508.8777548260013,8.08491179161849,680.0,24.0,1.449282189920704,2.287788709874106
80.0,10.0,10.0,92.3555,103.0,1.5187696441265317,55.28720852108399,132.92232601294708,55.28720851749449,1.2171099941491608,5.675663569466482,589.6784096134566,24.925760262092833,191.94648621245335,100.68180374793243,3.3498246216113485,600.0,6.0,800.0,12.0,1.3966815496236442,3.6925645938679437
80.0,10.0,10.0,92.3555,103.0,2.5,21.0,44.956,21.0,1.36,1.0,633.1,18.1,162.0,88.0,3.0,600.0,6.0,800.0,12.0,1.401649082554232,4.231651778058934
80.0,10.0,10.0,92.3555,103.0,5.0,21.0,44.956,21.0,1.36,1.0,633.1,18.1,162.0,88.0,3.0,600.0,6.0,800.0,12.0,1.4671353770933786,4.485620856153901
80.0,10.0,10.0,92.3555,103.0,7.5,21.0,44.956,21.0,1.36,1.0,633.1,18.1,162.0,88.0,3.0,600.0,6.0,800.0,12.0,1.4636150657317446,4.688985521549878
100.0,0.0,0.0,92.70700000000001,103.0,2.0764322361755503,29.067685502007855,64.92981938350056,29.06768550282205,2.1915081524921374,1.6016788985638395,870.7015422365254,143.0169748109638,123.79500035589362,92.0960967961982,3.4200126111496356,494.2163292030813,4.994461978542791,750.0,15.0,1.4093951068239374,2.5884416625934947
100.0,0.0,0.0,92.70700000000001,103.0,0.05,13.0,26.981999999999996,13.0,1.61,1.0,577.5,41.8,118.0,53.0,3.0,526.4393761877657,7.611040121525343,750.0,15.0,1.4465070277495475,2.0251614928528463
100.0,0.0,0.0,92.70700000000001,103.0,0.05,13.0,26.981999999999996,13.0,1.61,1.0,577.5,41.8,118.0,53.0,3.0,512.385642763678,7.914301782153343,750.0,15.0,1.4599916364851746,2.305879989888022
100.0,0.0,0.0,92.70700000000001,103.0,0.05,13.0,26.981999999999996,13.0,1.61,1.0,577.5,41.8,118.0,53.0,3.0,495.79689907324183,6.941952402955054,750.0,15.0,1.4454623379725815,2.619183207520135
100.0,0.0,0.0,92.70700000000001,103.0,0.05,13.0,26.981999999999996,13.0,1.61,1.0,577.5,41.8,118.0,53.0,3.0,514.7302983134597,7.924185051599412,750.0,15.0,1.4502790999227912,2.179002960904986
100.0,0.0,0.0,92.70700000000001,103.0,0.1,13.0,26.981999999999996,13.0,1.61,1.0,577.5,41.8,118.0,53.0,3.0,502.88799653797946,8.129396585141206,750.0,15.0,1.444885980019138,2.29577770400983
100.0,0.0,0.0,92.70700000000001,103.0,0.1,13.0,26.981999999999996,13.0,1.61,1.0,577.5,41.8,118.0,53.0,3.0,505.1836207788986,7.534989648818101,750.0,15.0,1.445563058849498,2.199479139503218
100.0,0.0,0.0,92.70700000000001,103.0,0.1,13.0,26.981999999999996,13.0,1.61,1.0,577.5,41.8,118.0,53.0,3.0,509.19670616393165,8.135402282759706,750.0,15.0,1.4407281919688302,2.261027903282357
100.0,0.0,0.0,92.70700000000001,103.0,0.1,13.0,26.981999999999996,13.0,1.61,1.0,577.5,41.8,118.0,53.0,3.0,513.5762334212018,7.41806144706431,750.0,15.0,1.4511696933441744,2.240162732581121
100.0,0.0,0.0,92.70700000000001,103.0,0.2,13.0,26.981999999999996,13.0,1.61,1.0,577.5,41.8,118.0,53.0,3.0,504.5873688434475,8.354417839019364,750.0,15.0,1.4420684138582078,2.355439936261754
100.0,0.0,0.0,92.70700000000001,103.0,0.2,13.0,26.981999999999996,13.0,1.61,1.0,577.5,41.8,118.0,53.0,3.0,499.03584036830466,8.151230622292632,750.0,15.0,1.4513958040704167,2.32232814181096
100.0,0.0,0.0,92.70700000000001,103.0,0.2,13.0,26.981999999999996,13.0,1.61,1.0,577.5,41.8,118.0,53.0,3.0,506.15711770302113,8.663762992190069,750.0,15.0,1.4567660255163795,2.2769148848618883
100.0,0.0,0.0,92.70700000000001,103.0,0.2,13.0,26.981999999999996,13.0,1.61,1.0,577.5,41.8,118.0,53.0,3.0,510.623306507095,7.371252217253729,750.0,15.0,1.4519449056456815,2.2547538221693593
80.0,10.0,10.0,92.3555,105.0,2.320807333848399,35.3752436740985,80.32399988658959,35.37524367554461,1.5711680579449723,1.6649302201470866,716.7020794585321,58.94807442685237,173.0100068707592,84.92555750398893,3.6456901550113643,477.6003248911691,5.405228218260502,750.0,12.0,1.4028879238752472,3.8143128236744035
80.0,10.0,10.0,92.3555,105.0,0.1,74.0,183.84,74.0,2.36,5.0,770.0,78.6,139.0,66.0,6.0,499.99989365755715,4.0005789291677925,750.0,12.0,1.3796058497279955,2.842746323354339
80.0,10.0,10.0,92.3555,105.0,1.8315241725042855,18.688966767280412,40.06651051762512,18.688966766133216,1.5622604832784595,1.8146515443948659,620.9694536294838,42.20255020280136,131.1060950516902,68.69441711225528,4.034680811161753,480.0,8.0,720.0,12.0,1.3479191415677756,3.924078728854867
80.0,10.0,10.0,92.3555,105.0,2.0,9.0,18.998,9.0,3.98,1.0,1681.0,328.0,64.0,133.0,1.0,602.5261212058617,8.167648900697426,450.0,12.0,1.440233729338333,2.2748973692354464
80.0,10.0,10.0,92.3555,105.0,4.0,9.0,18.998,9.0,3.98,1.0,1681.0,328.0,64.0,133.0,1.0,654.5943631444619,9.314098622198795,450.0,12.0,1.4061100269076754,2.318223004217905
80.0,10.0,10.0,92.3555,105.0,6.0,9.0,18.998,9.0,3.98,1.0,1681.0,328.0,64.0,133.0,1.0,629.1398975622669,8.673815604979023,450.0,12.0,1.4091953179060541,2.3767782452851134
80.0,10.0,10.0,92.3555,105.0,8.0,9.0,18.998,9.0,3.98,1.0,1681.0,328.0,64.0,133.0,1.0,577.7109025807245,7.809572027781258,450.0,12.0,1.3949860893527601,2.2326623551526104
95.0,0.0,3.0,91.54034,105.0,3.546868199152277,18.382567528686703,40.304178837705166,18.382567528833466,3.193555666057031,1.3659268064858026,1314.5874812986983,259.0619657269025,91.86106470172506,127.57128936717731,2.8340003925780404,500.0,6.0,700.0,12.0,1.3976944309785517,2.213442968989123
95.0,0.0,3.0,91.54034,105.0,1.5488712049865896,47.2659243115546,114.15650126412088,47.26592431551095,1.967908985521349,7.126875659024141,791.7173366981259,125.761391240608,144.92021973692258,147.9380049905984,5.463062236193598,500.0,6.0,700.0,12.0,1.4880047403781407,2.4483487060721187
100.0,0.0,0.0,92.70700000000001,105.0,3.5782967201944196,15.979657601998548,34.89251961136626,15.979657602130432,3.360024638614242,1.300162573498867,1388.9475582513242,269.20597488455996,84.72765428355797,128.45318869141934,2.4271787433040113,500.0,6.0,700.0,12.0,1.3958532576363558,2.205914066813382
95.0,0.0,3.0,91.54034,105.0,1.2232870634744188,33.266582630828054,75.18109596140975,33.26658263189036,1.7784057300155882,1.4406823049426896,690.475946356083,83.45746202417666,144.79925095885034,77.39052324614207,3.862961622439648,500.0,6.0,700.0,12.0,1.3789802278567964,3.361898144491246
95.0,0.0,3.0,91.54034,105.0,3.523605177831948,17.223316592062364,37.98342767922633,17.22331659229801,3.3127895927414026,1.4031897391043062,1372.476052637687,266.9008275913518,88.6951827478347,127.96720658175876,2.4412327778419267,500.0,6.0,700.0,12.0,1.4072622587289771,2.2254767031748033
100.0,0.0,0.0,92.70700000000001,105.0,1.5400165207188583,32.482867639879125,72.91386326395873,32.48286764096189,1.7835264879638362,1.477132876358042,703.5533874381791,94.47854982998001,142.7835520397303,78.06747561309015,3.770542821234195,500.0,6.0,700.0,12.0,1.3847499039673488,3.4232005637795226
60.0,20.0,20.0,92.00399999999999,103.0,2.0,24.0,51.996,24.0,1.66,4.0,652.9,64.3,128.0,80.0,6.0,900.0,16.0,600.0,4.0,1.3499851098548368,3.8044218901683493
60.0,20.0,20.0,92.00399999999999,103.0,5.0,9.0,18.998,9.0,3.98,1.0,1681.0,328.0,64.0,133.0,1.0,900.0,16.0,600.0,4.0,1.4287493913467069,2.3936273882341847
16.25,67.5,16.25,90.211375,120.0,0.9840615209659156,23.05456731336383,50.92002075544979,23.054567313303284,1.7159689213605056,2.2669350673546353,685.8547715230308,68.78221405209862,132.31575177413563,93.82261521382297,4.628430702922181,487.73821395259637,5.960041634795372,850.0,12.0,0.4,10.0
16.25,67.5,16.25,90.211375,120.0,1.0,23.0,50.941500000000005,23.0,1.63,1.0,650.9,50.6,134.0,79.0,5.0,489.7012614548049,6.016406655612846,850.0,12.0,0.4,10.0
83.0,5.0,12.0,92.54805,105.0,2.2836471847989364,21.68430645736521,47.17392243248333,21.684306422534505,1.5403662334747308,4.898656058707721,658.6957863808593,7.60568229761457,146.99544050971127,73.99668861077667,2.97888892305018,400.0,4.0,750.0,10.0,1.6774448926145762,2.975091817181049
83.0,5.0,12.0,92.54805,105.0,1.6110616992442623,21.736705904549552,47.30018937312278,21.73670589115316,1.5399143107685018,4.8969771656254855,658.8206427144964,7.5985426299316465,147.01823610891066,74.0581961616562,2.9778108931150937,400.0,4.0,770.0,10.0,1.677152666130222,2.991778110095649
83.0,5.0,12.0,92.54805,105.0,2.8246350598456633,21.378425541804045,46.40950128276696,21.378425540600787,1.5031334414518063,4.844991710239576,683.7044651581501,5.832724746221102,146.70898619950958,73.6197895671906,2.931475332766253,400.0,4.0,790.0,10.0,1.6839247541606428,2.913980738421644
83.0,5.0,12.0,92.54805,105.0,0.72,12.0,24.304999999999996,12.0,1.31,3.0,737.7,0.0,145.0,72.0,2.0,400.0,4.0,770.0,10.0,1.6744044240488936,3.7312682702047493
83.0,5.0,12.0,92.54805,105.0,0.96,12.0,24.304999999999996,12.0,1.31,3.0,737.7,0.0,145.0,72.0,2.0,400.0,4.0,770.0,10.0,1.7971897320228156,2.74415077962683
83.0,5.0,12.0,92.54805,105.0,1.2,12.0,24.304999999999996,12.0,1.31,3.0,737.7,0.0,145.0,72.0,2.0,400.0,4.0,770.0,10.0,1.7131382641134842,2.8214595124228676
83.0,5.0,12.0,92.54805,105.0,1.45,12.0,24.304999999999996,12.0,1.31,3.0,737.7,0.0,145.0,72.0,2.0,400.0,4.0,770.0,10.0,1.6398192385634365,3.701946379800813
82.0,0.0,18.0,92.7502,103.0,2.155541091655365,12.905126664366605,26.775511534610875,12.905126664869544,1.5972346987684212,1.569854418851044,588.1466502164835,36.58683835680849,124.08022639532088,56.72399205527834,2.754550472796439,468.39299737479075,5.1206479565293295,780.0228526293891,10.8343604495833,1.5327896880795113,3.0137209755882215
82.0,0.0,15.0,90.98221,103.0,3.0,13.0,26.981999999999996,13.0,1.61,1.0,577.5,41.8,118.0,53.0,3.0,474.01067293561704,5.297179766564706,777.3965316595859,10.697210223971766,1.5043583837314323,2.9782781517525834
82.0,0.0,15.0,90.98221,103.0,3.0,22.0,47.867,22.0,1.54,5.0,658.8,7.6,147.0,74.0,3.0,395.18411997988926,3.7174409137433737,752.11556538824,9.553267353813878,1.6773576690051402,2.9723937677511514
80.0,10.0,10.0,92.3555,105.0,1.6606854312426647,18.974591996679724,40.37201556013372,18.97459199668949,1.5059576036576456,2.80625650010492,693.8328333652646,43.30024071318977,133.51055780910346,73.61213680729135,4.193315696201688,675.6478203982938,12.77685760523246,654.619280703315,9.66697335407715,1.390745913930557,3.3779308686874217
80.0,10.0,10.0,92.3555,105.0,1.0,12.0,24.304999999999996,12.0,1.31,3.0,737.7,0.0,145.0,72.0,2.0,485.5065475437493,3.75313928740812,784.2954217879451,11.732876523411724,1.8835163699735527,2.8466755477464294
80.0,10.0,10.0,92.3555,105.0,4.888539434881912,17.092005702527906,35.89799271912272,17.09200570191865,0.9560938388720989,2.0067366257217794,494.3032930327809,47.26626857834192,208.77469768066726,114.87229635804684,1.4031070671207841,512.5815273256322,5.302096871373905,781.0628957974927,14.670957798161105,1.4702982237859779,4.801738397957835
80.0,10.0,10.0,92.3555,105.0,5.482431446905039,20.939551915872613,45.683419597574726,20.93955191574464,1.118139489888719,1.6369218118026736,543.9291598097889,39.341087338576706,188.39427954409788,102.08046684209775,2.0611877729850385,504.2507104481714,5.529244728438067,791.7309791159777,14.948735166599503,1.456659608709874,4.7534833944516945
80.0,10.0,10.0,92.3555,105.0,1.2239065314515745,15.93919056803135,33.38958304687582,15.939190567104832,1.5727051855141425,1.7936355208518793,602.8342921878676,39.69219932772282,125.04578756757172,60.8941268861481,3.721184950540182,557.779295309807,10.334686742473327,746.5244792647401,15.72674784274966,1.387571141266294,3.3284429093720296
80.0,10.0,10.0,92.3555,105.0,6.351776639919673,20.16289369237314,43.602303992771986,20.16289369091474,1.042404861105353,1.7278563249780963,523.6998701736568,43.55826948359819,192.02209563765683,104.97786433702436,1.965388151961505,489.3924181097015,5.750758032189193,790.1328632358399,13.919925307125368,1.4576932618695602,4.772846054500627
80.0,10.0,10.0,92.3555,105.0,1.0,57.0,138.90547,57.0,1.1,2.0,538.1,48.0,187.0,103.0,3.0,491.116090055223,5.326382695212063,763.7780086234212,13.300545176489571,1.3773845768565733,4.228264174185274
80.0,10.0,10.0,92.3555,105.0,1.715767033077553,49.515280109635334,118.04171431492317,49.51528010821358,1.3479724438623555,5.284757389171012,635.7202569995318,31.386285699545805,177.6292814578442,97.55771125604586,3.2760907946502162,492.8636971798617,4.980074521930935,789.5308141611218,14.675224788060369,1.3704706316813982,4.4142270104636
80.0,10.0,10.0,92.3555,105.0,3.5354432885497498,31.216768906837554,70.49772398684883,31.21676890622708,1.2021549510722411,2.1251899993499923,585.9551655342431,28.916962456617252,188.19781882790164,101.83207788409004,2.835327434000676,498.0229633776642,5.151840363826404,749.8860125659907,15.382979405524576,1.4555755544728421,4.364143207286929
80.0,10.0,10.0,92.3555,105.0,3.8556951740997945,15.562163905774451,33.25249243402484,15.562163905548923,1.01805548848555,1.434212915578891,514.0226435571414,45.45061849876712,191.66048620133304,104.63138120531208,1.483396884203843,504.2052030768943,5.512728422420097,790.8279331421296,13.423887703657432,1.5471031174475163,4.99706948131878
80.0,10.0,10.0,92.3555,105.0,1.3361014700471048,54.704974328493364,130.9452847425506,54.704974322130546,1.1923355895125443,5.250415530231237,597.2271958835518,22.583542727232725,195.67154357923815,100.1315174082462,3.239311923919902,484.0331357004454,5.995758817828248,766.44212009108,15.400693949730988,1.3936510932141901,3.9390360160875115
80.0,10.0,10.0,92.3555,105.0,1.0,13.0,26.981999999999996,13.0,1.61,1.0,577.5,41.8,118.0,53.0,3.0,512.9449779353926,7.650452667914109,808.7041800949225,15.286490834193591,1.3248336382185586,3.7335875105329377
80.0,10.0,10.0,92.3555,105.0,1.0,22.0,47.867,22.0,1.54,5.0,658.8,7.6,147.0,74.0,3.0,333.0621556471813,2.803429891025228,750.0730498739413,7.785133342076604,1.6763071389957216,2.9949168717759296
80.0,10.0,10.0,92.3555,105.0,1.0,40.0,91.22399999999999,40.0,1.33,5.0,640.1,41.1,160.0,86.0,4.0,503.9640111783049,4.635460714467937,760.8332307677149,13.341779162500242,1.4527203586708237,2.9886263645998232
80.0,10.0,10.0,92.3555,105.0,1.0,73.0,180.94788,73.0,1.5,2.0,761.0,31.0,146.0,72.0,5.0,500.0310057436657,4.990736593882922,830.2287537515045,12.202792716825812,1.371094093006849,4.428442414935461
80.0,10.0,10.0,92.3555,105.0,1.0,41.0,92.90638,41.0,1.6,1.0,652.1,87.99999999999999,146.0,72.0,5.0,480.40763106566726,5.95243083157252,750.0701045573949,15.766335837687759,1.4095946115330702,3.6394756442272658
80.0,10.0,10.0,92.3555,105.0,1.0,42.0,95.95000000000002,42.0,2.16,7.0,684.3,72.1,139.0,69.0,6.0,495.50620564254245,4.632859119425041,760.7100381579652,19.56192154720593,1.4800038984347432,2.324038617157122
80.0,10.0,10.0,92.3555,105.0,1.0,74.0,183.84,74.0,2.36,5.0,770.0,78.6,139.0,66.0,6.0,499.21726520715714,4.000440751117035,750.5907122469366,11.021484070444522,1.374810420715038,2.7711733837229686
80.0,10.0,10.0,92.3555,105.0,1.2894161656465761,44.6991653573032,104.79019100827689,44.69916535863198,1.8704119712745766,6.545836424616246,755.8118221792806,89.77985104149954,148.2266122673144,113.6042747253963,5.160867333890271,490.02772244323575,4.524347562724833,769.5014296731442,12.866924563203197,1.4932929734801421,2.5942808997967717
80.0,10.0,10.0,92.3555,105.0,5.0,19.0,39.098,19.0,0.82,3.0,418.8,48.4,243.0,138.0,1.0,512.2211321379441,5.318208809339502,789.956476687065,14.942101504628496,1.460060333699449,4.61719329460104
80.0,10.0,10.0,92.3555,105.0,5.0,22.0,47.867,22.0,1.54,5.0,658.8,7.6,147.0,74.0,3.0,490.8627153691767,4.352406542057081,783.3403651636403,12.625863762168015,1.683184745928717,2.9181916991390193
80.0,10.0,10.0,92.3555,105.0,0.01,12.0,24.304999999999996,12.0,1.31,3.0,737.7,0.0,145.0,72.0,2.0,550.0,4.0,780.0,12.0,1.881397984946618,2.866586549673216
80.0,10.0,10.0,92.3555,105.0,0.03,12.0,24.304999999999996,12.0,1.31,3.0,737.7,0.0,145.0,72.0,2.0,550.0,4.0,780.0,12.0,1.9028234998389462,2.8552607600860815
80.0,10.0,10.0,92.3555,105.0,0.05,12.0,24.304999999999996,12.0,1.31,3.0,737.7,0.0,145.0,72.0,2.0,550.0,4.0,780.0,12.0,1.8671469899047417,2.8550752001287902
80.0,10.0,10.0,92.3555,105.0,0.06,12.0,24.304999999999996,12.0,1.31,3.0,737.7,0.0,145.0,72.0,2.0,550.0,4.0,780.0,12.0,1.855788200630254,2.850234644502928
92.0,4.0,4.0,92.5664,104.0,2.049834576401637,13.11074915774951,26.954638295063088,13.110749158199303,1.425643197907474,2.00873105561666,672.4742676399771,21.716773999156107,133.80461458420874,65.25853418648062,2.8366738276047365,529.1173073096182,11.13842633321077,745.0,15.0,1.448535386516044,2.6824974193902134
92.0,4.0,4.0,92.5664,104.0,0.1,73.0,180.94788,73.0,1.5,2.0,761.0,31.0,146.0,72.0,5.0,500.6106761820939,5.033352475108794,745.0,15.0,1.3751844224189496,3.4502091087128006
92.0,4.0,4.0,92.5664,104.0,0.2,73.0,180.94788,73.0,1.5,2.0,761.0,31.0,146.0,72.0,5.0,497.46202971850585,5.087854881470215,745.0,15.0,1.3991407321730958,3.4653338759983
92.0,4.0,4.0,92.5664,104.0,0.3,73.0,180.94788,73.0,1.5,2.0,761.0,31.0,146.0,72.0,5.0,501.6656938253873,4.952428559625081,745.0,15.0,1.396172426439992,3.9069457278984023
92.0,4.0,4.0,92.5664,104.0,4.372997252793648,19.128816604760676,41.296564044545796,19.128816604617377,3.1564631475556078,1.713505806253598,1274.893891407793,293.45412628202416,97.24754375266471,155.33383809862943,4.220442641952088,470.21013335032916,5.279573544836442,745.0,15.0,1.4066153649825541,2.0563867494938854
92.0,4.0,4.0,92.5664,104.0,0.1,73.0,180.94788,73.0,1.5,2.0,761.0,31.0,146.0,72.0,5.0,491.97927488592745,5.125483366034507,745.0,15.0,1.401772409616689,3.266204536536677
92.0,4.0,4.0,92.5664,104.0,0.2,73.0,180.94788,73.0,1.5,2.0,761.0,31.0,146.0,72.0,5.0,500.03294219559535,5.053485609821112,745.0,15.0,1.3651085609634273,3.0687374932469496
92.0,4.0,4.0,92.5664,104.0,0.3,73.0,180.94788,73.0,1.5,2.0,761.0,31.0,146.0,72.0,5.0,500.17900025347376,4.990243234150599,745.0,15.0,1.3662327990532233,3.392676650271111
92.0,4.0,4.0,92.5664,104.0,1.9836586845535573,29.296198307441955,65.58187247665123,29.296198308304387,2.151426194816504,1.6892161871214266,847.7293635879984,128.06033351122807,124.54931398179052,89.90731981235899,3.498309812895753,463.6845262399804,4.932490265881413,745.0,15.0,1.41945284325075,2.4707392552276293
92.0,4.0,4.0,92.5664,104.0,0.1,73.0,180.94788,73.0,1.5,2.0,761.0,31.0,146.0,72.0,5.0,477.16504937833304,5.136545306016781,745.0,15.0,1.422317857531941,3.295976308067556
92.0,4.0,4.0,92.5664,104.0,0.2,73.0,180.94788,73.0,1.5,2.0,761.0,31.0,146.0,72.0,5.0,498.1070642091433,5.049668377609659,745.0,15.0,1.3913143617916859,3.2992844127426886
92.0,4.0,4.0,92.5664,104.0,0.3,73.0,180.94788,73.0,1.5,2.0,761.0,31.0,146.0,72.0,5.0,493.61491555239826,5.100183516350413,745.0,15.0,1.3823879467436444,3.8700041185953693
